*** t = 0
*** t = 1
*** t = 2
*** t = 3
0.0 0.12514708713860934 0.0 1.0 0
4.0 1.8758335318988106 4.0 1.0 1
*** t = 4
0.0 0.2502941742772187 0.0 1.0 0
4.0 1.7516670637976213 4.0 1.0 1
4.0 0.12751848048686262 4.0 1.0 2
4.875015559434519 1.0 4.0 1.0 3
*** t = 5
0.0 0.375441261415828 0.0 1.0 0
4.0 1.627500595696432 4.0 1.0 1
4.0 0.25503696097372525 4.0 1.0 2
4.750031118869037 1.0 4.0 1.0 3
0.0 0.1279514670406916 0.0 1.0 4
4.0 1.8724457856784948 4.0 1.0 5
*** t = 6
0.0 0.5005883485544373 0.0 1.0 0
4.0 1.5033341275952425 4.0 1.0 1
4.0 0.38255544146058784 4.0 1.0 2
4.625046678303556 1.0 4.0 1.0 3
0.0 0.2559029340813832 0.0 1.0 4
4.0 1.7448915713569897 4.0 1.0 5
0.0 1.8743900386413448 0.0 1.0 6
*** t = 7
0.0 0.6257354356930467 0.0 1.0 0
4.0 1.3791676594940532 4.0 1.0 1
4.0 0.5100739219474505 4.0 1.0 2
4.500062237738074 1.0 4.0 1.0 3
0.0 0.3838544011220748 0.0 1.0 4
4.0 1.6173373570354845 4.0 1.0 5
0.0 1.7487800772826896 0.0 1.0 6
0.0 0.12140960933617398 0.0 1.0 7
4.0 0.12418537382062335 4.0 1.0 8
4.0 1.8715119007532781 4.0 1.0 9
4.876342634318722 1.0 4.0 1.0 10
*** t = 8
0.0 0.750882522831656 0.0 1.0 0
4.0 1.2550011913928638 4.0 1.0 1
4.0 0.6375924024343131 4.0 1.0 2
4.375077797172593 1.0 4.0 1.0 3
0.0 0.5118058681627664 0.0 1.0 4
4.0 1.4897831427139794 4.0 1.0 5
0.0 1.6231701159240344 0.0 1.0 6
0.0 0.24281921867234796 0.0 1.0 7
4.0 0.2483707476412467 4.0 1.0 8
4.0 1.7430238015065562 4.0 1.0 9
4.752685268637444 1.0 4.0 1.0 10
*** t = 9
0.0 0.8760296099702654 0.0 1.0 0
4.0 1.1308347232916744 4.0 1.0 1
4.0 0.7651108829211758 4.0 1.0 2
4.2500933566071115 1.0 4.0 1.0 3
0.0 0.639757335203458 0.0 1.0 4
4.0 1.3622289283924742 4.0 1.0 5
0.0 1.4975601545653792 0.0 1.0 6
0.0 0.36422882800852197 0.0 1.0 7
4.0 0.37255612146187006 4.0 1.0 8
4.0 1.6145357022598343 4.0 1.0 9
4.6290279029561665 1.0 4.0 1.0 10
0.0 0.12342037733740716 0.0 1.0 11
4.0 1.8734464927865986 4.0 1.0 12
*** t = 10
0.0 1.0 0.0 2.0 0
4.0 1.006668255190485 4.0 1.0 1
4.0 0.8926293634080384 4.0 1.0 2
4.12510891604163 1.0 4.0 1.0 3
0.0 0.7677088022441496 0.0 1.0 4
4.0 1.234674714070969 4.0 1.0 5
0.0 1.371950193206724 0.0 1.0 6
0.0 0.4856384373446959 0.0 1.0 7
4.0 0.4967414952824934 4.0 1.0 8
4.0 1.4860476030131125 4.0 1.0 9
4.505370537274889 1.0 4.0 1.0 10
0.0 0.2468407546748143 0.0 1.0 11
4.0 1.7468929855731972 4.0 1.0 12
4.0 0.12301397496839633 4.0 1.0 13
4.8791877696860375 1.0 4.0 1.0 14
*** t = 11
0.0 1.1251470871386093 0.0 2.0 0
4.0 1.0 0.0 1.0 1
4.0 1.0 4.0 0.0 2
4.000124475476149 1.0 4.0 1.0 3
0.0 0.8956602692848412 0.0 1.0 4
4.0 1.107120499749464 4.0 1.0 5
0.0 1.2463402318480687 0.0 1.0 6
0.0 0.6070480466808699 0.0 1.0 7
4.0 0.6209268691031168 4.0 1.0 8
4.0 1.3575595037663906 4.0 1.0 9
4.381713171593611 1.0 4.0 1.0 10
0.0 0.37026113201222144 0.0 1.0 11
4.0 1.6203394783597957 4.0 1.0 12
4.0 0.24602794993679267 4.0 1.0 13
4.758375539372075 1.0 4.0 1.0 14
0.0 0.12390162814555561 0.0 1.0 15
0.0 1.871989616834156 0.0 1.0 16
4.0 1.871987567751242 4.0 1.0 17
*** t = 12
0.0 1.2502941742772187 0.0 2.0 0
3.875833531898811 1.0 0.0 1.0 1
4.0 0.8724815195131373 4.0 0.0 2
4.0 1.0 0.0 1.0 3
0.0 1.0 0.0 2.0 4
4.0 1.0 0.0 1.0 5
0.0 1.1207302704894135 0.0 1.0 6
0.0 0.7284576560170438 0.0 1.0 7
4.0 0.7451122429237401 4.0 1.0 8
4.0 1.2290714045196687 4.0 1.0 9
4.258055805912333 1.0 4.0 1.0 10
0.0 0.4936815093496286 0.0 1.0 11
4.0 1.4937859711463943 4.0 1.0 12
4.0 0.369041924905189 4.0 1.0 13
4.6375633090581125 1.0 4.0 1.0 14
0.0 0.24780325629111122 0.0 1.0 15
0.0 1.7439792336683122 0.0 1.0 16
4.0 1.7439751355024842 4.0 1.0 17
*** t = 13
0.0 1.375441261415828 0.0 2.0 0
3.7516670637976217 1.0 0.0 1.0 1
4.0 0.7449630390262747 4.0 0.0 2
3.8750155594345186 1.0 0.0 1.0 3
0.0 1.1279514670406916 0.0 2.0 4
3.8724457856784946 1.0 0.0 1.0 5
0.0 1.0 0.0 2.0 6
0.0 0.8498672653532178 0.0 1.0 7
4.0 0.8692976167443635 4.0 1.0 8
4.0 1.1005833052729468 4.0 1.0 9
4.134398440231055 1.0 4.0 1.0 10
0.0 0.6171018866870358 0.0 1.0 11
4.0 1.367232463932993 4.0 1.0 12
4.0 0.49205589987358533 4.0 1.0 13
4.51675107874415 1.0 4.0 1.0 14
0.0 0.3717048844366668 0.0 1.0 15
0.0 1.6159688505024683 0.0 1.0 16
4.0 1.6159627032537263 4.0 1.0 17
0.0 0.13013552213844864 0.0 1.0 18
4.0 0.12362647132326796 4.0 1.0 19
4.0 1.8770623912726876 4.0 1.0 20
4.876867116946165 1.0 4.0 1.0 21
*** t = 14
0.0 1.5005883485544373 0.0 2.0 0
3.6275005956964326 1.0 0.0 1.0 1
4.0 0.617444558539412 4.0 0.0 2
3.750031118869037 1.0 0.0 1.0 3
0.0 1.2559029340813832 0.0 2.0 4
3.7448915713569892 1.0 0.0 1.0 5
0.0 1.1256099613586552 0.0 2.0 6
0.0 0.9712768746893917 0.0 1.0 7
4.0 0.9934829905649868 4.0 1.0 8
4.0 1.0 4.0 0.0 9
4.010741074549777 1.0 4.0 1.0 10
0.0 0.740522264024443 0.0 1.0 11
4.0 1.2406789567195915 4.0 1.0 12
4.0 0.6150698748419816 4.0 1.0 13
4.395938848430188 1.0 4.0 1.0 14
0.0 0.49560651258222244 0.0 1.0 15
0.0 1.4879584673366244 0.0 1.0 16
4.0 1.4879502710049684 4.0 1.0 17
0.0 0.2602710442768973 0.0 1.0 18
4.0 0.2472529426465359 4.0 1.0 19
4.0 1.7541247825453752 4.0 1.0 20
4.753734233892329 1.0 4.0 1.0 21
*** t = 15
0.0 1.6257354356930467 0.0 2.0 0
3.5033341275952434 1.0 0.0 1.0 1
4.0 0.4899260780525494 4.0 0.0 2
3.6250466783035558 1.0 0.0 1.0 3
0.0 1.3838544011220748 0.0 2.0 4
3.617337357035484 1.0 0.0 1.0 5
0.0 1.2512199227173104 0.0 2.0 6
0.0 1.0 4.0 1.0 7
4.0 1.0 4.0 0.0 8
4.0 0.8715119007532782 4.0 0.0 9
4.0 1.0 0.0 1.0 10
0.0 0.8639426413618502 0.0 1.0 11
4.0 1.11412544950619 4.0 1.0 12
4.0 0.7380838498103779 4.0 1.0 13
4.275126618116225 1.0 4.0 1.0 14
0.0 0.619508140727778 0.0 1.0 15
0.0 1.3599480841707805 0.0 1.0 16
4.0 1.3599378387562104 4.0 1.0 17
0.0 0.39040656641534593 0.0 1.0 18
4.0 0.37087941396980384 4.0 1.0 19
4.0 1.6311871738180628 4.0 1.0 20
4.630601350838494 1.0 4.0 1.0 21
0.0 0.12419724849611567 0.0 1.0 22
4.0 1.874433679299837 4.0 1.0 23
*** t = 16
0.0 1.750882522831656 0.0 2.0 0
3.3791676594940543 1.0 0.0 1.0 1
4.0 0.36240759756568675 4.0 0.0 2
3.5000622377380743 1.0 0.0 1.0 3
0.0 1.5118058681627664 0.0 2.0 4
3.4897831427139785 1.0 0.0 1.0 5
0.0 1.3768298840759656 0.0 2.0 6
0.12140960933617398 1.0 4.0 1.0 7
4.0 0.8758146261793767 4.0 0.0 8
4.0 0.7430238015065564 4.0 0.0 9
3.8763426343187226 1.0 0.0 1.0 10
0.0 0.9873630186992574 0.0 1.0 11
4.0 1.0 0.0 1.0 12
4.0 0.8610978247787742 4.0 1.0 13
4.154314387802263 1.0 4.0 1.0 14
0.0 0.7434097688733337 0.0 1.0 15
0.0 1.2319377010049366 0.0 1.0 16
4.0 1.2319254065074525 4.0 1.0 17
0.0 0.5205420885537946 0.0 1.0 18
4.0 0.4945058852930718 4.0 1.0 19
4.0 1.5082495650907504 4.0 1.0 20
4.507468467784658 1.0 4.0 1.0 21
0.0 0.24839449699223135 0.0 1.0 22
4.0 1.7488673585996741 4.0 1.0 23
0.0 1.8763969648395766 0.0 1.0 24
4.0 0.12479279865995654 4.0 1.0 25
4.877687329720784 1.0 4.0 1.0 26
*** t = 17
0.0 1.8760296099702654 0.0 2.0 0
3.255001191392865 1.0 0.0 1.0 1
4.0 0.23488911707882412 4.0 0.0 2
3.375077797172593 1.0 0.0 1.0 3
0.0 1.639757335203458 0.0 2.0 4
3.362228928392473 1.0 0.0 1.0 5
0.0 1.5024398454346208 0.0 2.0 6
0.24281921867234796 1.0 4.0 1.0 7
4.0 0.7516292523587533 4.0 0.0 8
4.0 0.6145357022598347 4.0 0.0 9
3.7526852686374452 1.0 0.0 1.0 10
0.0 1.0 4.0 1.0 11
3.8734464927865986 1.0 0.0 1.0 12
4.0 0.9841117997471704 4.0 1.0 13
4.0335021574883 1.0 4.0 1.0 14
0.0 0.8673113970188893 0.0 1.0 15
0.0 1.1039273178390927 0.0 1.0 16
4.0 1.1039129742586946 4.0 1.0 17
0.0 0.6506776106922432 0.0 1.0 18
4.0 0.6181323566163398 4.0 1.0 19
4.0 1.385311956363438 4.0 1.0 20
4.384335584730823 1.0 4.0 1.0 21
0.0 0.372591745488347 0.0 1.0 22
4.0 1.6233010378995112 4.0 1.0 23
0.0 1.7527939296791533 0.0 1.0 24
4.0 0.2495855973199131 4.0 1.0 25
4.755374659441568 1.0 4.0 1.0 26
0.0 0.12503676244131984 0.0 1.0 27
4.0 1.8785875578473141 4.0 1.0 28
*** t = 18
3.130834723291676 1.0 0.0 1.0 1
4.0 0.1073706365919615 4.0 0.0 2
3.2500933566071115 1.0 0.0 1.0 3
0.0 1.7677088022441496 0.0 2.0 4
3.2346747140709677 1.0 0.0 1.0 5
0.0 1.628049806793276 0.0 2.0 6
0.36422882800852197 1.0 4.0 1.0 7
4.0 0.62744387853813 4.0 0.0 8
4.0 0.4860476030131129 4.0 0.0 9
3.629027902956168 1.0 0.0 1.0 10
0.12342037733740716 1.0 4.0 1.0 11
3.746892985573197 1.0 0.0 1.0 12
4.0 1.0 4.0 2.0 13
4.0 1.0 4.0 0.0 14
0.0 0.9912130251644449 0.0 1.0 15
0.0 1.0 0.0 0.0 16
4.0 1.0 0.0 1.0 17
0.0 0.7808131328306918 0.0 1.0 18
4.0 0.7417588279396078 4.0 1.0 19
4.0 1.2623743476361255 4.0 1.0 20
4.261202701676988 1.0 4.0 1.0 21
0.0 0.4967889939844627 0.0 1.0 22
4.0 1.4977347171993483 4.0 1.0 23
0.0 1.62919089451873 0.0 1.0 24
4.0 0.37437839597986966 4.0 1.0 25
4.633061989162352 1.0 4.0 1.0 26
0.0 0.2500735248826397 0.0 1.0 27
4.0 1.7571751156946283 4.0 1.0 28
*** t = 19
3.006668255190487 1.0 0.0 1.0 1
3.12510891604163 1.0 0.0 1.0 3
0.0 1.8956602692848412 0.0 2.0 4
3.1071204997494624 1.0 0.0 1.0 5
0.0 1.7536597681519313 0.0 2.0 6
0.4856384373446959 1.0 4.0 1.0 7
4.0 0.5032585047175067 4.0 0.0 8
4.0 0.3575595037663911 4.0 0.0 9
3.5053705372748905 1.0 0.0 1.0 10
0.2468407546748143 1.0 4.0 1.0 11
3.6203394783597957 1.0 0.0 1.0 12
4.0 1.1230139749683963 4.0 2.0 13
4.0 0.8791877696860377 4.0 0.0 14
0.0 1.0 4.0 1.0 15
0.0 0.8719896168341561 0.0 0.0 16
3.8719875677512423 1.0 0.0 1.0 17
0.0 0.9109486549691403 0.0 1.0 18
4.0 0.8653852992628758 4.0 1.0 19
4.0 1.1394367389088131 4.0 1.0 20
4.138069818623152 1.0 4.0 1.0 21
0.0 0.6209862424805783 0.0 1.0 22
4.0 1.3721683964991853 4.0 1.0 23
0.0 1.5055878593583065 0.0 1.0 24
4.0 0.4991711946398262 4.0 1.0 25
4.510749318883136 1.0 4.0 1.0 26
0.0 0.3751102873239595 0.0 1.0 27
4.0 1.6357626735419424 4.0 1.0 28
0.0 0.1251697527428352 0.0 1.0 29
4.0 0.12389244156902675 4.0 1.0 30
4.0 1.8742637254686558 4.0 1.0 31
4.873431146333191 1.0 4.0 1.0 32
*** t = 20
2.8825017870892977 1.0 0.0 1.0 1
3.0001244754761487 1.0 0.0 1.0 3
2.979566285427957 1.0 0.0 1.0 5
0.0 1.8792697295105865 0.0 2.0 6
0.6070480466808699 1.0 4.0 1.0 7
4.0 0.3790731308968833 4.0 0.0 8
4.0 0.2290714045196693 4.0 0.0 9
3.381713171593613 1.0 0.0 1.0 10
0.37026113201222144 1.0 4.0 1.0 11
3.4937859711463943 1.0 0.0 1.0 12
4.0 1.2460279499367926 4.0 2.0 13
4.0 0.7583755393720755 4.0 0.0 14
0.12390162814555561 1.0 4.0 1.0 15
0.0 0.7439792336683122 0.0 0.0 16
3.7439751355024846 1.0 0.0 1.0 17
0.0 1.0 4.0 1.0 18
4.0 0.9890117705861438 4.0 1.0 19
4.0 1.0164991301815007 4.0 1.0 20
4.014936935569317 1.0 4.0 1.0 21
0.0 0.745183490976694 0.0 1.0 22
4.0 1.2466020757990224 4.0 1.0 23
0.0 1.3819848241978832 0.0 1.0 24
4.0 0.6239639932997827 4.0 1.0 25
4.3884366486039195 1.0 4.0 1.0 26
0.0 0.5001470497652794 0.0 1.0 27
4.0 1.5143502313892565 4.0 1.0 28
0.0 0.2503395054856704 0.0 1.0 29
4.0 0.2477848831380535 4.0 1.0 30
4.0 1.7485274509373117 4.0 1.0 31
4.746862292666382 1.0 4.0 1.0 32
*** t = 21
2.7583353189881086 1.0 0.0 1.0 1
2.8751400349106673 1.0 0.0 1.0 3
2.8520120711064516 1.0 0.0 1.0 5
0.7284576560170438 1.0 4.0 1.0 7
4.0 0.25488775707626 4.0 0.0 8
4.0 0.10058330527294751 4.0 0.0 9
3.2580558059123357 1.0 0.0 1.0 10
0.4936815093496286 1.0 4.0 1.0 11
3.367232463932993 1.0 0.0 1.0 12
4.0 1.3690419249051888 4.0 2.0 13
4.0 0.6375633090581132 4.0 0.0 14
0.24780325629111122 1.0 4.0 1.0 15
0.0 0.6159688505024683 0.0 0.0 16
3.615962703253727 1.0 0.0 1.0 17
0.13013552213844864 1.0 4.0 1.0 18
4.0 1.0 0.0 1.0 19
4.0 1.0 0.0 1.0 20
4.0 1.0 5.0 1.0 21
0.0 0.8693807394728097 0.0 1.0 22
4.0 1.1210357550988594 4.0 1.0 23
0.0 1.2583817890374598 0.0 1.0 24
4.0 0.7487567919597392 4.0 1.0 25
4.266123978324703 1.0 4.0 1.0 26
0.0 0.6251838122065991 0.0 1.0 27
4.0 1.3929377892365706 4.0 1.0 28
0.0 0.3755092582285056 0.0 1.0 29
4.0 0.37167732470708026 4.0 1.0 30
4.0 1.6227911764059675 4.0 1.0 31
4.620293438999573 1.0 4.0 1.0 32
0.0 0.1224834249879467 0.0 1.0 33
0.0 1.8745195847381209 0.0 1.0 34
4.0 1.881782030468163 4.0 1.0 35
*** t = 22
2.6341688508869194 1.0 0.0 1.0 1
2.750155594345186 1.0 0.0 1.0 3
2.7244578567849462 1.0 0.0 1.0 5
0.8498672653532178 1.0 4.0 1.0 7
4.0 0.13070238325563666 4.0 0.0 8
3.1343984402310583 1.0 0.0 1.0 10
0.6171018866870358 1.0 4.0 1.0 11
3.2406789567195915 1.0 0.0 1.0 12
4.0 1.4920558998735851 4.0 2.0 13
4.0 0.5167510787441509 4.0 0.0 14
0.3717048844366668 1.0 4.0 1.0 15
0.0 0.48795846733662435 0.0 0.0 16
3.4879502710049692 1.0 0.0 1.0 17
0.2602710442768973 1.0 4.0 1.0 18
3.8763735286767322 1.0 0.0 1.0 19
3.8770623912726876 1.0 0.0 1.0 20
4.123132883053835 1.0 5.0 1.0 21
0.0 0.9935779879689254 0.0 1.0 22
4.0 1.0 4.0 0.0 23
0.0 1.1347787538770364 0.0 1.0 24
4.0 0.8735495906196957 4.0 1.0 25
4.143811308045487 1.0 4.0 1.0 26
0.0 0.7502205746479189 0.0 1.0 27
4.0 1.2715253470838848 4.0 1.0 28
0.0 0.5006790109713408 0.0 1.0 29
4.0 0.495569766276107 4.0 1.0 30
4.0 1.4970549018746233 4.0 1.0 31
4.493724585332764 1.0 4.0 1.0 32
0.0 0.2449668499758934 0.0 1.0 33
0.0 1.7490391694762417 0.0 1.0 34
4.0 1.763564060936326 4.0 1.0 35
4.0 0.1269797457121044 4.0 1.0 36
4.874629502256111 1.0 4.0 1.0 37
*** t = 23
2.5100023827857303 1.0 0.0 1.0 1
2.6251711537797044 1.0 0.0 1.0 3
2.596903642463441 1.0 0.0 1.0 5
0.9712768746893917 1.0 4.0 1.0 7
4.0 0.006517009435013307 4.0 0.0 8
3.010741074549781 1.0 0.0 1.0 10
0.740522264024443 1.0 4.0 1.0 11
3.11412544950619 1.0 0.0 1.0 12
4.0 1.6150698748419814 4.0 2.0 13
4.0 0.3959388484301886 4.0 0.0 14
0.49560651258222244 1.0 4.0 1.0 15
0.0 0.3599480841707804 0.0 0.0 16
3.3599378387562115 1.0 0.0 1.0 17
0.39040656641534593 1.0 4.0 1.0 18
3.7527470573534645 1.0 0.0 1.0 19
3.754124782545375 1.0 0.0 1.0 20
4.246265766107671 1.0 5.0 1.0 21
0.0 1.0 4.0 1.0 22
4.0 0.8744336792998372 4.0 0.0 23
0.0 1.011175718716613 0.0 1.0 24
4.0 0.9983423892796522 4.0 1.0 25
4.021498637766271 1.0 4.0 1.0 26
0.0 0.8752573370892387 0.0 1.0 27
4.0 1.1501129049311989 4.0 1.0 28
0.0 0.6258487637141761 0.0 1.0 29
4.0 0.6194622078451337 4.0 1.0 30
4.0 1.3713186273432791 4.0 1.0 31
4.367155731665955 1.0 4.0 1.0 32
0.0 0.3674502749638401 0.0 1.0 33
0.0 1.6235587542143626 0.0 1.0 34
4.0 1.6453460914044888 4.0 1.0 35
4.0 0.2539594914242088 4.0 1.0 36
4.749259004512222 1.0 4.0 1.0 37
0.0 0.12504041449073233 0.0 1.0 38
4.0 1.8764732119943965 4.0 1.0 39
*** t = 24
2.385835914684541 1.0 0.0 1.0 1
2.500186713214223 1.0 0.0 1.0 3
2.4693494281419355 1.0 0.0 1.0 5
1.0926864840255657 1.0 4.0 1.0 7
2.8870837088685035 1.0 0.0 1.0 10
0.8639426413618502 1.0 4.0 1.0 11
2.9875719422927887 1.0 0.0 1.0 12
4.0 1.7380838498103777 4.0 2.0 13
4.0 0.2751266181162263 4.0 0.0 14
0.619508140727778 1.0 4.0 1.0 15
0.0 0.23193770100493644 0.0 0.0 16
3.231925406507454 1.0 0.0 1.0 17
0.5205420885537946 1.0 4.0 1.0 18
3.6291205860301967 1.0 0.0 1.0 19
3.6311871738180628 1.0 0.0 1.0 20
4.369398649161506 1.0 5.0 1.0 21
0.12419724849611567 1.0 4.0 1.0 22
4.0 0.7488673585996743 4.0 0.0 23
0.0 1.0 4.0 1.0 24
4.0 1.0 0.0 1.0 25
4.0 1.0 0.0 1.0 26
0.0 1.0 0.0 0.0 27
4.0 1.028700462778513 4.0 1.0 28
0.0 0.7510185164570113 0.0 1.0 29
4.0 0.7433546494141605 4.0 1.0 30
4.0 1.245582352811935 4.0 1.0 31
4.240586877999146 1.0 4.0 1.0 32
0.0 0.4899336999517868 0.0 1.0 33
0.0 1.4980783389524834 0.0 1.0 34
4.0 1.5271281218726518 4.0 1.0 35
4.0 0.3809392371363132 4.0 1.0 36
4.623888506768333 1.0 4.0 1.0 37
0.0 0.25008082898146466 0.0 1.0 38
4.0 1.752946423988793 4.0 1.0 39
*** t = 25
2.261669446583352 1.0 0.0 1.0 1
2.3752022726487416 1.0 0.0 1.0 3
2.34179521382043 1.0 0.0 1.0 5
1.2140960933617397 1.0 4.0 1.0 7
2.763426343187226 1.0 0.0 1.0 10
0.9873630186992574 1.0 4.0 1.0 11
2.8610184350793872 1.0 0.0 1.0 12
4.0 1.861097824778774 4.0 2.0 13
4.0 0.15431438780226397 4.0 0.0 14
0.7434097688733337 1.0 4.0 1.0 15
0.0 0.10392731783909248 0.0 0.0 16
3.103912974258696 1.0 0.0 1.0 17
0.6506776106922432 1.0 4.0 1.0 18
3.505494114706929 1.0 0.0 1.0 19
3.5082495650907504 1.0 0.0 1.0 20
4.492531532215342 1.0 5.0 1.0 21
0.24839449699223135 1.0 4.0 1.0 22
4.0 0.6233010378995115 4.0 0.0 23
0.12360303516042331 1.0 4.0 1.0 24
3.8752072013400434 1.0 0.0 1.0 25
3.877687329720784 1.0 0.0 1.0 26
0.0 0.8749632375586802 0.0 0.0 27
4.0 1.0 0.0 1.0 28
0.0 0.8761882691998466 0.0 1.0 29
4.0 0.8672470909831873 4.0 1.0 30
4.0 1.1198460782805908 4.0 1.0 31
4.114018024332337 1.0 4.0 1.0 32
0.0 0.6124171249397335 0.0 1.0 33
0.0 1.3725979236906043 0.0 1.0 34
4.0 1.4089101523408147 4.0 1.0 35
4.0 0.5079189828484176 4.0 1.0 36
4.498518009024444 1.0 4.0 1.0 37
0.0 0.375121243472197 0.0 1.0 38
4.0 1.6294196359831896 4.0 1.0 39
0.0 0.12413543627361415 0.0 1.0 40
4.0 0.12298364971670629 4.0 1.0 41
4.0 1.87224268446385 4.0 1.0 42
4.8761845873098695 1.0 4.0 1.0 43
*** t = 26
2.137502978482163 1.0 0.0 1.0 1
2.25021783208326 1.0 0.0 1.0 3
2.2142409994989247 1.0 0.0 1.0 5
1.3355057026979138 1.0 4.0 1.0 7
2.6397689775059487 1.0 0.0 1.0 10
1.1107833960366644 1.0 4.0 1.0 11
2.734464927865986 1.0 0.0 1.0 12
4.0 1.9841117997471702 4.0 2.0 13
4.0 0.033502157488301654 4.0 0.0 14
0.8673113970188893 1.0 4.0 1.0 15
2.9759005420099385 1.0 0.0 1.0 17
0.7808131328306918 1.0 4.0 1.0 18
3.381867643383661 1.0 0.0 1.0 19
3.385311956363438 1.0 0.0 1.0 20
4.615664415269177 1.0 5.0 1.0 21
0.372591745488347 1.0 4.0 1.0 22
4.0 0.4977347171993487 4.0 0.0 23
0.24720607032084663 1.0 4.0 1.0 24
3.7504144026800867 1.0 0.0 1.0 25
3.755374659441568 1.0 0.0 1.0 26
0.0 0.7499264751173604 0.0 0.0 27
3.878587557847314 1.0 0.0 1.0 28
0.0 1.0 0.0 2.0 29
4.0 0.9911395325522141 4.0 1.0 30
4.0 1.0 4.0 2.0 31
4.0 1.0 0.0 1.0 32
0.0 0.7349005499276803 0.0 1.0 33
0.0 1.2471175084287252 0.0 1.0 34
4.0 1.2906921828089777 4.0 1.0 35
4.0 0.6348987285605221 4.0 1.0 36
4.373147511280555 1.0 4.0 1.0 37
0.0 0.5001616579629293 0.0 1.0 38
4.0 1.5058928479775862 4.0 1.0 39
0.0 0.2482708725472283 0.0 1.0 40
4.0 0.24596729943341258 4.0 1.0 41
4.0 1.7444853689277 4.0 1.0 42
4.752369174619739 1.0 4.0 1.0 43
0.0 1.8783436119007495 0.0 1.0 44
*** t = 27
2.0133365103809737 1.0 0.0 1.0 1
2.125233391517779 1.0 0.0 1.0 3
2.0866867851774193 1.0 0.0 1.0 5
1.4569153120340879 1.0 4.0 1.0 7
2.5161116118246714 1.0 0.0 1.0 10
1.2342037733740716 1.0 4.0 1.0 11
2.6079114206525844 1.0 0.0 1.0 12
0.9912130251644449 1.0 4.0 1.0 15
2.847888109761181 1.0 0.0 1.0 17
0.9109486549691403 1.0 4.0 1.0 18
3.2582411720603934 1.0 0.0 1.0 19
3.2623743476361255 1.0 0.0 1.0 20
4.738797298323012 1.0 5.0 1.0 21
0.4967889939844627 1.0 4.0 1.0 22
4.0 0.37216839649918587 4.0 0.0 23
0.37080910548126994 1.0 4.0 1.0 24
3.62562160402013 1.0 0.0 1.0 25
3.6330619891623517 1.0 0.0 1.0 26
0.0 0.6248897126760407 0.0 0.0 27
3.7571751156946283 1.0 0.0 1.0 28
0.0 1.1251697527428353 0.0 2.0 29
4.0 1.0 0.0 1.0 30
4.0 1.1257362745313442 4.0 2.0 31
3.8734311463331905 1.0 0.0 1.0 32
0.0 0.857383974915627 0.0 1.0 33
0.0 1.121637093166846 0.0 1.0 34
4.0 1.1724742132771406 4.0 1.0 35
4.0 0.7618784742726266 4.0 1.0 36
4.247777013536666 1.0 4.0 1.0 37
0.0 0.6252020724536617 0.0 1.0 38
4.0 1.3823660599719827 4.0 1.0 39
0.0 0.37240630882084247 0.0 1.0 40
4.0 0.3689509491501189 4.0 1.0 41
4.0 1.61672805339155 4.0 1.0 42
4.628553761929608 1.0 4.0 1.0 43
0.0 1.756687223801499 0.0 1.0 44
0.0 0.12826027213790264 0.0 1.0 45
4.0 1.8739742478854122 4.0 1.0 46
*** t = 28
1.8891700422797844 1.0 0.0 1.0 1
2.0002489509522974 1.0 0.0 1.0 3
1.9591325708559142 1.0 0.0 1.0 5
1.578324921370262 1.0 4.0 1.0 7
2.392454246143394 1.0 0.0 1.0 10
1.3576241507114788 1.0 4.0 1.0 11
2.481357913439183 1.0 0.0 1.0 12
1.1151146533100005 1.0 4.0 1.0 15
2.719875677512423 1.0 0.0 1.0 17
1.041084177107589 1.0 4.0 1.0 18
3.1346147007371257 1.0 0.0 1.0 19
3.139436738908813 1.0 0.0 1.0 20
4.861930181376848 1.0 5.0 1.0 21
0.6209862424805783 1.0 4.0 1.0 22
4.0 0.24660207579902302 4.0 0.0 23
0.49441214064169325 1.0 4.0 1.0 24
3.5008288053601735 1.0 0.0 1.0 25
3.5107493188831356 1.0 0.0 1.0 26
0.0 0.4998529502347208 0.0 0.0 27
3.6357626735419424 1.0 0.0 1.0 28
0.0 1.2503395054856705 0.0 2.0 29
3.876107558430973 1.0 0.0 1.0 30
4.0 1.2514725490626883 4.0 2.0 31
3.746862292666381 1.0 0.0 1.0 32
0.0 0.9798673999035737 0.0 1.0 33
0.0 1.0 0.0 0.0 34
4.0 1.0542562437453036 4.0 1.0 35
4.0 0.888858219984731 4.0 1.0 36
4.122406515792777 1.0 4.0 1.0 37
0.0 0.750242486944394 0.0 1.0 38
4.0 1.2588392719663792 4.0 1.0 39
0.0 0.4965417450944566 0.0 1.0 40
4.0 0.49193459886682517 4.0 1.0 41
4.0 1.4889707378554 4.0 1.0 42
4.504738349239478 1.0 4.0 1.0 43
0.0 1.6350308357022485 0.0 1.0 44
0.0 0.2565205442758053 0.0 1.0 45
4.0 1.7479484957708245 4.0 1.0 46
4.0 0.12455957170238038 4.0 1.0 47
4.878676459962732 1.0 4.0 1.0 48
*** t = 29
1.765003574178595 1.0 0.0 1.0 1
1.8752645103868157 1.0 0.0 1.0 3
1.831578356534409 1.0 0.0 1.0 5
1.699734530706436 1.0 4.0 1.0 7
2.2687968804621166 1.0 0.0 1.0 10
1.481044528048886 1.0 4.0 1.0 11
2.3548044062257816 1.0 0.0 1.0 12
1.239016281455556 1.0 4.0 1.0 15
2.5918632452636654 1.0 0.0 1.0 17
1.1712196992460375 1.0 4.0 1.0 18
3.010988229413858 1.0 0.0 1.0 19
3.0164991301815007 1.0 0.0 1.0 20
4.985063064430683 1.0 5.0 1.0 21
0.745183490976694 1.0 4.0 1.0 22
4.0 0.12103575509886016 4.0 0.0 23
0.6180151758021166 1.0 4.0 1.0 24
3.376036006700217 1.0 0.0 1.0 25
3.3884366486039195 1.0 0.0 1.0 26
0.0 0.374816187793401 0.0 0.0 27
3.5143502313892565 1.0 0.0 1.0 28
0.0 1.3755092582285058 0.0 2.0 29
3.7522151168619464 1.0 0.0 1.0 30
4.0 1.3772088235940325 4.0 2.0 31
3.6202934389995716 1.0 0.0 1.0 32
0.0 1.0 0.0 2.0 33
0.0 0.8745195847381209 0.0 0.0 34
4.0 1.0 4.0 0.0 35
4.0 1.0 4.0 0.0 36
4.0 1.0 4.0 0.0 37
0.0 0.8752829014351263 0.0 1.0 38
4.0 1.1353124839607758 4.0 1.0 39
0.0 0.6206771813680707 0.0 1.0 40
4.0 0.6149182485835315 4.0 1.0 41
4.0 1.36121342231925 4.0 1.0 42
4.380922936549347 1.0 4.0 1.0 43
0.0 1.513374447602998 0.0 1.0 44
0.0 0.3847808164137079 0.0 1.0 45
4.0 1.6219227436562367 4.0 1.0 46
4.0 0.24911914340476077 4.0 1.0 47
4.757352919925465 1.0 4.0 1.0 48
0.0 0.12434502512166824 0.0 1.0 49
4.0 1.873689724435376 4.0 1.0 50
*** t = 30
1.6408371060774056 1.0 0.0 1.0 1
1.750280069821334 1.0 0.0 1.0 3
1.7040241422129039 1.0 0.0 1.0 5
1.82114414004261 1.0 4.0 1.0 7
2.145139514780839 1.0 0.0 1.0 10
1.6044649053862932 1.0 4.0 1.0 11
2.22825089901238 1.0 0.0 1.0 12
1.3629179096011117 1.0 4.0 1.0 15
2.4638508130149077 1.0 0.0 1.0 17
1.3013552213844861 1.0 4.0 1.0 18
2.88736175809059 1.0 0.0 1.0 19
2.8935615214541883 1.0 0.0 1.0 20
0.8693807394728097 1.0 4.0 1.0 22
0.74161821096254 1.0 4.0 1.0 24
3.2512432080402602 1.0 0.0 1.0 25
3.2661239783247034 1.0 0.0 1.0 26
0.0 0.24977942535208114 0.0 0.0 27
3.3929377892365706 1.0 0.0 1.0 28
0.0 1.500679010971341 0.0 2.0 29
3.6283226752929196 1.0 0.0 1.0 30
4.0 1.5029450981253767 4.0 2.0 31
3.493724585332762 1.0 0.0 1.0 32
0.0 1.1224834249879467 0.0 2.0 33
0.0 0.7490391694762417 0.0 0.0 34
4.0 0.8817820304681631 4.0 0.0 35
4.0 0.8730202542878955 4.0 0.0 36
4.0 0.8746295022561109 4.0 0.0 37
0.0 1.0 4.0 1.0 38
4.0 1.0117856959551723 4.0 1.0 39
0.0 0.7448126176416848 0.0 1.0 40
4.0 0.7379018983002378 4.0 1.0 41
4.0 1.2334561067831 4.0 1.0 42
4.257107523859217 1.0 4.0 1.0 43
0.0 1.3917180595037475 0.0 1.0 44
0.0 0.5130410885516106 0.0 1.0 45
4.0 1.495896991541649 4.0 1.0 46
4.0 0.3736787151071411 4.0 1.0 47
4.636029379888197 1.0 4.0 1.0 48
0.0 0.24869005024333649 0.0 1.0 49
4.0 1.7473794488707521 4.0 1.0 50
*** t = 31
1.5166706379762163 1.0 0.0 1.0 1
1.6252956292558525 1.0 0.0 1.0 3
1.5764699278913987 1.0 0.0 1.0 5
1.9425537493787841 1.0 4.0 1.0 7
2.021482149099562 1.0 0.0 1.0 10
1.7278852827237003 1.0 4.0 1.0 11
2.1016973917989787 1.0 0.0 1.0 12
1.4868195377466673 1.0 4.0 1.0 15
2.33583838076615 1.0 0.0 1.0 17
1.4314907435229347 1.0 4.0 1.0 18
2.7637352867673224 1.0 0.0 1.0 19
2.770623912726876 1.0 0.0 1.0 20
0.9935779879689254 1.0 4.0 1.0 22
0.8652212461229634 1.0 4.0 1.0 24
3.1264504093803036 1.0 0.0 1.0 25
3.1438113080454873 1.0 0.0 1.0 26
0.0 0.1247426629107613 0.0 0.0 27
3.2715253470838848 1.0 0.0 1.0 28
0.0 1.6258487637141763 0.0 2.0 29
3.504430233723893 1.0 0.0 1.0 30
4.0 1.6286813726567209 4.0 2.0 31
3.3671557316659526 1.0 0.0 1.0 32
0.0 1.2449668499758935 0.0 2.0 33
0.0 0.6235587542143626 0.0 0.0 34
4.0 0.7635640609363261 4.0 0.0 35
4.0 0.7460405085757911 4.0 0.0 36
4.0 0.7492590045122218 4.0 0.0 37
0.12504041449073233 1.0 4.0 1.0 38
4.0 1.0 4.0 2.0 39
0.0 0.868948053915299 0.0 1.0 40
4.0 0.8608855480169441 4.0 1.0 41
4.0 1.10569879124695 4.0 1.0 42
4.133292111169086 1.0 4.0 1.0 43
0.0 1.270061671404497 0.0 1.0 44
0.0 0.6413013606895133 0.0 1.0 45
4.0 1.3698712394270611 4.0 1.0 46
4.0 0.49823828680952154 4.0 1.0 47
4.514705839850929 1.0 4.0 1.0 48
0.0 0.37303507536500474 0.0 1.0 49
4.0 1.6210691733061282 4.0 1.0 50
0.0 0.1282781363201497 0.0 1.0 51
0.0 1.8770997057298446 0.0 1.0 52
4.0 0.12389894561006227 4.0 1.0 53
4.0 1.8740202058014974 4.0 1.0 54
4.876713698445834 1.0 4.0 1.0 55
*** t = 32
1.392504169875027 1.0 0.0 1.0 1
1.5003111886903708 1.0 0.0 1.0 3
1.4489157135698936 1.0 0.0 1.0 5
2.063963358714958 1.0 4.0 1.0 7
1.8978247834182844 1.0 0.0 1.0 10
1.8513056600611075 1.0 4.0 1.0 11
1.9751438845855773 1.0 0.0 1.0 12
1.610721165892223 1.0 4.0 1.0 15
2.2078259485173923 1.0 0.0 1.0 17
1.5616262656613833 1.0 4.0 1.0 18
2.6401088154440546 1.0 0.0 1.0 19
2.6476863039995635 1.0 0.0 1.0 20
1.117775236465041 1.0 4.0 1.0 22
0.9888242812833867 1.0 4.0 1.0 24
3.001657610720347 1.0 0.0 1.0 25
3.021498637766271 1.0 0.0 1.0 26
3.150112904931199 1.0 0.0 1.0 28
0.0 1.7510185164570116 0.0 2.0 29
3.380537792154866 1.0 0.0 1.0 30
4.0 1.754417647188065 4.0 2.0 31
3.240586877999143 1.0 0.0 1.0 32
0.0 1.3674502749638402 0.0 2.0 33
0.0 0.4980783389524835 0.0 0.0 34
4.0 0.6453460914044892 4.0 0.0 35
4.0 0.6190607628636866 4.0 0.0 36
4.0 0.6238885067683327 4.0 0.0 37
0.25008082898146466 1.0 4.0 1.0 38
4.0 1.1235267880056035 4.0 2.0 39
0.0 0.9930834901889131 0.0 1.0 40
4.0 0.9838691977336503 4.0 1.0 41
4.0 1.0 4.0 0.0 42
4.009476698478956 1.0 4.0 1.0 43
0.0 1.1484052833052465 0.0 1.0 44
0.0 0.769561632827416 0.0 1.0 45
4.0 1.2438454873124734 4.0 1.0 46
4.0 0.622797858511902 4.0 1.0 47
4.393382299813662 1.0 4.0 1.0 48
0.0 0.49738010048667297 0.0 1.0 49
4.0 1.4947588977415043 4.0 1.0 50
0.0 0.2565562726402994 0.0 1.0 51
0.0 1.7541994114596893 0.0 1.0 52
4.0 0.24779789122012455 4.0 1.0 53
4.0 1.7480404116029948 4.0 1.0 54
4.753427396891668 1.0 4.0 1.0 55
*** t = 33
1.2683377017738375 1.0 0.0 1.0 1
1.3753267481248892 1.0 0.0 1.0 3
1.3213614992483884 1.0 0.0 1.0 5
2.185372968051132 1.0 4.0 1.0 7
1.774167417737007 1.0 0.0 1.0 10
1.9747260373985147 1.0 4.0 1.0 11
1.848590377372176 1.0 0.0 1.0 12
1.7346227940377785 1.0 4.0 1.0 15
2.0798135162686346 1.0 0.0 1.0 17
1.6917617877998319 1.0 4.0 1.0 18
2.516482344120787 1.0 0.0 1.0 19
2.524748695272251 1.0 0.0 1.0 20
1.2419724849611566 1.0 4.0 1.0 22
1.11242731644381 1.0 4.0 1.0 24
2.8768648120603904 1.0 0.0 1.0 25
2.899185967487055 1.0 0.0 1.0 26
3.028700462778513 1.0 0.0 1.0 28
0.0 1.8761882691998468 0.0 2.0 29
3.2566453505858393 1.0 0.0 1.0 30
4.0 1.8801539217194092 4.0 2.0 31
3.1140180243323337 1.0 0.0 1.0 32
0.0 1.489933699951787 0.0 2.0 33
0.0 0.3725979236906044 0.0 0.0 34
4.0 0.5271281218726522 4.0 0.0 35
4.0 0.4920810171515822 4.0 0.0 36
4.0 0.49851800902444365 4.0 0.0 37
0.375121243472197 1.0 4.0 1.0 38
4.0 1.247053576011207 4.0 2.0 39
0.0 1.0 4.0 1.0 40
4.0 1.0 4.0 2.0 41
4.0 0.87224268446385 4.0 0.0 42
4.0 1.0 0.0 1.0 43
0.0 1.026748895205996 0.0 1.0 44
0.0 0.8978219049653187 0.0 1.0 45
4.0 1.1178197351978856 4.0 1.0 46
4.0 0.7473574302142824 4.0 1.0 47
4.272058759776394 1.0 4.0 1.0 48
0.0 0.6217251256083413 0.0 1.0 49
4.0 1.3684486221768803 4.0 1.0 50
0.0 0.38483440896044907 0.0 1.0 51
0.0 1.631299117189534 0.0 1.0 52
4.0 0.37169683683018684 4.0 1.0 53
4.0 1.6220606174044923 4.0 1.0 54
4.630141095337502 1.0 4.0 1.0 55
0.0 0.12313749289796729 0.0 1.0 56
4.0 1.8665788770742449 4.0 1.0 57
*** t = 34
1.1441712336726482 1.0 0.0 1.0 1
1.2503423075594076 1.0 0.0 1.0 3
1.1938072849268833 1.0 0.0 1.0 5
2.3067825773873056 1.0 4.0 1.0 7
1.6505100520557296 1.0 0.0 1.0 10
2.098146414735922 1.0 4.0 1.0 11
1.7220368701587745 1.0 0.0 1.0 12
1.8585244221833341 1.0 4.0 1.0 15
1.9518010840198767 1.0 0.0 1.0 17
1.8218973099382805 1.0 4.0 1.0 18
2.392855872797519 1.0 0.0 1.0 19
2.4018110865449387 1.0 0.0 1.0 20
1.3661697334572722 1.0 4.0 1.0 22
1.2360303516042335 1.0 4.0 1.0 24
2.7520720134004337 1.0 0.0 1.0 25
2.776873297207839 1.0 0.0 1.0 26
2.907288020625827 1.0 0.0 1.0 28
3.1327529090168125 1.0 0.0 1.0 30
2.987449170665524 1.0 0.0 1.0 32
0.0 1.6124171249397337 0.0 2.0 33
0.0 0.24711750842872532 0.0 0.0 34
4.0 0.4089101523408153 4.0 0.0 35
4.0 0.3651012714394778 4.0 0.0 36
4.0 0.37314751128055457 4.0 0.0 37
0.5001616579629293 1.0 4.0 1.0 38
4.0 1.3705803640168104 4.0 2.0 39
0.12413543627361415 1.0 4.0 1.0 40
4.0 1.1229836497167063 4.0 2.0 41
4.0 0.7444853689277 4.0 0.0 42
3.87618458730987 1.0 0.0 1.0 43
0.0 1.0 0.0 0.0 44
0.0 1.0 4.0 1.0 45
4.0 1.0 0.0 1.0 46
4.0 0.8719170019166628 4.0 1.0 47
4.1507352197391265 1.0 4.0 1.0 48
0.0 0.7460701507300095 0.0 1.0 49
4.0 1.2421383466122564 4.0 1.0 50
0.0 0.5131125452805988 0.0 1.0 51
0.0 1.5083988229193785 0.0 1.0 52
4.0 0.4955957824402491 4.0 1.0 53
4.0 1.4960808232059897 4.0 1.0 54
4.5068547937833365 1.0 4.0 1.0 55
0.0 0.24627498579593457 0.0 1.0 56
4.0 1.7331577541484897 4.0 1.0 57
4.0 0.12499568851259812 4.0 1.0 58
4.876289198621296 1.0 4.0 1.0 59
*** t = 35
1.0200047655714588 1.0 0.0 1.0 1
1.125357866993926 1.0 0.0 1.0 3
1.066253070605378 1.0 0.0 1.0 5
2.4281921867234795 1.0 4.0 1.0 7
1.5268526863744523 1.0 0.0 1.0 10
2.221566792073329 1.0 4.0 1.0 11
1.595483362945373 1.0 0.0 1.0 12
1.9824260503288897 1.0 4.0 1.0 15
1.8237886517711188 1.0 0.0 1.0 17
1.952032832076729 1.0 4.0 1.0 18
2.2692294014742513 1.0 0.0 1.0 19
2.2788734778176263 1.0 0.0 1.0 20
1.4903669819533878 1.0 4.0 1.0 22
1.3596333867646568 1.0 4.0 1.0 24
2.627279214740477 1.0 0.0 1.0 25
2.654560626928623 1.0 0.0 1.0 26
2.7858755784731413 1.0 0.0 1.0 28
3.0088604674477857 1.0 0.0 1.0 30
2.8608803169987147 1.0 0.0 1.0 32
0.0 1.7349005499276804 0.0 2.0 33
0.0 0.12163709316684623 0.0 0.0 34
4.0 0.29069218280897835 4.0 0.0 35
4.0 0.23812152572737338 4.0 0.0 36
4.0 0.24777701353666548 4.0 0.0 37
0.6252020724536617 1.0 4.0 1.0 38
4.0 1.4941071520224138 4.0 2.0 39
0.2482708725472283 1.0 4.0 1.0 40
4.0 1.2459672994334126 4.0 2.0 41
4.0 0.61672805339155 4.0 0.0 42
3.75236917461974 1.0 0.0 1.0 43
0.0 0.8783436119007495 0.0 0.0 44
0.12826027213790264 1.0 4.0 1.0 45
3.8739742478854122 1.0 0.0 1.0 46
4.0 0.9964765736190432 4.0 1.0 47
4.029411679701859 1.0 4.0 1.0 48
0.0 0.8704151758516777 0.0 1.0 49
4.0 1.1158280710476325 4.0 1.0 50
0.0 0.6413906816007485 0.0 1.0 51
0.0 1.3854985286492232 0.0 1.0 52
4.0 0.6194947280503114 4.0 1.0 53
4.0 1.370101029007487 4.0 1.0 54
4.383568492229171 1.0 4.0 1.0 55
0.0 0.36941247869390187 0.0 1.0 56
4.0 1.5997366312227346 4.0 1.0 57
4.0 0.24999137702519625 4.0 1.0 58
4.752578397242592 1.0 4.0 1.0 59
0.0 0.12440354844361609 0.0 1.0 60
4.0 1.8764608006370547 4.0 1.0 61
*** t = 36
0.8958382974702696 1.0 0.0 1.0 1
1.0003734264284443 1.0 0.0 1.0 3
0.938698856283873 1.0 0.0 1.0 5
2.5496017960596533 1.0 4.0 1.0 7
1.4031953206931749 1.0 0.0 1.0 10
2.344987169410736 1.0 4.0 1.0 11
1.4689298557319717 1.0 0.0 1.0 12
2.1063276784744454 1.0 4.0 1.0 15
1.695776219522361 1.0 0.0 1.0 17
2.082168354215178 1.0 4.0 1.0 18
2.1456029301509836 1.0 0.0 1.0 19
2.155935869090314 1.0 0.0 1.0 20
1.6145642304495034 1.0 4.0 1.0 22
1.4832364219250802 1.0 4.0 1.0 24
2.5024864160805205 1.0 0.0 1.0 25
2.5322479566494067 1.0 0.0 1.0 26
2.6644631363204554 1.0 0.0 1.0 28
2.884968025878759 1.0 0.0 1.0 30
2.7343114633319052 1.0 0.0 1.0 32
0.0 1.8573839749156271 0.0 2.0 33
4.0 0.1724742132771414 4.0 0.0 35
4.0 0.11114178001526898 4.0 0.0 36
4.0 0.1224065157927764 4.0 0.0 37
0.750242486944394 1.0 4.0 1.0 38
4.0 1.6176339400280173 4.0 2.0 39
0.37240630882084247 1.0 4.0 1.0 40
4.0 1.3689509491501188 4.0 2.0 41
4.0 0.48897073785539996 4.0 0.0 42
3.6285537619296098 1.0 0.0 1.0 43
0.0 0.756687223801499 0.0 0.0 44
0.2565205442758053 1.0 4.0 1.0 45
3.7479484957708245 1.0 0.0 1.0 46
4.0 1.0 0.0 1.0 47
4.0 1.0 0.0 1.0 48
0.0 0.9947602009733459 0.0 1.0 49
4.0 1.0 4.0 0.0 50
0.0 0.7696688179208983 0.0 1.0 51
0.0 1.2625982343790678 0.0 1.0 52
4.0 0.7433936736603737 4.0 1.0 53
4.0 1.2441212348089845 4.0 1.0 54
4.260282190675005 1.0 4.0 1.0 55
0.0 0.49254997159186914 0.0 1.0 56
4.0 1.4663155082969794 4.0 1.0 57
4.0 0.3749870655377944 4.0 1.0 58
4.6288675958638885 1.0 4.0 1.0 59
0.0 0.24880709688723218 0.0 1.0 60
4.0 1.7529216012741093 4.0 1.0 61
0.0 1.8750957452305839 0.0 1.0 62
*** t = 37
0.7716718293690803 1.0 0.0 1.0 1
0.8753889858629627 1.0 0.0 1.0 3
0.8111446419623678 1.0 0.0 1.0 5
2.671011405395827 1.0 4.0 1.0 7
1.2795379550118975 1.0 0.0 1.0 10
2.4684075467481428 1.0 4.0 1.0 11
1.3423763485185702 1.0 0.0 1.0 12
2.230229306620001 1.0 4.0 1.0 15
1.567763787273603 1.0 0.0 1.0 17
2.2123038763536265 1.0 4.0 1.0 18
2.021976458827716 1.0 0.0 1.0 19
2.0329982603630015 1.0 0.0 1.0 20
1.738761478945619 1.0 4.0 1.0 22
1.6068394570855036 1.0 4.0 1.0 24
2.377693617420564 1.0 0.0 1.0 25
2.4099352863701906 1.0 0.0 1.0 26
2.5430506941677695 1.0 0.0 1.0 28
2.761075584309732 1.0 0.0 1.0 30
2.6077426096650957 1.0 0.0 1.0 32
0.0 1.9798673999035739 0.0 2.0 33
4.0 0.05425624374530447 4.0 0.0 35
0.8752829014351263 1.0 4.0 1.0 38
4.0 1.7411607280336208 4.0 2.0 39
0.4965417450944566 1.0 4.0 1.0 40
4.0 1.4919345988668251 4.0 2.0 41
4.0 0.3612134223192499 4.0 0.0 42
3.5047383492394797 1.0 0.0 1.0 43
0.0 0.6350308357022485 0.0 0.0 44
0.3847808164137079 1.0 4.0 1.0 45
3.6219227436562367 1.0 0.0 1.0 46
3.87544042829762 1.0 0.0 1.0 47
3.878676459962732 1.0 0.0 1.0 48
0.0 1.0 0.0 2.0 49
4.0 0.8736897244353761 4.0 0.0 50
0.0 0.897946954241048 0.0 1.0 51
0.0 1.1396979401089125 0.0 1.0 52
4.0 0.867292619270436 4.0 1.0 53
4.0 1.118141440610482 4.0 1.0 54
4.136995889120839 1.0 4.0 1.0 55
0.0 0.6156874644898365 0.0 1.0 56
4.0 1.3328943853712243 4.0 1.0 57
4.0 0.4999827540503925 4.0 1.0 58
4.505156794485185 1.0 4.0 1.0 59
0.0 0.37321064533084825 0.0 1.0 60
4.0 1.629382401911164 4.0 1.0 61
0.0 1.7501914904611677 0.0 1.0 62
0.0 0.1283839549524807 0.0 1.0 63
4.0 0.12885616043118697 4.0 1.0 64
4.0 1.8771335306244532 4.0 1.0 65
4.879229919189507 1.0 4.0 1.0 66
*** t = 38
0.647505361267891 1.0 0.0 1.0 1
0.750404545297481 1.0 0.0 1.0 3
0.6835904276408626 1.0 0.0 1.0 5
2.792421014732001 1.0 4.0 1.0 7
1.15588058933062 1.0 0.0 1.0 10
2.5918279240855497 1.0 4.0 1.0 11
1.2158228413051688 1.0 0.0 1.0 12
2.3541309347655566 1.0 4.0 1.0 15
1.439751355024845 1.0 0.0 1.0 17
2.342439398492075 1.0 4.0 1.0 18
1.8983499875044478 1.0 0.0 1.0 19
1.910060651635689 1.0 0.0 1.0 20
1.8629587274417345 1.0 4.0 1.0 22
1.730442492245927 1.0 4.0 1.0 24
2.252900818760607 1.0 0.0 1.0 25
2.2876226160909745 1.0 0.0 1.0 26
2.4216382520150836 1.0 0.0 1.0 28
2.6371831427407053 1.0 0.0 1.0 30
2.4811737559982863 1.0 0.0 1.0 32
1.0003233159258587 1.0 4.0 1.0 38
4.0 1.8646875160392242 4.0 2.0 39
0.6206771813680707 1.0 4.0 1.0 40
4.0 1.6149182485835314 4.0 2.0 41
4.0 0.23345610678309986 4.0 0.0 42
3.3809229365493496 1.0 0.0 1.0 43
0.0 0.513374447602998 0.0 0.0 44
0.5130410885516106 1.0 4.0 1.0 45
3.495896991541649 1.0 0.0 1.0 46
3.7508808565952396 1.0 0.0 1.0 47
3.757352919925464 1.0 0.0 1.0 48
0.0 1.1243450251216682 0.0 2.0 49
4.0 0.7473794488707521 4.0 0.0 50
0.0 1.0 0.0 0.0 51
0.0 1.016797645838757 0.0 1.0 52
4.0 0.9911915648804983 4.0 1.0 53
4.0 1.0 4.0 0.0 54
4.013709587566673 1.0 4.0 1.0 55
0.0 0.7388249573878037 0.0 1.0 56
4.0 1.1994732624454691 4.0 1.0 57
4.0 0.6249784425629906 4.0 1.0 58
4.381445993106481 1.0 4.0 1.0 59
0.0 0.49761419377446436 0.0 1.0 60
4.0 1.5058432025482187 4.0 1.0 61
0.0 1.6252872356917516 0.0 1.0 62
0.0 0.2567679099049614 0.0 1.0 63
4.0 0.25771232086237394 4.0 1.0 64
4.0 1.7542670612489064 4.0 1.0 65
4.758459838379014 1.0 4.0 1.0 66
*** t = 39
0.5233388931667018 1.0 0.0 1.0 1
0.6254201047319994 1.0 0.0 1.0 3
0.5560362133193575 1.0 0.0 1.0 5
2.913830624068175 1.0 4.0 1.0 7
1.0322232236493427 1.0 0.0 1.0 10
2.7152483014229567 1.0 4.0 1.0 11
1.0892693340917674 1.0 0.0 1.0 12
2.478032562911112 1.0 4.0 1.0 15
1.3117389227760872 1.0 0.0 1.0 17
2.4725749206305236 1.0 4.0 1.0 18
1.7747235161811798 1.0 0.0 1.0 19
1.7871230429083766 1.0 0.0 1.0 20
1.98715597593785 1.0 4.0 1.0 22
1.8540455274063503 1.0 4.0 1.0 24
2.1281080201006506 1.0 0.0 1.0 25
2.1653099458117584 1.0 0.0 1.0 26
2.3002258098623978 1.0 0.0 1.0 28
2.5132907011716785 1.0 0.0 1.0 30
2.354604902331477 1.0 0.0 1.0 32
1.1253637304165909 1.0 4.0 1.0 38
4.0 1.9882143040448277 4.0 2.0 39
0.7448126176416848 1.0 4.0 1.0 40
4.0 1.7379018983002377 4.0 2.0 41
4.0 0.10569879124694981 4.0 0.0 42
3.2571075238592195 1.0 0.0 1.0 43
0.0 0.39171805950374755 0.0 0.0 44
0.6413013606895133 1.0 4.0 1.0 45
3.369871239427061 1.0 0.0 1.0 46
3.6263212848928594 1.0 0.0 1.0 47
3.6360293798881957 1.0 0.0 1.0 48
0.0 1.2486900502433365 0.0 2.0 49
4.0 0.6210691733061282 4.0 0.0 50
0.0 0.8717218636798503 0.0 0.0 51
0.0 1.0 0.0 0.0 52
4.0 1.0 4.0 2.0 53
4.0 0.8740202058014974 4.0 0.0 54
4.0 1.0 0.0 1.0 55
0.0 0.861962450285771 0.0 1.0 56
4.0 1.066052139519714 4.0 1.0 57
4.0 0.7499741310755887 4.0 1.0 58
4.257735191727777 1.0 4.0 1.0 59
0.0 0.6220177422180805 0.0 1.0 60
4.0 1.3823040031852734 4.0 1.0 61
0.0 1.5003829809223355 0.0 1.0 62
0.0 0.3851518648574421 0.0 1.0 63
4.0 0.3865684812935609 4.0 1.0 64
4.0 1.6314005918733596 4.0 1.0 65
4.637689757568522 1.0 4.0 1.0 66
0.0 0.12415554958472745 0.0 1.0 67
4.0 1.8747488752006436 4.0 1.0 68
*** t = 40
0.39917242506551254 1.0 0.0 1.0 1
0.5004356641665177 1.0 0.0 1.0 3
0.4284819989978523 1.0 0.0 1.0 5
3.0352402334043487 1.0 4.0 1.0 7
0.9085658579680653 1.0 0.0 1.0 10
2.8386686787603637 1.0 4.0 1.0 11
0.9627158268783661 1.0 0.0 1.0 12
2.601934191056668 1.0 4.0 1.0 15
1.1837264905273293 1.0 0.0 1.0 17
2.6027104427689722 1.0 4.0 1.0 18
1.6510970448579119 1.0 0.0 1.0 19
1.6641854341810642 1.0 0.0 1.0 20
2.111353224433966 1.0 4.0 1.0 22
1.9776485625667737 1.0 4.0 1.0 24
2.003315221440694 1.0 0.0 1.0 25
2.0429972755325423 1.0 0.0 1.0 26
2.178813367709712 1.0 0.0 1.0 28
2.3893982596026517 1.0 0.0 1.0 30
2.2280360486646673 1.0 0.0 1.0 32
1.250404144907323 1.0 4.0 1.0 38
0.868948053915299 1.0 4.0 1.0 40
4.0 1.860885548016944 4.0 2.0 41
3.1332921111690895 1.0 0.0 1.0 43
0.0 0.2700616714044971 0.0 0.0 44
0.769561632827416 1.0 4.0 1.0 45
3.2438454873124734 1.0 0.0 1.0 46
3.5017617131904792 1.0 0.0 1.0 47
3.5147058398509277 1.0 0.0 1.0 48
0.0 1.3730350753650047 0.0 2.0 49
4.0 0.49475889774150433 4.0 0.0 50
0.0 0.7434437273597005 0.0 0.0 51
0.0 0.8770997057298446 0.0 0.0 52
4.0 1.1238989456100623 4.0 2.0 53
4.0 0.7480404116029948 4.0 0.0 54
3.876713698445834 1.0 0.0 1.0 55
0.0 0.9850999431837383 0.0 1.0 56
4.0 1.0 4.0 0.0 57
4.0 0.8749698195881869 4.0 1.0 58
4.134024390349073 1.0 4.0 1.0 59
0.0 0.7464212906616966 0.0 1.0 60
4.0 1.258764803822328 4.0 1.0 61
0.0 1.3754787261529193 0.0 1.0 62
0.0 0.5135358198099228 0.0 1.0 63
4.0 0.5154246417247479 4.0 1.0 64
4.0 1.5085341224978128 4.0 1.0 65
4.516919676758029 1.0 4.0 1.0 66
0.0 0.2483110991694549 0.0 1.0 67
4.0 1.7494977504012872 4.0 1.0 68
4.0 0.11851621733547953 4.0 1.0 69
4.872948002676853 1.0 4.0 1.0 70
*** t = 41
0.2750059569643233 1.0 0.0 1.0 1
0.37545122360103617 1.0 0.0 1.0 3
0.30092778467634707 1.0 0.0 1.0 5
3.1566498427405225 1.0 4.0 1.0 7
0.7849084922867879 1.0 0.0 1.0 10
2.9620890560977706 1.0 4.0 1.0 11
0.8361623196649648 1.0 0.0 1.0 12
2.7258358192022234 1.0 4.0 1.0 15
1.0557140582785713 1.0 0.0 1.0 17
2.732845964907421 1.0 4.0 1.0 18
1.5274705735346439 1.0 0.0 1.0 19
1.5412478254537518 1.0 0.0 1.0 20
2.2355504729300817 1.0 4.0 1.0 22
2.101251597727197 1.0 4.0 1.0 24
1.8785224227807373 1.0 0.0 1.0 25
1.9206846052533262 1.0 0.0 1.0 26
2.057400925557026 1.0 0.0 1.0 28
2.265505818033625 1.0 0.0 1.0 30
2.101467194997858 1.0 0.0 1.0 32
1.3754445593980553 1.0 4.0 1.0 38
0.9930834901889131 1.0 4.0 1.0 40
4.0 1.9838691977336502 4.0 2.0 41
3.0094766984789594 1.0 0.0 1.0 43
0.0 0.14840528330524666 0.0 0.0 44
0.8978219049653187 1.0 4.0 1.0 45
3.1178197351978856 1.0 0.0 1.0 46
3.377202141488099 1.0 0.0 1.0 47
3.3933822998136596 1.0 0.0 1.0 48
0.0 1.497380100486673 0.0 2.0 49
4.0 0.36844862217688046 4.0 0.0 50
0.0 0.6151655910395508 0.0 0.0 51
0.0 0.7541994114596893 0.0 0.0 52
4.0 1.2477978912201246 4.0 2.0 53
4.0 0.6220606174044923 4.0 0.0 54
3.7534273968916683 1.0 0.0 1.0 55
0.0 1.0 4.0 1.0 56
4.0 0.8665788770742449 4.0 0.0 57
4.0 0.999965508100785 4.0 1.0 58
4.010313588970369 1.0 4.0 1.0 59
0.0 0.8708248391053127 0.0 1.0 60
4.0 1.1352256044593827 4.0 1.0 61
0.0 1.2505744713835032 0.0 1.0 62
0.0 0.6419197747624035 0.0 1.0 63
4.0 0.6442808021559349 4.0 1.0 64
4.0 1.385667653122266 4.0 1.0 65
4.396149595947536 1.0 4.0 1.0 66
0.0 0.37246664875418234 0.0 1.0 67
4.0 1.6242466256019308 4.0 1.0 68
4.0 0.23703243467095905 4.0 1.0 69
4.745896005353705 1.0 4.0 1.0 70
0.0 0.125129421396612 0.0 1.0 71
0.0 1.8704190582857776 0.0 1.0 72
4.0 1.872868173657784 4.0 1.0 73
*** t = 42
0.15083948886313403 1.0 0.0 1.0 1
0.2504667830355546 1.0 0.0 1.0 3
0.17337357035484185 1.0 0.0 1.0 5
3.2780594520766964 1.0 4.0 1.0 7
0.6612511266055106 1.0 0.0 1.0 10
3.0855094334351776 1.0 4.0 1.0 11
0.7096088124515635 1.0 0.0 1.0 12
2.849737447347779 1.0 4.0 1.0 15
0.9277016260298134 1.0 0.0 1.0 17
2.8629814870458694 1.0 4.0 1.0 18
1.403844102211376 1.0 0.0 1.0 19
1.4183102167264394 1.0 0.0 1.0 20
2.3597477214261975 1.0 4.0 1.0 22
2.22485463288762 1.0 4.0 1.0 24
1.7537296241207807 1.0 0.0 1.0 25
1.79837193497411 1.0 0.0 1.0 26
1.9359884834043402 1.0 0.0 1.0 28
2.141613376464598 1.0 0.0 1.0 30
1.9748983413310484 1.0 0.0 1.0 32
1.5004849738887875 1.0 4.0 1.0 38
1.1172189264625272 1.0 4.0 1.0 40
2.8856612857888293 1.0 0.0 1.0 43
0.0 0.026748895205996215 0.0 0.0 44
1.0260821771032214 1.0 4.0 1.0 45
2.991793983083298 1.0 0.0 1.0 46
3.252642569785719 1.0 0.0 1.0 47
3.2720587597763915 1.0 0.0 1.0 48
0.0 1.6217251256083411 0.0 2.0 49
4.0 0.24213834661225658 4.0 0.0 50
0.0 0.4868874547194011 0.0 0.0 51
0.0 0.6312991171895339 0.0 0.0 52
4.0 1.371696836830187 4.0 2.0 53
4.0 0.4960808232059897 4.0 0.0 54
3.6301410953375024 1.0 0.0 1.0 55
0.12313749289796729 1.0 4.0 1.0 56
4.0 0.7331577541484897 4.0 0.0 57
4.0 1.0 4.0 0.0 58
4.0 1.0 4.0 2.0 59
0.0 0.9952283875489288 0.0 1.0 60
4.0 1.0116864050964374 4.0 1.0 61
0.0 1.125670216614087 0.0 1.0 62
0.0 0.7703037297148841 0.0 1.0 63
4.0 0.7731369625871218 4.0 1.0 64
4.0 1.2628011837467192 4.0 1.0 65
4.275379515137043 1.0 4.0 1.0 66
0.0 0.4966221983389098 0.0 1.0 67
4.0 1.4989955008025744 4.0 1.0 68
4.0 0.3555486520064386 4.0 1.0 69
4.618844008030558 1.0 4.0 1.0 70
0.0 0.250258842793224 0.0 1.0 71
0.0 1.7408381165715552 0.0 1.0 72
4.0 1.7457363473155678 4.0 1.0 73
*** t = 43
0.026673020761944763 1.0 0.0 1.0 1
0.125482342470073 1.0 0.0 1.0 3
0.045819356033336645 1.0 0.0 1.0 5
3.39946906141287 1.0 4.0 1.0 7
0.5375937609242332 1.0 0.0 1.0 10
3.2089298107725845 1.0 4.0 1.0 11
0.5830553052381622 1.0 0.0 1.0 12
2.9736390754933346 1.0 4.0 1.0 15
0.7996891937810555 1.0 0.0 1.0 17
2.993117009184318 1.0 4.0 1.0 18
1.280217630888108 1.0 0.0 1.0 19
1.295372607999127 1.0 0.0 1.0 20
2.4839449699223133 1.0 4.0 1.0 22
2.3484576680480433 1.0 4.0 1.0 24
1.628936825460824 1.0 0.0 1.0 25
1.676059264694894 1.0 0.0 1.0 26
1.8145760412516543 1.0 0.0 1.0 28
2.0177209348955714 1.0 0.0 1.0 30
1.8483294876642389 1.0 0.0 1.0 32
1.6255253883795198 1.0 4.0 1.0 38
1.2413543627361414 1.0 4.0 1.0 40
2.7618458730986992 1.0 0.0 1.0 43
1.154342449241124 1.0 4.0 1.0 45
2.86576823096871 1.0 0.0 1.0 46
3.1280829980833387 1.0 0.0 1.0 47
3.1507352197391234 1.0 0.0 1.0 48
0.0 1.7460701507300094 0.0 2.0 49
4.0 0.11582807104763271 4.0 0.0 50
0.0 0.35860931839925136 0.0 0.0 51
0.0 0.5083988229193785 0.0 0.0 52
4.0 1.4955957824402493 4.0 2.0 53
4.0 0.3701010290074871 4.0 0.0 54
3.5068547937833365 1.0 0.0 1.0 55
0.24627498579593457 1.0 4.0 1.0 56
4.0 0.5997366312227346 4.0 0.0 57
4.0 0.8750043114874019 4.0 0.0 58
4.0 1.1237108013787036 4.0 2.0 59
0.0 1.0 0.0 2.0 60
4.0 1.0 0.0 1.0 61
0.0 1.000765961844671 0.0 1.0 62
0.0 0.8986876846673648 0.0 1.0 63
4.0 0.9019931230183088 4.0 1.0 64
4.0 1.1399347143711724 4.0 1.0 65
4.1546094343265505 1.0 4.0 1.0 66
0.0 0.6207777479236373 0.0 1.0 67
4.0 1.373744376003218 4.0 1.0 68
4.0 0.4740648693419181 4.0 1.0 69
4.49179201070741 1.0 4.0 1.0 70
0.0 0.37538826418983606 0.0 1.0 71
0.0 1.6112571748573328 0.0 1.0 72
4.0 1.6186045209733517 4.0 1.0 73
0.0 0.12888191433722734 0.0 1.0 74
4.0 0.12347340443917197 4.0 1.0 75
4.0 1.878953013843396 4.0 1.0 76
4.879509681304333 1.0 4.0 1.0 77
*** t = 44
0.0 1.0 4.0 1.0 1
0.0004979019045914246 1.0 0.0 1.0 3
0.0 1.0 4.0 1.0 5
3.520878670749044 1.0 4.0 1.0 7
0.4139363952429558 1.0 0.0 1.0 10
3.3323501881099915 1.0 4.0 1.0 11
0.4565017980247609 1.0 0.0 1.0 12
3.0975407036388902 1.0 4.0 1.0 15
0.6716767615322976 1.0 0.0 1.0 17
3.1232525313227666 1.0 4.0 1.0 18
1.15659115956484 1.0 0.0 1.0 19
1.1724349992718146 1.0 0.0 1.0 20
2.608142218418429 1.0 4.0 1.0 22
2.4720607032084665 1.0 4.0 1.0 24
1.5041440268008675 1.0 0.0 1.0 25
1.5537465944156779 1.0 0.0 1.0 26
1.6931635990989684 1.0 0.0 1.0 28
1.8938284933265446 1.0 0.0 1.0 30
1.7217606339974294 1.0 0.0 1.0 32
1.750565802870252 1.0 4.0 1.0 38
1.3654897990097556 1.0 4.0 1.0 40
2.638030460408569 1.0 0.0 1.0 43
1.2826027213790268 1.0 4.0 1.0 45
2.7397424788541223 1.0 0.0 1.0 46
3.0035234263809585 1.0 0.0 1.0 47
3.0294116797018553 1.0 0.0 1.0 48
0.0 1.8704151758516776 0.0 2.0 49
0.0 0.23033118207910167 0.0 0.0 51
0.0 0.3854985286492232 0.0 0.0 52
4.0 1.6194947280503116 4.0 2.0 53
4.0 0.24412123480898454 4.0 0.0 54
3.3835684922291707 1.0 0.0 1.0 55
0.36941247869390187 1.0 4.0 1.0 56
4.0 0.46631550829697943 4.0 0.0 57
4.0 0.7500086229748038 4.0 0.0 58
4.0 1.2474216027574072 4.0 2.0 59
0.0 1.1244035484436161 0.0 2.0 60
3.8764608006370547 1.0 0.0 1.0 61
0.0 1.0 4.0 1.0 62
0.0 1.0 4.0 1.0 63
4.0 1.0 4.0 0.0 64
4.0 1.0170682449956256 4.0 1.0 65
4.033839353516058 1.0 4.0 1.0 66
0.0 0.7449332975083647 0.0 1.0 67
4.0 1.2484932512038616 4.0 1.0 68
4.0 0.5925810866773976 4.0 1.0 69
4.364740013384263 1.0 4.0 1.0 70
0.0 0.500517685586448 0.0 1.0 71
0.0 1.4816762331431104 0.0 1.0 72
4.0 1.4914726946311356 4.0 1.0 73
0.0 0.2577638286744547 0.0 1.0 74
4.0 0.24694680887834394 4.0 1.0 75
4.0 1.7579060276867922 4.0 1.0 76
4.759019362608665 1.0 4.0 1.0 77
*** t = 45
0.12416646810118927 1.0 4.0 1.0 1
0.0 1.0 4.0 1.0 3
0.1275542143215052 1.0 4.0 1.0 5
3.642288280085218 1.0 4.0 1.0 7
0.2902790295616784 1.0 0.0 1.0 10
3.4557705654473985 1.0 4.0 1.0 11
0.32994829081135957 1.0 0.0 1.0 12
3.221442331784446 1.0 4.0 1.0 15
0.5436643292835397 1.0 0.0 1.0 17
3.253388053461215 1.0 4.0 1.0 18
1.032964688241572 1.0 0.0 1.0 19
1.0494973905445022 1.0 0.0 1.0 20
2.732339466914545 1.0 4.0 1.0 22
2.5956637383688896 1.0 4.0 1.0 24
1.3793512281409108 1.0 0.0 1.0 25
1.4314339241364618 1.0 0.0 1.0 26
1.5717511569462825 1.0 0.0 1.0 28
1.7699360517575178 1.0 0.0 1.0 30
1.59519178033062 1.0 0.0 1.0 32
1.8756062173609842 1.0 4.0 1.0 38
1.4896252352833699 1.0 4.0 1.0 40
2.514215047718439 1.0 0.0 1.0 43
1.4108629935169295 1.0 4.0 1.0 45
2.6137167267395345 1.0 0.0 1.0 46
2.8789638546785783 1.0 0.0 1.0 47
2.9080881396645872 1.0 0.0 1.0 48
0.0 1.9947602009733458 0.0 2.0 49
0.0 0.10205304575895197 0.0 0.0 51
0.0 0.2625982343790678 0.0 0.0 52
4.0 1.743393673660374 4.0 2.0 53
4.0 0.11814144061048198 4.0 0.0 54
3.260282190675005 1.0 0.0 1.0 55
0.49254997159186914 1.0 4.0 1.0 56
4.0 0.3328943853712243 4.0 0.0 57
4.0 0.6250129344622056 4.0 0.0 58
4.0 1.3711324041361108 4.0 2.0 59
0.0 1.2488070968872322 0.0 2.0 60
3.7529216012741093 1.0 0.0 1.0 61
0.12490425476941612 1.0 4.0 1.0 62
0.1283839549524807 1.0 4.0 1.0 63
4.0 0.871143839568813 4.0 0.0 64
4.0 1.0 0.0 1.0 65
4.0 1.0 0.0 1.0 66
0.0 0.8690888470930921 0.0 1.0 67
4.0 1.1232421264045052 4.0 1.0 68
4.0 0.7110973040128772 4.0 1.0 69
4.2376880160611154 1.0 4.0 1.0 70
0.0 0.62564710698306 0.0 1.0 71
0.0 1.352095291428888 0.0 1.0 72
4.0 1.3643408682889195 4.0 1.0 73
0.0 0.38664574301168203 0.0 1.0 74
4.0 0.3704202133175159 4.0 1.0 75
4.0 1.6368590415301882 4.0 1.0 76
4.638529043912998 1.0 4.0 1.0 77
0.0 0.1242741812874405 0.0 1.0 78
4.0 1.8732553430441345 4.0 1.0 79
*** t = 46
0.24833293620237853 1.0 4.0 1.0 1
0.12498444056548158 1.0 4.0 1.0 3
0.2551084286430104 1.0 4.0 1.0 5
3.7636978894213917 1.0 4.0 1.0 7
0.166621663880401 1.0 0.0 1.0 10
3.5791909427848054 1.0 4.0 1.0 11
0.20339478359795826 1.0 0.0 1.0 12
3.3453439599300014 1.0 4.0 1.0 15
0.4156518970347818 1.0 0.0 1.0 17
3.3835235755996638 1.0 4.0 1.0 18
0.909338216918304 1.0 0.0 1.0 19
0.9265597818171897 1.0 0.0 1.0 20
2.8565367154106607 1.0 4.0 1.0 22
2.719266773529313 1.0 4.0 1.0 24
1.2545584294809542 1.0 0.0 1.0 25
1.3091212538572456 1.0 0.0 1.0 26
1.4503387147935967 1.0 0.0 1.0 28
1.646043610188491 1.0 0.0 1.0 30
1.4686229266638104 1.0 0.0 1.0 32
2.0006466318517164 1.0 4.0 1.0 38
1.613760671556984 1.0 4.0 1.0 40
2.390399635028309 1.0 0.0 1.0 43
1.5391232656548322 1.0 4.0 1.0 45
2.4876909746249467 1.0 0.0 1.0 46
2.754404282976198 1.0 0.0 1.0 47
2.786764599627319 1.0 0.0 1.0 48
0.0 0.13969794010891246 0.0 0.0 52
4.0 1.8672926192704362 4.0 2.0 53
3.136995889120839 1.0 0.0 1.0 55
0.6156874644898365 1.0 4.0 1.0 56
4.0 0.19947326244546917 4.0 0.0 57
4.0 0.5000172459496075 4.0 0.0 58
4.0 1.4948432055148144 4.0 2.0 59
0.0 1.3732106453308484 0.0 2.0 60
3.629382401911164 1.0 0.0 1.0 61
0.24980850953883224 1.0 4.0 1.0 62
0.2567679099049614 1.0 4.0 1.0 63
4.0 0.742287679137626 4.0 0.0 64
3.877133530624453 1.0 0.0 1.0 65
3.8792299191895077 1.0 0.0 1.0 66
0.0 0.9932443966778195 0.0 1.0 67
4.0 1.0 0.0 1.0 68
4.0 0.8296135213483568 4.0 1.0 69
4.110636018737968 1.0 4.0 1.0 70
0.0 0.750776528379672 0.0 1.0 71
0.0 1.2225143497146655 0.0 1.0 72
4.0 1.2372090419467034 4.0 1.0 73
0.0 0.5155276573489094 0.0 1.0 74
4.0 0.4938936177566879 4.0 1.0 75
4.0 1.5158120553735843 4.0 1.0 76
4.51803872521733 1.0 4.0 1.0 77
0.0 0.248548362574881 0.0 1.0 78
4.0 1.746510686088269 4.0 1.0 79
0.0 1.8765888908775807 0.0 1.0 80
4.0 0.1282628347147011 4.0 1.0 81
4.872893183897199 1.0 4.0 1.0 82
*** t = 47
0.3724994043035678 1.0 4.0 1.0 1
0.24996888113096316 1.0 4.0 1.0 3
0.38266264296451563 1.0 4.0 1.0 5
3.8851074987575656 1.0 4.0 1.0 7
0.042964298199123604 1.0 0.0 1.0 10
3.7026113201222124 1.0 4.0 1.0 11
0.07684127638455696 1.0 0.0 1.0 12
3.469245588075557 1.0 4.0 1.0 15
0.28763946478602387 1.0 0.0 1.0 17
3.5136590977381124 1.0 4.0 1.0 18
0.785711745595036 1.0 0.0 1.0 19
0.8036221730898772 1.0 0.0 1.0 20
2.9807339639067765 1.0 4.0 1.0 22
2.842869808689736 1.0 4.0 1.0 24
1.1297656308209976 1.0 0.0 1.0 25
1.1868085835780295 1.0 0.0 1.0 26
1.3289262726409108 1.0 0.0 1.0 28
1.5221511686194642 1.0 0.0 1.0 30
1.342054072997001 1.0 0.0 1.0 32
2.1256870463424486 1.0 4.0 1.0 38
1.7378961078305983 1.0 4.0 1.0 40
2.266584222338179 1.0 0.0 1.0 43
1.6673835377927348 1.0 4.0 1.0 45
2.361665222510359 1.0 0.0 1.0 46
2.629844711273818 1.0 0.0 1.0 47
2.665441059590051 1.0 0.0 1.0 48
0.0 0.016797645838757078 0.0 0.0 52
4.0 1.9911915648804985 4.0 2.0 53
3.013709587566673 1.0 0.0 1.0 55
0.7388249573878037 1.0 4.0 1.0 56
4.0 0.06605213951971406 4.0 0.0 57
4.0 0.3750215574370094 4.0 0.0 58
4.0 1.618554006893518 4.0 2.0 59
0.0 1.4976141937744645 0.0 2.0 60
3.5058432025482187 1.0 0.0 1.0 61
0.37471276430824835 1.0 4.0 1.0 62
0.3851518648574421 1.0 4.0 1.0 63
4.0 0.6134315187064391 4.0 0.0 64
3.754267061248906 1.0 0.0 1.0 65
3.7584598383790153 1.0 0.0 1.0 66
0.0 1.0 4.0 1.0 67
3.874748875200644 1.0 0.0 1.0 68
4.0 0.9481297386838363 4.0 1.0 69
4.0 1.0 0.0 1.0 70
0.0 0.875905949776284 0.0 1.0 71
0.0 1.0929334080004431 0.0 1.0 72
4.0 1.1100772156044874 4.0 1.0 73
0.0 0.6444095716861367 0.0 1.0 74
4.0 0.6173670221958598 4.0 1.0 75
4.0 1.3947650692169804 4.0 1.0 76
4.397548406521663 1.0 4.0 1.0 77
0.0 0.3728225438623215 0.0 1.0 78
4.0 1.6197660291324036 4.0 1.0 79
0.0 1.7531777817551615 0.0 1.0 80
4.0 0.2565256694294022 4.0 1.0 81
4.745786367794398 1.0 4.0 1.0 82
0.0 0.12369945888081114 0.0 1.0 83
4.0 1.8724584709572756 4.0 1.0 84
*** t = 48
0.49666587240475707 1.0 4.0 1.0 1
0.37495332169644474 1.0 4.0 1.0 3
0.5102168572860208 1.0 4.0 1.0 5
4.0 1.0 0.0 1.0 7
0.0 1.0 0.0 2.0 10
3.8260316974596194 1.0 4.0 1.0 11
0.0 1.0 4.0 1.0 12
3.5931472162211127 1.0 4.0 1.0 15
0.15962703253726596 1.0 0.0 1.0 17
3.643794619876561 1.0 4.0 1.0 18
0.662085274271768 1.0 0.0 1.0 19
0.6806845643625646 1.0 0.0 1.0 20
3.1049312124028923 1.0 4.0 1.0 22
2.966472843850159 1.0 4.0 1.0 24
1.004972832161041 1.0 0.0 1.0 25
1.0644959132988134 1.0 0.0 1.0 26
1.207513830488225 1.0 0.0 1.0 28
1.3982587270504374 1.0 0.0 1.0 30
1.2154852193301915 1.0 0.0 1.0 32
2.250727460833181 1.0 4.0 1.0 38
1.8620315441042126 1.0 4.0 1.0 40
2.142768809648049 1.0 0.0 1.0 43
1.7956438099306375 1.0 4.0 1.0 45
2.235639470395771 1.0 0.0 1.0 46
2.5052851395714377 1.0 0.0 1.0 47
2.544117519552783 1.0 0.0 1.0 48
2.890423286012507 1.0 0.0 1.0 55
0.861962450285771 1.0 4.0 1.0 56
4.0 0.25002586892441125 4.0 0.0 58
4.0 1.7422648082722216 4.0 2.0 59
0.0 1.6220177422180806 0.0 2.0 60
3.3823040031852734 1.0 0.0 1.0 61
0.4996170190776645 1.0 4.0 1.0 62
0.5135358198099228 1.0 4.0 1.0 63
4.0 0.4845753582752521 4.0 0.0 64
3.631400591873359 1.0 0.0 1.0 65
3.637689757568523 1.0 0.0 1.0 66
0.12415554958472745 1.0 4.0 1.0 67
3.7494977504012876 1.0 0.0 1.0 68
4.0 1.0 4.0 0.0 69
3.872948002676853 1.0 0.0 1.0 70
0.0 1.0 0.0 2.0 71
0.0 1.0 4.0 1.0 72
4.0 1.0 5.0 1.0 73
0.0 0.773291486023364 0.0 1.0 74
4.0 0.7408404266350318 4.0 1.0 75
4.0 1.2737180830603765 4.0 1.0 76
4.277058087825996 1.0 4.0 1.0 77
0.0 0.497096725149762 0.0 1.0 78
4.0 1.4930213721765382 4.0 1.0 79
0.0 1.6297666726327422 0.0 1.0 80
4.0 0.38478850414410326 4.0 1.0 81
4.6186795516915975 1.0 4.0 1.0 82
0.0 0.2473989177616223 0.0 1.0 83
4.0 1.7449169419145512 4.0 1.0 84
*** t = 49
0.6208323405059464 1.0 4.0 1.0 1
0.4999377622619263 1.0 4.0 1.0 3
0.637771071607526 1.0 4.0 1.0 5
3.878590390663826 1.0 0.0 1.0 7
0.0 1.1236573656812774 0.0 2.0 10
3.9494520747970263 1.0 4.0 1.0 11
0.1265535072134013 1.0 4.0 1.0 12
3.7170488443666683 1.0 4.0 1.0 15
0.031614600288508043 1.0 0.0 1.0 17
3.7739301420150095 1.0 4.0 1.0 18
0.5384588029485 1.0 0.0 1.0 19
0.5577469556352521 1.0 0.0 1.0 20
3.229128460899008 1.0 4.0 1.0 22
3.0900758790105822 1.0 4.0 1.0 24
0.8801800335010844 1.0 0.0 1.0 25
0.9421832430195973 1.0 0.0 1.0 26
1.086101388335539 1.0 0.0 1.0 28
1.2743662854814106 1.0 0.0 1.0 30
1.088916365663382 1.0 0.0 1.0 32
2.375767875323913 1.0 4.0 1.0 38
1.9861669803778268 1.0 4.0 1.0 40
2.0189533969579188 1.0 0.0 1.0 43
1.9239040820685402 1.0 4.0 1.0 45
2.1096137182811834 1.0 0.0 1.0 46
2.3807255678690575 1.0 0.0 1.0 47
2.422793979515515 1.0 0.0 1.0 48
2.7671369844583413 1.0 0.0 1.0 55
0.9850999431837383 1.0 4.0 1.0 56
4.0 0.12503018041181313 4.0 0.0 58
4.0 1.8659756096509252 4.0 2.0 59
0.0 1.7464212906616967 0.0 2.0 60
3.258764803822328 1.0 0.0 1.0 61
0.6245212738470806 1.0 4.0 1.0 62
0.6419197747624035 1.0 4.0 1.0 63
4.0 0.35571919784406514 4.0 0.0 64
3.508534122497812 1.0 0.0 1.0 65
3.5169196767580306 1.0 0.0 1.0 66
0.2483110991694549 1.0 4.0 1.0 67
3.6242466256019314 1.0 0.0 1.0 68
4.0 0.8814837826645204 4.0 0.0 69
3.745896005353706 1.0 0.0 1.0 70
0.0 1.125129421396612 0.0 2.0 71
0.12958094171422238 1.0 4.0 1.0 72
4.127131826342216 1.0 5.0 1.0 73
0.0 0.9021734003605912 0.0 1.0 74
4.0 0.8643138310742038 4.0 1.0 75
4.0 1.1526710969037726 4.0 1.0 76
4.156567769130328 1.0 4.0 1.0 77
0.0 0.6213709064372025 0.0 1.0 78
4.0 1.3662767152206727 4.0 1.0 79
0.0 1.506355563510323 0.0 1.0 80
4.0 0.5130513388588044 4.0 1.0 81
4.491572735588797 1.0 4.0 1.0 82
0.0 0.37109837664243345 0.0 1.0 83
4.0 1.6173754128718267 4.0 1.0 84
0.0 0.12481017090151879 0.0 1.0 85
4.0 0.1297459193358347 4.0 1.0 86
4.0 1.8751157408756278 4.0 1.0 87
4.875796627634845 1.0 4.0 1.0 88
*** t = 50
0.7449988086071356 1.0 4.0 1.0 1
0.624922202827408 1.0 4.0 1.0 3
0.7653252859290312 1.0 4.0 1.0 5
3.7571807813276523 1.0 0.0 1.0 7
0.0 1.2473147313625548 0.0 2.0 10
4.0 1.0 0.0 1.0 11
0.2531070144268026 1.0 4.0 1.0 12
3.840950472512224 1.0 4.0 1.0 15
0.0 1.0 4.0 1.0 17
3.904065664153458 1.0 4.0 1.0 18
0.41483233162523203 1.0 0.0 1.0 19
0.4348093469079396 1.0 0.0 1.0 20
3.353325709395124 1.0 4.0 1.0 22
3.2136789141710054 1.0 4.0 1.0 24
0.7553872348411279 1.0 0.0 1.0 25
0.8198705727403812 1.0 0.0 1.0 26
0.9646889461828531 1.0 0.0 1.0 28
1.1504738439123838 1.0 0.0 1.0 30
0.9623475119965725 1.0 0.0 1.0 32
2.5008082898146453 1.0 4.0 1.0 38
2.110302416651441 1.0 4.0 1.0 40
1.8951379842677887 1.0 0.0 1.0 43
2.0521643542064427 1.0 4.0 1.0 45
1.9835879661665956 1.0 0.0 1.0 46
2.2561659961666773 1.0 0.0 1.0 47
2.301470439478247 1.0 0.0 1.0 48
2.6438506829041755 1.0 0.0 1.0 55
1.1082374360817056 1.0 4.0 1.0 56
4.0 3.449189921500562e-05 4.0 0.0 58
4.0 1.9896864110296288 4.0 2.0 59
0.0 1.8708248391053128 0.0 2.0 60
3.1352256044593827 1.0 0.0 1.0 61
0.7494255286164967 1.0 4.0 1.0 62
0.7703037297148841 1.0 4.0 1.0 63
4.0 0.22686303741287817 4.0 0.0 64
3.385667653122265 1.0 0.0 1.0 65
3.3961495959475383 1.0 0.0 1.0 66
0.37246664875418234 1.0 4.0 1.0 67
3.4989955008025753 1.0 0.0 1.0 68
4.0 0.7629675653290409 4.0 0.0 69
3.618844008030559 1.0 0.0 1.0 70
0.0 1.2502588427932242 0.0 2.0 71
0.25916188342844476 1.0 4.0 1.0 72
4.254263652684433 1.0 5.0 1.0 73
0.0 1.0 0.0 2.0 74
4.0 0.9877872355133758 4.0 1.0 75
4.0 1.0316241107471686 4.0 1.0 76
4.036077450434661 1.0 4.0 1.0 77
0.0 0.745645087724643 0.0 1.0 78
4.0 1.2395320582648073 4.0 1.0 79
0.0 1.3829444543879037 0.0 1.0 80
4.0 0.6413141735735055 4.0 1.0 81
4.364465919485996 1.0 4.0 1.0 82
0.0 0.4947978355232446 0.0 1.0 83
4.0 1.4898338838291023 4.0 1.0 84
0.0 0.24962034180303758 0.0 1.0 85
4.0 0.2594918386716694 4.0 1.0 86
4.0 1.7502314817512556 4.0 1.0 87
4.75159325526969 1.0 4.0 1.0 88
*** t = 51
0.8691652767083249 1.0 4.0 1.0 1
0.7499066433928896 1.0 4.0 1.0 3
0.8928795002505363 1.0 4.0 1.0 5
3.6357711719914785 1.0 0.0 1.0 7
0.0 1.3709720970438322 0.0 2.0 10
3.876579622662593 1.0 0.0 1.0 11
0.3796605216402039 1.0 4.0 1.0 12
3.9648521006577795 1.0 4.0 1.0 15
0.1280124322487579 1.0 4.0 1.0 17
4.0 1.0 4.0 0.0 18
0.29120586030196405 1.0 0.0 1.0 19
0.3118717381806271 1.0 0.0 1.0 20
3.4775229578912397 1.0 4.0 1.0 22
3.3372819493314285 1.0 4.0 1.0 24
0.6305944361811714 1.0 0.0 1.0 25
0.6975579024611651 1.0 0.0 1.0 26
0.8432765040301671 1.0 0.0 1.0 28
1.026581402343357 1.0 0.0 1.0 30
0.8357786583297631 1.0 0.0 1.0 32
2.6258487043053775 1.0 4.0 1.0 38
2.234437852925055 1.0 4.0 1.0 40
1.7713225715776586 1.0 0.0 1.0 43
2.180424626344345 1.0 4.0 1.0 45
1.8575622140520078 1.0 0.0 1.0 46
2.131606424464297 1.0 0.0 1.0 47
2.1801468994409787 1.0 0.0 1.0 48
2.5205643813500096 1.0 0.0 1.0 55
1.231374928979673 1.0 4.0 1.0 56
0.0 1.995228387548929 0.0 2.0 60
3.0116864050964374 1.0 0.0 1.0 61
0.8743297833859128 1.0 4.0 1.0 62
0.8986876846673648 1.0 4.0 1.0 63
4.0 0.0980068769816912 4.0 0.0 64
3.262801183746718 1.0 0.0 1.0 65
3.275379515137046 1.0 0.0 1.0 66
0.4966221983389098 1.0 4.0 1.0 67
3.373744376003219 1.0 0.0 1.0 68
4.0 0.6444513479935613 4.0 0.0 69
3.491792010707412 1.0 0.0 1.0 70
0.0 1.3753882641898363 0.0 2.0 71
0.3887428251426671 1.0 4.0 1.0 72
4.381395479026649 1.0 5.0 1.0 73
0.0 1.1288819143372273 0.0 2.0 74
4.0 1.0 0.0 1.0 75
4.0 1.0 0.0 1.0 76
4.0 1.0 4.0 0.0 77
0.0 0.8699192690120835 0.0 1.0 78
4.0 1.1127874013089418 4.0 1.0 79
0.0 1.2595333452654844 0.0 1.0 80
4.0 0.7695770082882066 4.0 1.0 81
4.237359103383195 1.0 4.0 1.0 82
0.0 0.6184972944040558 0.0 1.0 83
4.0 1.362292354786378 4.0 1.0 84
0.0 0.37443051270455635 0.0 1.0 85
4.0 0.38923775800750415 4.0 1.0 86
4.0 1.6253472226268835 4.0 1.0 87
4.627389882904534 1.0 4.0 1.0 88
0.0 0.12343683242533836 0.0 1.0 89
0.0 1.8723724472078733 0.0 1.0 90
4.0 1.8733216385113107 4.0 1.0 91
*** t = 52
0.9933317448095141 1.0 4.0 1.0 1
0.8748910839583712 1.0 4.0 1.0 3
1.0204337145720415 1.0 4.0 1.0 5
3.5143615626553046 1.0 0.0 1.0 7
0.0 1.4946294627251095 0.0 2.0 10
3.753159245325186 1.0 0.0 1.0 11
0.5062140288536052 1.0 4.0 1.0 12
4.0 1.0 0.0 1.0 15
0.2560248644975158 1.0 4.0 1.0 17
4.0 0.8698644778615514 4.0 0.0 18
0.1675793889786961 1.0 0.0 1.0 19
0.1889341294533146 1.0 0.0 1.0 20
3.6017202063873555 1.0 4.0 1.0 22
3.4608849844918517 1.0 4.0 1.0 24
0.5058016375212149 1.0 0.0 1.0 25
0.575245232181949 1.0 0.0 1.0 26
0.7218640618774811 1.0 0.0 1.0 28
0.9026889607743303 1.0 0.0 1.0 30
0.7092098046629536 1.0 0.0 1.0 32
2.7508891187961098 1.0 4.0 1.0 38
2.358573289198669 1.0 4.0 1.0 40
1.6475071588875285 1.0 0.0 1.0 43
2.3086848984822477 1.0 4.0 1.0 45
1.73153646193742 1.0 0.0 1.0 46
2.007046852761917 1.0 0.0 1.0 47
2.0588233594037106 1.0 0.0 1.0 48
2.3972780797958437 1.0 0.0 1.0 55
1.3545124218776403 1.0 4.0 1.0 56
2.888147205733492 1.0 0.0 1.0 61
0.999234038155329 1.0 4.0 1.0 62
1.0270716396198456 1.0 4.0 1.0 63
3.139934714371171 1.0 0.0 1.0 65
3.1546094343265536 1.0 0.0 1.0 66
0.6207777479236373 1.0 4.0 1.0 67
3.248493251203863 1.0 0.0 1.0 68
4.0 0.5259351306580817 4.0 0.0 69
3.364740013384265 1.0 0.0 1.0 70
0.0 1.5005176855864484 0.0 2.0 71
0.5183237668568895 1.0 4.0 1.0 72
4.508527305368865 1.0 5.0 1.0 73
0.0 1.2577638286744546 0.0 2.0 74
3.876526595560828 1.0 0.0 1.0 75
3.8789530138433963 1.0 0.0 1.0 76
4.0 0.8795096813043323 4.0 0.0 77
0.0 0.994193450299524 0.0 1.0 78
4.0 1.0 4.0 0.0 79
0.0 1.1361222361430652 0.0 1.0 80
4.0 0.8978398430029078 4.0 1.0 81
4.110252287280394 1.0 4.0 1.0 82
0.0 0.7421967532848669 0.0 1.0 83
4.0 1.2347508257436535 4.0 1.0 84
0.0 0.49924068360607515 0.0 1.0 85
4.0 0.5189836773433388 4.0 1.0 86
4.0 1.5004629635025113 4.0 1.0 87
4.503186510539379 1.0 4.0 1.0 88
0.0 0.24687366485067672 0.0 1.0 89
0.0 1.7447448944157466 0.0 1.0 90
4.0 1.7466432770226215 4.0 1.0 91
4.0 0.12414701890588649 4.0 1.0 92
4.876595850000731 1.0 4.0 1.0 93
*** t = 53
1.1174982129107034 1.0 4.0 1.0 1
0.9998755245238529 1.0 4.0 1.0 3
1.1479879288935466 1.0 4.0 1.0 5
3.392951953319131 1.0 0.0 1.0 7
0.0 1.618286828406387 0.0 2.0 10
3.629738867987779 1.0 0.0 1.0 11
0.6327675360670065 1.0 4.0 1.0 12
3.8760983718544444 1.0 0.0 1.0 15
0.38403729674627374 1.0 4.0 1.0 17
4.0 0.7397289557231028 4.0 0.0 18
0.043952917655428136 1.0 0.0 1.0 19
0.0659965207260021 1.0 0.0 1.0 20
3.7259174548834713 1.0 4.0 1.0 22
3.584488019652275 1.0 4.0 1.0 24
0.38100883886125836 1.0 0.0 1.0 25
0.4529325619027329 1.0 0.0 1.0 26
0.6004516197247951 1.0 0.0 1.0 28
0.7787965192053035 1.0 0.0 1.0 30
0.5826409509961441 1.0 0.0 1.0 32
2.875929533286842 1.0 4.0 1.0 38
2.482708725472283 1.0 4.0 1.0 40
1.5236917461973984 1.0 0.0 1.0 43
2.43694517062015 1.0 4.0 1.0 45
1.6055107098228323 1.0 0.0 1.0 46
1.8824872810595366 1.0 0.0 1.0 47
1.9374998193664428 1.0 0.0 1.0 48
2.273991778241678 1.0 0.0 1.0 55
1.4776499147756077 1.0 4.0 1.0 56
2.7646080063705467 1.0 0.0 1.0 61
1.124138292924745 1.0 4.0 1.0 62
1.1554555945723264 1.0 4.0 1.0 63
3.017068244995624 1.0 0.0 1.0 65
3.0338393535160613 1.0 0.0 1.0 66
0.7449332975083647 1.0 4.0 1.0 67
3.1232421264045067 1.0 0.0 1.0 68
4.0 0.4074189133226022 4.0 0.0 69
3.237688016061118 1.0 0.0 1.0 70
0.0 1.6256471069830605 0.0 2.0 71
0.6479047085711119 1.0 4.0 1.0 72
4.635659131711082 1.0 5.0 1.0 73
0.0 1.3866457430116819 0.0 2.0 74
3.753053191121656 1.0 0.0 1.0 75
3.7579060276867926 1.0 0.0 1.0 76
4.0 0.7590193626086645 4.0 0.0 77
0.0 1.0 4.0 1.0 78
4.0 0.8732553430441345 4.0 0.0 79
0.0 1.012711127020646 0.0 1.0 80
4.0 1.0 4.0 2.0 81
4.0 1.0 0.0 1.0 82
0.0 0.865896212165678 0.0 1.0 83
4.0 1.107209296700929 4.0 1.0 84
0.0 0.6240508545075939 0.0 1.0 85
4.0 0.6487295966791735 4.0 1.0 86
4.0 1.3755787043781391 4.0 1.0 87
4.378983138174224 1.0 4.0 1.0 88
0.0 0.37031049727601506 0.0 1.0 89
0.0 1.61711734162362 0.0 1.0 90
4.0 1.6199649155339322 4.0 1.0 91
4.0 0.24829403781177298 4.0 1.0 92
4.753191700001462 1.0 4.0 1.0 93
0.0 0.12658048202123634 0.0 1.0 94
4.0 1.8743812412704086 4.0 1.0 95
*** t = 54
1.2416646810118928 1.0 4.0 1.0 1
1.1248599650893345 1.0 4.0 1.0 3
1.2755421432150518 1.0 4.0 1.0 5
3.271542343982957 1.0 0.0 1.0 7
0.0 1.7419441940876643 0.0 2.0 10
3.506318490650372 1.0 0.0 1.0 11
0.7593210432804078 1.0 4.0 1.0 12
3.752196743708889 1.0 0.0 1.0 15
0.5120497289950316 1.0 4.0 1.0 17
4.0 0.6095934335846542 4.0 0.0 18
0.0 1.0 0.0 0.0 19
0.0 1.0 4.0 1.0 20
3.850114703379587 1.0 4.0 1.0 22
3.708091054812698 1.0 4.0 1.0 24
0.25621604020130184 1.0 0.0 1.0 25
0.3306198916235168 1.0 0.0 1.0 26
0.4790391775721091 1.0 0.0 1.0 28
0.6549040776362767 1.0 0.0 1.0 30
0.4560720973293346 1.0 0.0 1.0 32
3.000969947777574 1.0 4.0 1.0 38
2.606844161745897 1.0 4.0 1.0 40
1.3998763335072684 1.0 0.0 1.0 43
2.5652054427580526 1.0 4.0 1.0 45
1.4794849577082445 1.0 0.0 1.0 46
1.7579277093571561 1.0 0.0 1.0 47
1.816176279329175 1.0 0.0 1.0 48
2.150705476687512 1.0 0.0 1.0 55
1.600787407673575 1.0 4.0 1.0 56
2.6410688070076014 1.0 0.0 1.0 61
1.2490425476941611 1.0 4.0 1.0 62
1.2838395495248072 1.0 4.0 1.0 63
2.894201775620077 1.0 0.0 1.0 65
2.913069272705569 1.0 0.0 1.0 66
0.8690888470930921 1.0 4.0 1.0 67
2.9979910016051505 1.0 0.0 1.0 68
4.0 0.2889026959871227 4.0 0.0 69
3.110636018737971 1.0 0.0 1.0 70
0.0 1.7507765283796726 0.0 2.0 71
0.7774856502853343 1.0 4.0 1.0 72
4.762790958053298 1.0 5.0 1.0 73
0.0 1.5155276573489092 0.0 2.0 74
3.6295797866824837 1.0 0.0 1.0 75
3.636859041530189 1.0 0.0 1.0 76
4.0 0.6385290439129968 4.0 0.0 77
0.1242741812874405 1.0 4.0 1.0 78
4.0 0.7465106860882691 4.0 0.0 79
0.0 1.0 4.0 1.0 80
4.0 1.128262834714701 4.0 2.0 81
3.872893183897199 1.0 0.0 1.0 82
0.0 0.9895956710464892 0.0 1.0 83
4.0 1.0 4.0 2.0 84
0.0 0.7488610254091127 0.0 1.0 85
4.0 0.7784755160150082 4.0 1.0 86
4.0 1.250694445253767 4.0 1.0 87
4.254779765809069 1.0 4.0 1.0 88
0.0 0.49374732970135343 0.0 1.0 89
0.0 1.4894897888314933 0.0 1.0 90
4.0 1.493286554045243 4.0 1.0 91
4.0 0.3724410567176595 4.0 1.0 92
4.629787550002193 1.0 4.0 1.0 93
0.0 0.2531609640424727 0.0 1.0 94
4.0 1.7487624825408172 4.0 1.0 95
*** t = 55
1.3658311491130821 1.0 4.0 1.0 1
1.2498444056548161 1.0 4.0 1.0 3
1.403096357536557 1.0 4.0 1.0 5
3.150132734646783 1.0 0.0 1.0 7
0.0 1.8656015597689417 0.0 2.0 10
3.382898113312965 1.0 0.0 1.0 11
0.8858745504938091 1.0 4.0 1.0 12
3.628295115563333 1.0 0.0 1.0 15
0.6400621612437896 1.0 4.0 1.0 17
4.0 0.4794579114462056 4.0 0.0 18
0.0 0.876373528676732 0.0 0.0 19
0.12293760872731249 1.0 4.0 1.0 20
3.974311951875703 1.0 4.0 1.0 22
3.831694089973121 1.0 4.0 1.0 24
0.1314232415413453 1.0 0.0 1.0 25
0.20830722134430069 1.0 0.0 1.0 26
0.35762673541942314 1.0 0.0 1.0 28
0.5310116360672499 1.0 0.0 1.0 30
0.32950324366252515 1.0 0.0 1.0 32
3.1260103622683064 1.0 4.0 1.0 38
2.730979598019511 1.0 4.0 1.0 40
1.2760609208171383 1.0 0.0 1.0 43
2.693465714895955 1.0 4.0 1.0 45
1.3534592055936567 1.0 0.0 1.0 46
1.6333681376547757 1.0 0.0 1.0 47
1.694852739291907 1.0 0.0 1.0 48
2.027419175133346 1.0 0.0 1.0 55
1.7239249005715425 1.0 4.0 1.0 56
2.517529607644656 1.0 0.0 1.0 61
1.3739468024635773 1.0 4.0 1.0 62
1.412223504477288 1.0 4.0 1.0 63
2.77133530624453 1.0 0.0 1.0 65
2.7922991918950766 1.0 0.0 1.0 66
0.9932443966778195 1.0 4.0 1.0 67
2.8727398768057943 1.0 0.0 1.0 68
4.0 0.1703864786516432 4.0 0.0 69
2.983584021414824 1.0 0.0 1.0 70
0.0 1.8759059497762847 0.0 2.0 71
0.9070665919995567 1.0 4.0 1.0 72
4.889922784395514 1.0 5.0 1.0 73
0.0 1.6444095716861364 0.0 2.0 74
3.5061063822433116 1.0 0.0 1.0 75
3.515812055373585 1.0 0.0 1.0 76
4.0 0.5180387252173291 4.0 0.0 77
0.248548362574881 1.0 4.0 1.0 78
4.0 0.6197660291324036 4.0 0.0 79
0.12341110912241929 1.0 4.0 1.0 80
4.0 1.256525669429402 4.0 2.0 81
3.7457863677943983 1.0 0.0 1.0 82
0.0 1.0 0.0 2.0 83
4.0 1.1275415290427244 4.0 2.0 84
0.0 0.8736711963106315 0.0 1.0 85
4.0 0.9082214353508429 4.0 1.0 86
4.0 1.1258101861293948 4.0 1.0 87
4.1305763934439135 1.0 4.0 1.0 88
0.0 0.6171841621266918 0.0 1.0 89
0.0 1.3618622360393666 0.0 1.0 90
4.0 1.3666081925565536 4.0 1.0 91
4.0 0.49658807562354595 4.0 1.0 92
4.506383400002925 1.0 4.0 1.0 93
0.0 0.379741446063709 0.0 1.0 94
4.0 1.6231437238112258 4.0 1.0 95
0.0 0.12451956238591023 0.0 1.0 96
4.0 0.12879029612996523 4.0 1.0 97
4.0 1.8745202892868005 4.0 1.0 98
4.872404578008705 1.0 4.0 1.0 99
*** t = 56
1.4899976172142715 1.0 4.0 1.0 1
1.3748288462202978 1.0 4.0 1.0 3
1.530650571858062 1.0 4.0 1.0 5
3.0287231253106093 1.0 0.0 1.0 7
0.0 1.989258925450219 0.0 2.0 10
3.2594777359755582 1.0 0.0 1.0 11
1.0124280577072104 1.0 4.0 1.0 12
3.5043934874177776 1.0 0.0 1.0 15
0.7680745934925475 1.0 4.0 1.0 17
4.0 0.34932238930775694 4.0 0.0 18
0.0 0.752747057353464 0.0 0.0 19
0.24587521745462498 1.0 4.0 1.0 20
4.0 1.0 4.0 0.0 22
3.9552971251335443 1.0 4.0 1.0 24
0.006630442881388754 1.0 0.0 1.0 25
0.08599455106508459 1.0 0.0 1.0 26
0.23621429326673718 1.0 0.0 1.0 28
0.40711919449822315 1.0 0.0 1.0 30
0.2029343899957157 1.0 0.0 1.0 32
3.2510507767590386 1.0 4.0 1.0 38
2.855115034293125 1.0 4.0 1.0 40
1.1522455081270082 1.0 0.0 1.0 43
2.8217259870338576 1.0 4.0 1.0 45
1.227433453479069 1.0 0.0 1.0 46
1.5088085659523953 1.0 0.0 1.0 47
1.5735291992546392 1.0 0.0 1.0 48
1.90413287357918 1.0 0.0 1.0 55
1.8470623934695098 1.0 4.0 1.0 56
2.3939904082817107 1.0 0.0 1.0 61
1.4988510572329934 1.0 4.0 1.0 62
1.5406074594297687 1.0 4.0 1.0 63
2.648468836868983 1.0 0.0 1.0 65
2.6715291110845842 1.0 0.0 1.0 66
1.117399946262547 1.0 4.0 1.0 67
2.747488752006438 1.0 0.0 1.0 68
4.0 0.051870261316163666 4.0 0.0 69
2.856532024091677 1.0 0.0 1.0 70
1.036647533713779 1.0 4.0 1.0 72
0.0 1.7732914860233637 0.0 2.0 74
3.3826329778041395 1.0 0.0 1.0 75
3.3947650692169815 1.0 0.0 1.0 76
4.0 0.3975484065216613 4.0 0.0 77
0.3728225438623215 1.0 4.0 1.0 78
4.0 0.4930213721765382 4.0 0.0 79
0.24682221824483858 1.0 4.0 1.0 80
4.0 1.384788504144103 4.0 2.0 81
3.6186795516915975 1.0 0.0 1.0 82
0.0 1.1236994588808111 0.0 2.0 83
4.0 1.2550830580854488 4.0 2.0 84
0.0 0.9984813672121503 0.0 1.0 85
4.0 1.0 4.0 0.0 86
4.0 1.0009259270050226 4.0 1.0 87
4.006373021078758 1.0 4.0 1.0 88
0.0 0.7406209945520301 0.0 1.0 89
0.0 1.23423468324724 0.0 1.0 90
4.0 1.2399298310678644 4.0 1.0 91
4.0 0.6207350945294324 4.0 1.0 92
4.382979250003656 1.0 4.0 1.0 93
0.0 0.5063219280849454 0.0 1.0 94
4.0 1.4975249650816345 4.0 1.0 95
0.0 0.24903912477182047 0.0 1.0 96
4.0 0.25758059225993046 4.0 1.0 97
4.0 1.749040578573601 4.0 1.0 98
4.744809156017411 1.0 4.0 1.0 99
0.0 1.872838518301 0.0 1.0 100
*** t = 57
1.6141640853154609 1.0 4.0 1.0 1
1.4998132867857794 1.0 4.0 1.0 3
1.6582047861795672 1.0 4.0 1.0 5
2.9073135159744354 1.0 0.0 1.0 7
3.1360573586381513 1.0 0.0 1.0 11
1.1389815649206119 1.0 4.0 1.0 12
3.380491859272222 1.0 0.0 1.0 15
0.8960870257413054 1.0 4.0 1.0 17
4.0 0.2191868671693083 4.0 0.0 18
0.0 0.629120586030196 0.0 0.0 19
0.36881282618193745 1.0 4.0 1.0 20
4.0 0.8758027515038843 4.0 0.0 22
4.0 1.0 0.0 1.0 24
0.0 1.0 0.0 2.0 25
0.0 1.0 4.0 1.0 26
0.11480185111405122 1.0 0.0 1.0 28
0.2832267529291964 1.0 0.0 1.0 30
0.07636553632890625 1.0 0.0 1.0 32
3.376091191249771 1.0 4.0 1.0 38
2.979250470566739 1.0 4.0 1.0 40
1.0284300954368781 1.0 0.0 1.0 43
2.94998625917176 1.0 4.0 1.0 45
1.1014077013644812 1.0 0.0 1.0 46
1.384248994250015 1.0 0.0 1.0 47
1.4522056592173713 1.0 0.0 1.0 48
1.780846572025014 1.0 0.0 1.0 55
1.9701998863674772 1.0 4.0 1.0 56
2.2704512089187654 1.0 0.0 1.0 61
1.6237553120024095 1.0 4.0 1.0 62
1.6689914143822495 1.0 4.0 1.0 63
2.525602367493436 1.0 0.0 1.0 65
2.550759030274092 1.0 0.0 1.0 66
1.2415554958472745 1.0 4.0 1.0 67
2.622237627207082 1.0 0.0 1.0 68
2.72948002676853 1.0 0.0 1.0 70
1.1662284754280015 1.0 4.0 1.0 72
0.0 1.902173400360591 0.0 2.0 74
3.2591595733649674 1.0 0.0 1.0 75
3.273718083060378 1.0 0.0 1.0 76
4.0 0.2770580878259935 4.0 0.0 77
0.497096725149762 1.0 4.0 1.0 78
4.0 0.36627671522067273 4.0 0.0 79
0.3702333273672579 1.0 4.0 1.0 80
4.0 1.513051338858804 4.0 2.0 81
3.4915727355887967 1.0 0.0 1.0 82
0.0 1.2473989177616223 0.0 2.0 83
4.0 1.3826245871281733 4.0 2.0 84
0.0 1.0 4.0 1.0 85
4.0 0.8702540806641653 4.0 0.0 86
4.0 1.0 4.0 2.0 87
4.0 1.0 4.0 0.0 88
0.0 0.8640578269773684 0.0 1.0 89
0.0 1.1066071304551133 0.0 1.0 90
4.0 1.113251469579175 4.0 1.0 91
4.0 0.744882113435319 4.0 1.0 92
4.259575100004387 1.0 4.0 1.0 93
0.0 0.6329024101061818 0.0 1.0 94
4.0 1.371906206352043 4.0 1.0 95
0.0 0.3735586871577307 0.0 1.0 96
4.0 0.3863708883898957 4.0 1.0 97
4.0 1.6235608678604014 4.0 1.0 98
4.617213734026116 1.0 4.0 1.0 99
0.0 1.7456770366019998 0.0 1.0 100
0.0 0.12626799100666616 0.0 1.0 101
4.0 1.8779758531586073 4.0 1.0 102
*** t = 58
1.7383305534166502 1.0 4.0 1.0 1
1.624797727351261 1.0 4.0 1.0 3
1.7857590005010724 1.0 4.0 1.0 5
2.7859039066382616 1.0 0.0 1.0 7
3.0126369813007443 1.0 0.0 1.0 11
1.2655350721340133 1.0 4.0 1.0 12
3.2565902311266663 1.0 0.0 1.0 15
1.0240994579900633 1.0 4.0 1.0 17
4.0 0.08905134503085965 4.0 0.0 18
0.0 0.5054941147069281 0.0 0.0 19
0.49175043490924997 1.0 4.0 1.0 20
4.0 0.7516055030077686 4.0 0.0 22
3.876396964839577 1.0 0.0 1.0 24
0.0 1.1247927986599566 0.0 2.0 25
0.12231267027921609 1.0 4.0 1.0 26
0.0 1.0 4.0 1.0 28
0.15933431136016968 1.0 0.0 1.0 30
0.0 1.0 4.0 1.0 32
3.501131605740503 1.0 4.0 1.0 38
3.103385906840353 1.0 4.0 1.0 40
0.904614682746748 1.0 0.0 1.0 43
3.0782465313096625 1.0 4.0 1.0 45
0.9753819492498933 1.0 0.0 1.0 46
1.2596894225476345 1.0 0.0 1.0 47
1.3308821191801035 1.0 0.0 1.0 48
1.6575602704708479 1.0 0.0 1.0 55
2.0933373792654444 1.0 4.0 1.0 56
2.14691200955582 1.0 0.0 1.0 61
1.7486595667718257 1.0 4.0 1.0 62
1.7973753693347303 1.0 4.0 1.0 63
2.402735898117889 1.0 0.0 1.0 65
2.4299889494635996 1.0 0.0 1.0 66
1.365711045432002 1.0 4.0 1.0 67
2.496986502407726 1.0 0.0 1.0 68
2.602428029445383 1.0 0.0 1.0 70
1.2958094171422239 1.0 4.0 1.0 72
3.1356861689257953 1.0 0.0 1.0 75
3.152671096903774 1.0 0.0 1.0 76
4.0 0.15656776913032572 4.0 0.0 77
0.6213709064372025 1.0 4.0 1.0 78
4.0 0.23953205826480728 4.0 0.0 79
0.49364443648967715 1.0 4.0 1.0 80
4.0 1.641314173573505 4.0 2.0 81
3.364465919485996 1.0 0.0 1.0 82
0.0 1.3710983766424334 0.0 2.0 83
4.0 1.5101661161708977 4.0 2.0 84
0.12481017090151879 1.0 4.0 1.0 85
4.0 0.7405081613283306 4.0 0.0 86
4.0 1.1248842591243722 4.0 2.0 87
4.0 0.8757966276348446 4.0 0.0 88
0.0 0.9874946594027068 0.0 1.0 89
0.0 1.0 4.0 1.0 90
4.0 1.0 0.0 1.0 91
4.0 0.8690291323412055 4.0 1.0 92
4.136170950005118 1.0 4.0 1.0 93
0.0 0.7594828921274182 0.0 1.0 94
4.0 1.2462874476224517 4.0 1.0 95
0.0 0.49807824954364094 0.0 1.0 96
4.0 0.5151611845198609 4.0 1.0 97
4.0 1.498081157147202 4.0 1.0 98
4.489618312034821 1.0 4.0 1.0 99
0.0 1.6185155549029997 0.0 1.0 100
0.0 0.2525359820133323 0.0 1.0 101
4.0 1.7559517063172145 4.0 1.0 102
4.0 0.12292230586096624 4.0 1.0 103
4.869351953827313 1.0 4.0 1.0 104
*** t = 59
1.8624970215178396 1.0 4.0 1.0 1
1.7497821679167427 1.0 4.0 1.0 3
1.9133132148225775 1.0 4.0 1.0 5
2.6644942973020878 1.0 0.0 1.0 7
2.8892166039633373 1.0 0.0 1.0 11
1.3920885793474147 1.0 4.0 1.0 12
3.1326886029811107 1.0 0.0 1.0 15
1.1521118902388212 1.0 4.0 1.0 17
0.0 0.3818676433836601 0.0 0.0 19
0.6146880436365625 1.0 4.0 1.0 20
4.0 0.6274082545116529 4.0 0.0 22
3.7527939296791537 1.0 0.0 1.0 24
0.0 1.2495855973199133 0.0 2.0 25
0.24462534055843219 1.0 4.0 1.0 26
0.12141244215268596 1.0 4.0 1.0 28
0.03544186979114293 1.0 0.0 1.0 30
0.12656885366680945 1.0 4.0 1.0 32
3.6261720202312353 1.0 4.0 1.0 38
3.227521343113967 1.0 4.0 1.0 40
0.7807992700566178 1.0 0.0 1.0 43
3.206506803447565 1.0 4.0 1.0 45
0.8493561971353054 1.0 0.0 1.0 46
1.135129850845254 1.0 0.0 1.0 47
1.2095585791428356 1.0 0.0 1.0 48
1.5342739689166818 1.0 0.0 1.0 55
2.2164748721634115 1.0 4.0 1.0 56
2.0233728101928747 1.0 0.0 1.0 61
1.8735638215412418 1.0 4.0 1.0 62
1.925759324287211 1.0 4.0 1.0 63
2.2798694287423418 1.0 0.0 1.0 65
2.309218868653107 1.0 0.0 1.0 66
1.4898665950167296 1.0 4.0 1.0 67
2.3717353776083696 1.0 0.0 1.0 68
2.4753760321222362 1.0 0.0 1.0 70
1.4253903588564463 1.0 4.0 1.0 72
3.0122127644866232 1.0 0.0 1.0 75
3.0316241107471704 1.0 0.0 1.0 76
4.0 0.036077450434657946 4.0 0.0 77
0.745645087724643 1.0 4.0 1.0 78
4.0 0.11278740130894183 4.0 0.0 79
0.6170555456120964 1.0 4.0 1.0 80
4.0 1.769577008288206 4.0 2.0 81
3.237359103383195 1.0 0.0 1.0 82
0.0 1.4947978355232445 0.0 2.0 83
4.0 1.637707645213622 4.0 2.0 84
0.24962034180303758 1.0 4.0 1.0 85
4.0 0.610762241992496 4.0 0.0 86
4.0 1.2497685182487444 4.0 2.0 87
4.0 0.7515932552696891 4.0 0.0 88
0.0 1.0 4.0 1.0 89
0.12762755279212668 1.0 4.0 1.0 90
3.8733216385113107 1.0 0.0 1.0 91
4.0 0.993176151247092 4.0 1.0 92
4.012766800005849 1.0 4.0 1.0 93
0.0 0.8860633741486545 0.0 1.0 94
4.0 1.1206686888928603 4.0 1.0 95
0.0 0.6225978119295512 0.0 1.0 96
4.0 0.6439514806498261 4.0 1.0 97
4.0 1.3726014464340024 4.0 1.0 98
4.3620228900435265 1.0 4.0 1.0 99
0.0 1.4913540732039996 0.0 1.0 100
0.0 0.37880397301999846 0.0 1.0 101
4.0 1.6339275594758218 4.0 1.0 102
4.0 0.24584461172193248 4.0 1.0 103
4.738703907654626 1.0 4.0 1.0 104
0.0 0.1242005955703233 0.0 1.0 105
4.0 1.8779200623226617 4.0 1.0 106
*** t = 60
1.986663489619029 1.0 4.0 1.0 1
1.8747666084822243 1.0 4.0 1.0 3
2.040867429144083 1.0 4.0 1.0 5
2.543084687965914 1.0 0.0 1.0 7
2.7657962266259304 1.0 0.0 1.0 11
1.5186420865608161 1.0 4.0 1.0 12
3.008786974835555 1.0 0.0 1.0 15
1.2801243224875791 1.0 4.0 1.0 17
0.0 0.2582411720603921 0.0 0.0 19
0.737625652363875 1.0 4.0 1.0 20
4.0 0.5032110060155373 4.0 0.0 22
3.6291908945187306 1.0 0.0 1.0 24
0.0 1.3743783959798699 0.0 2.0 25
0.36693801083764827 1.0 4.0 1.0 26
0.2428248843053719 1.0 4.0 1.0 28
0.0 1.0 0.0 0.0 30
0.2531377073336189 1.0 4.0 1.0 32
3.7512124347219675 1.0 4.0 1.0 38
3.351656779387581 1.0 4.0 1.0 40
0.6569838573664876 1.0 0.0 1.0 43
3.3347670755854675 1.0 4.0 1.0 45
0.7233304450207175 1.0 0.0 1.0 46
1.0105702791428737 1.0 0.0 1.0 47
1.0882350391055677 1.0 0.0 1.0 48
1.4109876673625157 1.0 0.0 1.0 55
2.3396123650613787 1.0 4.0 1.0 56
1.8998336108299294 1.0 0.0 1.0 61
1.998468076310658 1.0 4.0 1.0 62
2.0541432792396916 1.0 4.0 1.0 63
2.1570029593667948 1.0 0.0 1.0 65
2.188448787842615 1.0 0.0 1.0 66
1.614022144601457 1.0 4.0 1.0 67
2.2464842528090134 1.0 0.0 1.0 68
2.3483240347990892 1.0 0.0 1.0 70
1.5549713005706687 1.0 4.0 1.0 72
2.888739360047451 1.0 0.0 1.0 75
2.9105771245905667 1.0 0.0 1.0 76
0.8699192690120835 1.0 4.0 1.0 78
0.7404666547345157 1.0 4.0 1.0 80
4.0 1.897839843002907 4.0 2.0 81
3.110252287280394 1.0 0.0 1.0 82
0.0 1.6184972944040557 0.0 2.0 83
4.0 1.7652491742563465 4.0 2.0 84
0.37443051270455635 1.0 4.0 1.0 85
4.0 0.4810163226566613 4.0 0.0 86
4.0 1.3746527773731165 4.0 2.0 87
4.0 0.6273898829045337 4.0 0.0 88
0.12343683242533836 1.0 4.0 1.0 89
0.25525510558425335 1.0 4.0 1.0 90
3.7466432770226215 1.0 0.0 1.0 91
4.0 1.0 0.0 1.0 92
4.0 1.0 0.0 1.0 93
0.0 1.0 4.0 1.0 94
4.0 1.0 0.0 1.0 95
0.0 0.7471173743154614 0.0 1.0 96
4.0 0.7727417767797913 4.0 1.0 97
4.0 1.2471217357208029 4.0 1.0 98
4.234427468052232 1.0 4.0 1.0 99
0.0 1.3641925915049995 0.0 1.0 100
0.0 0.5050719640266647 0.0 1.0 101
4.0 1.511903412634429 4.0 1.0 102
4.0 0.3687669175828987 4.0 1.0 103
4.608055861481939 1.0 4.0 1.0 104
0.0 0.2484011911406466 0.0 1.0 105
4.0 1.7558401246453235 4.0 1.0 106
*** t = 61
2.110829957720218 1.0 4.0 1.0 1
1.999751049047706 1.0 4.0 1.0 3
2.1684216434655883 1.0 4.0 1.0 5
2.42167507862974 1.0 0.0 1.0 7
2.6423758492885234 1.0 0.0 1.0 11
1.6451955937742175 1.0 4.0 1.0 12
2.8848853466899995 1.0 0.0 1.0 15
1.408136754736337 1.0 4.0 1.0 17
0.0 0.13461470073712414 0.0 0.0 19
0.8605632610911875 1.0 4.0 1.0 20
4.0 0.37901375751942157 4.0 0.0 22
3.5055878593583074 1.0 0.0 1.0 24
0.0 1.4991711946398265 0.0 2.0 25
0.48925068111686437 1.0 4.0 1.0 26
0.36423732645805784 1.0 4.0 1.0 28
0.0 0.8761075584309732 0.0 0.0 30
0.3797065610004283 1.0 4.0 1.0 32
3.8762528492126997 1.0 4.0 1.0 38
3.475792215661195 1.0 4.0 1.0 40
0.5331684446763574 1.0 0.0 1.0 43
3.46302734772337 1.0 4.0 1.0 45
0.5973046929061296 1.0 0.0 1.0 46
0.8860107074404933 1.0 0.0 1.0 47
0.9669114990682999 1.0 0.0 1.0 48
1.2877013658083496 1.0 0.0 1.0 55
2.462749857959346 1.0 4.0 1.0 56
1.776294411466984 1.0 0.0 1.0 61
2.123372331080074 1.0 4.0 1.0 62
2.182527234192172 1.0 4.0 1.0 63
2.0341364899912477 1.0 0.0 1.0 65
2.0676787070321225 1.0 0.0 1.0 66
1.7381776941861846 1.0 4.0 1.0 67
2.1212331280096572 1.0 0.0 1.0 68
2.2212720374759423 1.0 0.0 1.0 70
1.684552242284891 1.0 4.0 1.0 72
2.765265955608279 1.0 0.0 1.0 75
2.789530138433963 1.0 0.0 1.0 76
0.994193450299524 1.0 4.0 1.0 78
0.8638777638569349 1.0 4.0 1.0 80
2.9831454711775933 1.0 0.0 1.0 82
0.0 1.7421967532848668 0.0 2.0 83
4.0 1.892790703299071 4.0 2.0 84
0.49924068360607515 1.0 4.0 1.0 85
4.0 0.3512704033208266 4.0 0.0 86
4.0 1.4995370364974887 4.0 2.0 87
4.0 0.5031865105393782 4.0 0.0 88
0.24687366485067672 1.0 4.0 1.0 89
0.38288265837638 1.0 4.0 1.0 90
3.619964915533932 1.0 0.0 1.0 91
3.8758529810941136 1.0 0.0 1.0 92
3.876595850000731 1.0 0.0 1.0 93
0.12658048202123634 1.0 4.0 1.0 94
3.8743812412704086 1.0 0.0 1.0 95
0.0 0.8716369367013717 0.0 1.0 96
4.0 0.9015320729097565 4.0 1.0 97
4.0 1.1216420250076033 4.0 1.0 98
4.106832046060937 1.0 4.0 1.0 99
0.0 1.2370311098059994 0.0 1.0 100
0.0 0.6313399550333308 0.0 1.0 101
4.0 1.3898792657930363 4.0 1.0 102
4.0 0.49168922344386495 4.0 1.0 103
4.4774078153092525 1.0 4.0 1.0 104
0.0 0.3726017867109699 0.0 1.0 105
4.0 1.6337601869679852 4.0 1.0 106
0.0 0.12669905582707203 0.0 1.0 107
0.0 1.8749021534317671 0.0 1.0 108
4.0 0.12523707802998346 4.0 1.0 109
4.0 1.8766063919241014 4.0 1.0 110
4.871234511137045 1.0 4.0 1.0 111
*** t = 62
2.2349964258214072 1.0 4.0 1.0 1
2.1247354896131876 1.0 4.0 1.0 3
2.2959758577870937 1.0 4.0 1.0 5
2.3002654692935662 1.0 0.0 1.0 7
2.5189554719511165 1.0 0.0 1.0 11
1.771749100987619 1.0 4.0 1.0 12
2.760983718544444 1.0 0.0 1.0 15
1.536149186985095 1.0 4.0 1.0 17
0.0 0.010988229413856188 0.0 0.0 19
0.9835008698185 1.0 4.0 1.0 20
4.0 0.2548165090233059 4.0 0.0 22
3.3819848241978843 1.0 0.0 1.0 24
0.0 1.6239639932997831 0.0 2.0 25
0.6115633513960804 1.0 4.0 1.0 26
0.4856497686107438 1.0 4.0 1.0 28
0.0 0.7522151168619464 0.0 0.0 30
0.5062754146672378 1.0 4.0 1.0 32
4.0 1.0 0.0 1.0 38
3.599927651934809 1.0 4.0 1.0 40
0.40935303198622724 1.0 0.0 1.0 43
3.5912876198612724 1.0 4.0 1.0 45
0.47127894079154176 1.0 0.0 1.0 46
0.7614511357381128 1.0 0.0 1.0 47
0.845587959031032 1.0 0.0 1.0 48
1.1644150642541835 1.0 0.0 1.0 55
2.585887350857313 1.0 4.0 1.0 56
1.6527552121040388 1.0 0.0 1.0 61
2.24827658584949 1.0 4.0 1.0 62
2.3109111891446528 1.0 4.0 1.0 63
1.911270020615701 1.0 0.0 1.0 65
1.94690862622163 1.0 0.0 1.0 66
1.8623332437709121 1.0 4.0 1.0 67
1.9959820032103008 1.0 0.0 1.0 68
2.0942200401527953 1.0 0.0 1.0 70
1.8141331839991135 1.0 4.0 1.0 72
2.641792551169107 1.0 0.0 1.0 75
2.6684831522773593 1.0 0.0 1.0 76
1.1184676315869644 1.0 4.0 1.0 78
0.9872888729793542 1.0 4.0 1.0 80
2.8560386550747925 1.0 0.0 1.0 82
0.0 1.865896212165678 0.0 2.0 83
0.6240508545075939 1.0 4.0 1.0 85
4.0 0.2215244839849919 4.0 0.0 86
4.0 1.6244212956218609 4.0 2.0 87
4.0 0.3789831381742228 4.0 0.0 88
0.37031049727601506 1.0 4.0 1.0 89
0.5105102111685067 1.0 4.0 1.0 90
3.493286554045243 1.0 0.0 1.0 91
3.751705962188227 1.0 0.0 1.0 92
3.7531917000014623 1.0 0.0 1.0 93
0.2531609640424727 1.0 4.0 1.0 94
3.7487624825408172 1.0 0.0 1.0 95
0.0 0.9961564990872819 0.0 1.0 96
4.0 1.0 4.0 0.0 97
4.0 1.0 4.0 2.0 98
4.0 1.0 4.0 0.0 99
0.0 1.1098696281069993 0.0 1.0 100
0.0 0.757607946039997 0.0 1.0 101
4.0 1.2678551189516436 4.0 1.0 102
4.0 0.6146115293048312 4.0 1.0 103
4.346759769136566 1.0 4.0 1.0 104
0.0 0.4968023822812932 0.0 1.0 105
4.0 1.511680249290647 4.0 1.0 106
0.0 0.25339811165414405 0.0 1.0 107
0.0 1.7498043068635343 0.0 1.0 108
4.0 0.2504741560599669 4.0 1.0 109
4.0 1.7532127838482028 4.0 1.0 110
4.74246902227409 1.0 4.0 1.0 111
*** t = 63
2.3591628939225964 1.0 4.0 1.0 1
2.249719930178669 1.0 4.0 1.0 3
2.423530072108599 1.0 4.0 1.0 5
2.1788558599573924 1.0 0.0 1.0 7
2.3955350946137095 1.0 0.0 1.0 11
1.8983026082010204 1.0 4.0 1.0 12
2.6370820903988883 1.0 0.0 1.0 15
1.6641616192338529 1.0 4.0 1.0 17
1.1064384785458126 1.0 4.0 1.0 20
4.0 0.1306192605271902 4.0 0.0 22
3.258381789037461 1.0 0.0 1.0 24
0.0 1.7487567919597398 0.0 2.0 25
0.7338760216752965 1.0 4.0 1.0 26
0.6070622107634298 1.0 4.0 1.0 28
0.0 0.6283226752929196 0.0 0.0 30
0.6328442683340473 1.0 4.0 1.0 32
3.874959585509268 1.0 0.0 1.0 38
3.724063088208423 1.0 4.0 1.0 40
0.2855376192960971 1.0 0.0 1.0 43
3.719547891999175 1.0 4.0 1.0 45
0.34525318867695387 1.0 0.0 1.0 46
0.6368915640357324 1.0 0.0 1.0 47
0.7242644189937641 1.0 0.0 1.0 48
1.0411287627000174 1.0 0.0 1.0 55
2.70902484375528 1.0 4.0 1.0 56
1.5292160127410934 1.0 0.0 1.0 61
2.373180840618906 1.0 4.0 1.0 62
2.4392951440971333 1.0 4.0 1.0 63
1.7884035512401542 1.0 0.0 1.0 65
1.8261385454111374 1.0 0.0 1.0 66
1.9864887933556397 1.0 4.0 1.0 67
1.8707308784109444 1.0 0.0 1.0 68
1.9671680428296483 1.0 0.0 1.0 70
1.943714125713336 1.0 4.0 1.0 72
2.518319146729935 1.0 0.0 1.0 75
2.5474361661207556 1.0 0.0 1.0 76
1.2427418128744048 1.0 4.0 1.0 78
1.1106999821017736 1.0 4.0 1.0 80
2.7289318389719917 1.0 0.0 1.0 82
0.0 1.989595671046489 0.0 2.0 83
0.7488610254091127 1.0 4.0 1.0 85
4.0 0.09177856464915718 4.0 0.0 86
4.0 1.749305554746233 4.0 2.0 87
4.0 0.25477976580906736 4.0 0.0 88
0.49374732970135343 1.0 4.0 1.0 89
0.6381377639606334 1.0 4.0 1.0 90
3.3666081925565536 1.0 0.0 1.0 91
3.6275589432823407 1.0 0.0 1.0 92
3.6297875500021934 1.0 0.0 1.0 93
0.379741446063709 1.0 4.0 1.0 94
3.623143723811226 1.0 0.0 1.0 95
0.0 1.0 0.0 2.0 96
4.0 0.8712097038700348 4.0 0.0 97
4.0 1.1254797107131995 4.0 2.0 98
4.0 0.8724045780087051 4.0 0.0 99
0.0 1.0 4.0 1.0 100
0.0 0.8838759370466632 0.0 1.0 101
4.0 1.1458309721102509 4.0 1.0 102
4.0 0.7375338351657974 4.0 1.0 103
4.216111722963879 1.0 4.0 1.0 104
0.0 0.6210029778516165 0.0 1.0 105
4.0 1.3896003116133087 4.0 1.0 106
0.0 0.3800971674812161 0.0 1.0 107
0.0 1.6247064602953014 0.0 1.0 108
4.0 0.3757112340899504 4.0 1.0 109
4.0 1.6298191757723042 4.0 1.0 110
4.613703533411135 1.0 4.0 1.0 111
0.0 0.1245761530693162 0.0 1.0 112
4.0 1.8713108967802017 4.0 1.0 113
*** t = 64
2.4833293620237855 1.0 4.0 1.0 1
2.3747043707441504 1.0 4.0 1.0 3
2.5510842864301044 1.0 4.0 1.0 5
2.0574462506212186 1.0 0.0 1.0 7
2.2721147172763025 1.0 0.0 1.0 11
2.024856115414422 1.0 4.0 1.0 12
2.5131804622533327 1.0 0.0 1.0 15
1.7921740514826108 1.0 4.0 1.0 17
1.229376087273125 1.0 4.0 1.0 20
4.0 0.006422012031074523 4.0 0.0 22
3.134778753877038 1.0 0.0 1.0 24
0.0 1.8735495906196964 0.0 2.0 25
0.8561886919545126 1.0 4.0 1.0 26
0.7284746529161158 1.0 4.0 1.0 28
0.0 0.5044302337238928 0.0 0.0 30
0.7594131220008568 1.0 4.0 1.0 32
3.7499191710185356 1.0 0.0 1.0 38
3.848198524482037 1.0 4.0 1.0 40
0.16172220660596698 1.0 0.0 1.0 43
3.8478081641370774 1.0 4.0 1.0 45
0.219227436562366 1.0 0.0 1.0 46
0.512331992333352 1.0 0.0 1.0 47
0.6029408789564963 1.0 0.0 1.0 48
0.9178424611458513 1.0 0.0 1.0 55
2.8321623366532473 1.0 4.0 1.0 56
1.405676813378148 1.0 0.0 1.0 61
2.4980850953883222 1.0 4.0 1.0 62
2.567679099049614 1.0 4.0 1.0 63
1.6655370818646074 1.0 0.0 1.0 65
1.7053684646006448 1.0 0.0 1.0 66
2.110644342940367 1.0 4.0 1.0 67
1.745479753611588 1.0 0.0 1.0 68
1.8401160455065013 1.0 0.0 1.0 70
2.073295067427558 1.0 4.0 1.0 72
2.3948457422907627 1.0 0.0 1.0 75
2.426389179964152 1.0 0.0 1.0 76
1.3670159941618452 1.0 4.0 1.0 78
1.2341110912241928 1.0 4.0 1.0 80
2.601825022869191 1.0 0.0 1.0 82
0.8736711963106315 1.0 4.0 1.0 85
4.0 1.8741898138706052 4.0 2.0 87
4.0 0.13057639344391192 4.0 0.0 88
0.6171841621266918 1.0 4.0 1.0 89
0.76576531675276 1.0 4.0 1.0 90
3.2399298310678644 1.0 0.0 1.0 91
3.5034119243764543 1.0 0.0 1.0 92
3.5063834000029246 1.0 0.0 1.0 93
0.5063219280849454 1.0 4.0 1.0 94
3.4975249650816345 1.0 0.0 1.0 95
0.0 1.1245195623859103 0.0 2.0 96
4.0 0.7424194077400696 4.0 0.0 97
4.0 1.250959421426399 4.0 2.0 98
4.0 0.7448091560174102 4.0 0.0 99
0.1271614816990001 1.0 4.0 1.0 100
0.0 1.0 4.0 1.0 101
4.0 1.0238068252688581 4.0 1.0 102
4.0 0.8604561410267636 4.0 1.0 103
4.085463676791192 1.0 4.0 1.0 104
0.0 0.7452035734219398 0.0 1.0 105
4.0 1.2675203739359704 4.0 1.0 106
0.0 0.5067962233082881 0.0 1.0 107
0.0 1.4996086137270686 0.0 1.0 108
4.0 0.5009483121199338 4.0 1.0 109
4.0 1.5064255676964056 4.0 1.0 110
4.48493804454818 1.0 4.0 1.0 111
0.0 0.2491523061386324 0.0 1.0 112
4.0 1.7426217935604034 4.0 1.0 113
4.0 0.12339844273670324 4.0 1.0 114
4.874308102337859 1.0 4.0 1.0 115
*** t = 65
2.6074958301249747 1.0 4.0 1.0 1
2.499688811309632 1.0 4.0 1.0 3
2.67863850075161 1.0 4.0 1.0 5
1.9360366412850445 1.0 0.0 1.0 7
2.1486943399388956 1.0 0.0 1.0 11
2.151409622627823 1.0 4.0 1.0 12
2.389278834107777 1.0 0.0 1.0 15
1.9201864837313687 1.0 4.0 1.0 17
1.3523136960004374 1.0 4.0 1.0 20
3.011175718716615 1.0 0.0 1.0 24
0.0 1.998342389279653 0.0 2.0 25
0.9785013622337287 1.0 4.0 1.0 26
0.8498870950688018 1.0 4.0 1.0 28
0.0 0.3805377921548661 0.0 0.0 30
0.8859819756676662 1.0 4.0 1.0 32
3.6248787565278033 1.0 0.0 1.0 38
3.972333960755651 1.0 4.0 1.0 40
0.03790679391583683 1.0 0.0 1.0 43
3.97606843627498 1.0 4.0 1.0 45
0.09320168444777815 1.0 0.0 1.0 46
0.3877724206309716 1.0 0.0 1.0 47
0.4816173389192284 1.0 0.0 1.0 48
0.7945561595916852 1.0 0.0 1.0 55
2.9552998295512145 1.0 4.0 1.0 56
1.2821376140152028 1.0 0.0 1.0 61
2.6229893501577384 1.0 4.0 1.0 62
2.6960630540020945 1.0 4.0 1.0 63
1.5426706124890606 1.0 0.0 1.0 65
1.5845983837901523 1.0 0.0 1.0 66
2.2347998925250945 1.0 4.0 1.0 67
1.6202286288122316 1.0 0.0 1.0 68
1.7130640481833543 1.0 0.0 1.0 70
2.2028760091417805 1.0 4.0 1.0 72
2.2713723378515907 1.0 0.0 1.0 75
2.3053421938075482 1.0 0.0 1.0 76
1.4912901754492855 1.0 4.0 1.0 78
1.357522200346612 1.0 4.0 1.0 80
2.47471820676639 1.0 0.0 1.0 82
0.9984813672121503 1.0 4.0 1.0 85
4.0 1.9990740729949774 4.0 2.0 87
4.0 0.006373021078756494 4.0 0.0 88
0.7406209945520301 1.0 4.0 1.0 89
0.8933928695448867 1.0 4.0 1.0 90
3.113251469579175 1.0 0.0 1.0 91
3.379264905470568 1.0 0.0 1.0 92
3.3829792500036557 1.0 0.0 1.0 93
0.6329024101061818 1.0 4.0 1.0 94
3.371906206352043 1.0 0.0 1.0 95
0.0 1.2490391247718207 0.0 2.0 96
4.0 0.6136291116101045 4.0 0.0 97
4.0 1.3764391321395986 4.0 2.0 98
4.0 0.6172137340261152 4.0 0.0 99
0.2543229633980002 1.0 4.0 1.0 100
0.12626799100666616 1.0 4.0 1.0 101
4.0 1.0 4.0 0.0 102
4.0 0.9833784468877298 4.0 1.0 103
4.0 1.0 0.0 1.0 104
0.0 0.869404168992263 0.0 1.0 105
4.0 1.1454404362586321 4.0 1.0 106
0.0 0.6334952791353601 0.0 1.0 107
0.0 1.3745107671588357 0.0 1.0 108
4.0 0.6261853901499173 4.0 1.0 109
4.0 1.383031959620507 4.0 1.0 110
4.356172555685225 1.0 4.0 1.0 111
0.0 0.3737284592079486 0.0 1.0 112
4.0 1.613932690340605 4.0 1.0 113
4.0 0.24679688547340647 4.0 1.0 114
4.748616204675718 1.0 4.0 1.0 115
0.0 0.127275337009588 0.0 1.0 116
4.0 1.870452695255036 4.0 1.0 117
*** t = 66
2.731662298226164 1.0 4.0 1.0 1
2.6246732518751132 1.0 4.0 1.0 3
2.806192715073115 1.0 4.0 1.0 5
1.8146270319488704 1.0 0.0 1.0 7
2.0252739626014886 1.0 0.0 1.0 11
2.2779631298412246 1.0 4.0 1.0 12
2.2653772059622215 1.0 0.0 1.0 15
2.0481989159801266 1.0 4.0 1.0 17
1.4752513047277498 1.0 4.0 1.0 20
2.8875726835561917 1.0 0.0 1.0 24
1.1008140325129447 1.0 4.0 1.0 26
0.9712995372214878 1.0 4.0 1.0 28
0.0 0.25664535058583937 0.0 0.0 30
1.0125508293344756 1.0 4.0 1.0 32
3.499838342037071 1.0 0.0 1.0 38
4.0 1.0 0.0 1.0 40
0.0 1.0 4.0 1.0 43
4.0 1.0 0.0 1.0 45
0.0 1.0 0.0 2.0 46
0.2632128489285912 1.0 0.0 1.0 47
0.36029379888196056 1.0 0.0 1.0 48
0.6712698580375192 1.0 0.0 1.0 55
3.0784373224491817 1.0 4.0 1.0 56
1.1585984146522574 1.0 0.0 1.0 61
2.7478936049271545 1.0 4.0 1.0 62
2.824447008954575 1.0 4.0 1.0 63
1.4198041431135138 1.0 0.0 1.0 65
1.4638283029796597 1.0 0.0 1.0 66
2.358955442109822 1.0 4.0 1.0 67
1.4949775040128752 1.0 0.0 1.0 68
1.5860120508602074 1.0 0.0 1.0 70
2.332456950856003 1.0 4.0 1.0 72
2.1478989334124186 1.0 0.0 1.0 75
2.1842952076509445 1.0 0.0 1.0 76
1.615564356736726 1.0 4.0 1.0 78
1.4809333094690313 1.0 4.0 1.0 80
2.347611390663589 1.0 0.0 1.0 82
1.123291538113669 1.0 4.0 1.0 85
0.8640578269773684 1.0 4.0 1.0 89
1.0210204223370134 1.0 4.0 1.0 90
2.986573108090486 1.0 0.0 1.0 91
3.2551178865646815 1.0 0.0 1.0 92
3.259575100004387 1.0 0.0 1.0 93
0.7594828921274182 1.0 4.0 1.0 94
3.2462874476224517 1.0 0.0 1.0 95
0.0 1.373558687157731 0.0 2.0 96
4.0 0.48483881548013924 4.0 0.0 97
4.0 1.501918842852798 4.0 2.0 98
4.0 0.4896183120348203 4.0 0.0 99
0.3814844450970003 1.0 4.0 1.0 100
0.2525359820133323 1.0 4.0 1.0 101
4.0 0.8779758531586073 4.0 0.0 102
4.0 1.0 0.0 1.0 103
3.869351953827313 1.0 0.0 1.0 104
0.0 0.9936047645625863 0.0 1.0 105
4.0 1.0233604985812939 4.0 1.0 106
0.0 0.760194334962432 0.0 1.0 107
0.0 1.2494129205906028 0.0 1.0 108
4.0 0.7514224681799007 4.0 1.0 109
4.0 1.2596383515446083 4.0 1.0 110
4.22740706682227 1.0 4.0 1.0 111
0.0 0.4983046122772648 0.0 1.0 112
4.0 1.4852435871208067 4.0 1.0 113
4.0 0.3701953282101097 4.0 1.0 114
4.6229243070135775 1.0 4.0 1.0 115
0.0 0.254550674019176 0.0 1.0 116
4.0 1.740905390510072 4.0 1.0 117
0.0 1.8769918934688414 0.0 1.0 118
*** t = 67
2.855828766327353 1.0 4.0 1.0 1
2.7496576924405947 1.0 4.0 1.0 3
2.9337469293946206 1.0 4.0 1.0 5
1.6932174226126964 1.0 0.0 1.0 7
1.9018535852640814 1.0 0.0 1.0 11
2.404516637054626 1.0 4.0 1.0 12
2.141475577816666 1.0 0.0 1.0 15
2.1762113482288843 1.0 4.0 1.0 17
1.5981889134550622 1.0 4.0 1.0 20
2.7639696483957685 1.0 0.0 1.0 24
1.2231267027921608 1.0 4.0 1.0 26
1.0927119793741737 1.0 4.0 1.0 28
0.0 0.13275290901681264 0.0 0.0 30
1.139119683001285 1.0 4.0 1.0 32
3.374797927546339 1.0 0.0 1.0 38
3.875864563726386 1.0 0.0 1.0 40
0.12381541269013015 1.0 4.0 1.0 43
3.8717397278620975 1.0 0.0 1.0 45
0.0 1.1260257521145878 0.0 2.0 46
0.13865327722621082 1.0 0.0 1.0 47
0.2389702588446927 1.0 0.0 1.0 48
0.5479835564833531 1.0 0.0 1.0 55
3.201574815347149 1.0 4.0 1.0 56
1.035059215289312 1.0 0.0 1.0 61
2.8727978596965706 1.0 4.0 1.0 62
2.9528309639070556 1.0 4.0 1.0 63
1.296937673737967 1.0 0.0 1.0 65
1.3430582221691671 1.0 0.0 1.0 66
2.4831109916945495 1.0 4.0 1.0 67
1.3697263792135188 1.0 0.0 1.0 68
1.4589600535370604 1.0 0.0 1.0 70
2.4620378925702253 1.0 4.0 1.0 72
2.0244255289732465 1.0 0.0 1.0 75
2.063248221494341 1.0 0.0 1.0 76
1.7398385380241663 1.0 4.0 1.0 78
1.6043444185914506 1.0 4.0 1.0 80
2.2205045745607883 1.0 0.0 1.0 82
1.2481017090151878 1.0 4.0 1.0 85
0.9874946594027068 1.0 4.0 1.0 89
1.14864797512914 1.0 4.0 1.0 90
2.8598947466017965 1.0 0.0 1.0 91
3.130970867658795 1.0 0.0 1.0 92
3.136170950005118 1.0 0.0 1.0 93
0.8860633741486545 1.0 4.0 1.0 94
3.1206686888928603 1.0 0.0 1.0 95
0.0 1.4980782495436413 0.0 2.0 96
4.0 0.356048519350174 4.0 0.0 97
4.0 1.6273985535659976 4.0 2.0 98
4.0 0.3620228900435254 4.0 0.0 99
0.5086459267960004 1.0 4.0 1.0 100
0.37880397301999846 1.0 4.0 1.0 101
4.0 0.7559517063172145 4.0 0.0 102
3.8770776941390337 1.0 0.0 1.0 103
3.7387039076546262 1.0 0.0 1.0 104
0.0 1.0 4.0 1.0 105
4.0 1.0 4.0 0.0 106
0.0 0.886893390789504 0.0 1.0 107
0.0 1.12431507402237 0.0 1.0 108
4.0 0.8766595462098841 4.0 1.0 109
4.0 1.1362447434687097 4.0 1.0 110
4.098641577959315 1.0 4.0 1.0 111
0.0 0.622880765346581 0.0 1.0 112
4.0 1.3565544839010084 4.0 1.0 113
4.0 0.49359377094681295 4.0 1.0 114
4.497232409351437 1.0 4.0 1.0 115
0.0 0.381826011028764 0.0 1.0 116
4.0 1.611358085765108 4.0 1.0 117
0.0 1.7539837869376829 0.0 1.0 118
0.0 0.1253538917480901 0.0 1.0 119
4.0 0.12217730686668701 4.0 1.0 120
4.0 1.8776460913862854 4.0 1.0 121
4.87808822723644 1.0 4.0 1.0 122
*** t = 68
2.979995234428542 1.0 4.0 1.0 1
2.874642133006076 1.0 4.0 1.0 3
3.061301143716126 1.0 4.0 1.0 5
1.5718078132765223 1.0 0.0 1.0 7
1.7784332079266743 1.0 0.0 1.0 11
2.5310701442680275 1.0 4.0 1.0 12
2.0175739496711103 1.0 0.0 1.0 15
2.304223780477642 1.0 4.0 1.0 17
1.7211265221823746 1.0 4.0 1.0 20
2.6403666132353454 1.0 0.0 1.0 24
1.345439373071377 1.0 4.0 1.0 26
1.2141244215268596 1.0 4.0 1.0 28
0.0 0.008860467447785889 0.0 0.0 30
1.2656885366680946 1.0 4.0 1.0 32
3.2497575130556067 1.0 0.0 1.0 38
3.751729127452772 1.0 0.0 1.0 40
0.2476308253802603 1.0 4.0 1.0 43
3.743479455724195 1.0 0.0 1.0 45
0.0 1.2520515042291755 0.0 2.0 46
0.014093705523830435 1.0 0.0 1.0 47
0.11764671880742482 1.0 0.0 1.0 48
0.424697254929187 1.0 0.0 1.0 55
3.324712308245116 1.0 4.0 1.0 56
0.9115200159263668 1.0 0.0 1.0 61
2.997702114465987 1.0 4.0 1.0 62
3.081214918859536 1.0 4.0 1.0 63
1.1740712043624202 1.0 0.0 1.0 65
1.2222881413586746 1.0 0.0 1.0 66
2.607266541279277 1.0 4.0 1.0 67
1.2444752544141624 1.0 0.0 1.0 68
1.3319080562139134 1.0 0.0 1.0 70
2.5916188342844477 1.0 4.0 1.0 72
1.9009521245340746 1.0 0.0 1.0 75
1.942201235337737 1.0 0.0 1.0 76
1.8641127193116067 1.0 4.0 1.0 78
1.7277555277138699 1.0 4.0 1.0 80
2.0933977584579875 1.0 0.0 1.0 82
1.3729118799167066 1.0 4.0 1.0 85
1.110931491828045 1.0 4.0 1.0 89
1.2762755279212668 1.0 4.0 1.0 90
2.7332163851131073 1.0 0.0 1.0 91
3.0068238487529086 1.0 0.0 1.0 92
3.012766800005849 1.0 0.0 1.0 93
1.012643856169891 1.0 4.0 1.0 94
2.995049930163269 1.0 0.0 1.0 95
0.0 1.6225978119295517 0.0 2.0 96
4.0 0.22725822322020878 4.0 0.0 97
4.0 1.7528782642791971 4.0 2.0 98
4.0 0.23442746805223047 4.0 0.0 99
0.6358074084950005 1.0 4.0 1.0 100
0.5050719640266647 1.0 4.0 1.0 101
4.0 0.6339275594758218 4.0 0.0 102
3.7541553882780674 1.0 0.0 1.0 103
3.6080558614819394 1.0 0.0 1.0 104
0.1242005955703233 1.0 4.0 1.0 105
4.0 0.8779200623226617 4.0 0.0 106
0.0 1.0 0.0 2.0 107
0.0 1.0 0.0 0.0 108
4.0 1.0 5.0 1.0 109
4.0 1.0128511353928111 4.0 1.0 110
4.0 1.0 0.0 1.0 111
0.0 0.7474569184158972 0.0 1.0 112
4.0 1.22786538068121 4.0 1.0 113
4.0 0.6169922136835162 4.0 1.0 114
4.371540511689296 1.0 4.0 1.0 115
0.0 0.509101348038352 0.0 1.0 116
4.0 1.481810781020144 4.0 1.0 117
0.0 1.6309756804065243 0.0 1.0 118
0.0 0.2507077834961802 0.0 1.0 119
4.0 0.24435461373337403 4.0 1.0 120
4.0 1.7552921827725707 4.0 1.0 121
4.756176454472881 1.0 4.0 1.0 122
*** t = 69
3.1041617025297312 1.0 4.0 1.0 1
2.9996265735715575 1.0 4.0 1.0 3
3.1888553580376313 1.0 4.0 1.0 5
1.4503982039403482 1.0 0.0 1.0 7
1.655012830589267 1.0 0.0 1.0 11
2.657623651481429 1.0 4.0 1.0 12
1.8936723215255546 1.0 0.0 1.0 15
2.4322362127263997 1.0 4.0 1.0 17
1.844064130909687 1.0 4.0 1.0 20
2.5167635780749222 1.0 0.0 1.0 24
1.467752043350593 1.0 4.0 1.0 26
1.3355368636795455 1.0 4.0 1.0 28
1.392257390334904 1.0 4.0 1.0 32
3.1247170985648745 1.0 0.0 1.0 38
3.627593691179158 1.0 0.0 1.0 40
0.37144623807039046 1.0 4.0 1.0 43
3.6152191835862926 1.0 0.0 1.0 45
0.0 1.3780772563437633 0.0 2.0 46
0.0 1.0 4.0 1.0 47
0.0 1.0 4.0 1.0 48
0.3014109533750209 1.0 0.0 1.0 55
3.447849801143083 1.0 4.0 1.0 56
0.7879808165634214 1.0 0.0 1.0 61
3.122606369235403 1.0 4.0 1.0 62
3.2095988738120167 1.0 4.0 1.0 63
1.0512047349868734 1.0 0.0 1.0 65
1.101518060548182 1.0 0.0 1.0 66
2.7314220908640046 1.0 4.0 1.0 67
1.119224129614806 1.0 0.0 1.0 68
1.2048560588907664 1.0 0.0 1.0 70
2.72119977599867 1.0 4.0 1.0 72
1.7774787200949027 1.0 0.0 1.0 75
1.821154249181133 1.0 0.0 1.0 76
1.988386900599047 1.0 4.0 1.0 78
1.8511666368362891 1.0 4.0 1.0 80
1.9662909423551866 1.0 0.0 1.0 82
1.4977220508182254 1.0 4.0 1.0 85
1.2343683242533834 1.0 4.0 1.0 89
1.4039030807133934 1.0 4.0 1.0 90
2.606538023624418 1.0 0.0 1.0 91
2.8826768298470222 1.0 0.0 1.0 92
2.8893626500065803 1.0 0.0 1.0 93
1.1392243381911273 1.0 4.0 1.0 94
2.8694311714336775 1.0 0.0 1.0 95
0.0 1.747117374315462 0.0 2.0 96
4.0 0.09846792709024355 4.0 0.0 97
4.0 1.8783579749923967 4.0 2.0 98
4.0 0.10683204606093555 4.0 0.0 99
0.7629688901940006 1.0 4.0 1.0 100
0.6313399550333308 1.0 4.0 1.0 101
4.0 0.5119034126344291 4.0 0.0 102
3.631233082417101 1.0 0.0 1.0 103
3.4774078153092525 1.0 0.0 1.0 104
0.2484011911406466 1.0 4.0 1.0 105
4.0 0.7558401246453235 4.0 0.0 106
0.0 1.126699055827072 0.0 2.0 107
0.0 0.8749021534317671 0.0 0.0 108
4.125237078029984 1.0 5.0 1.0 109
4.0 1.0 4.0 2.0 110
3.871234511137045 1.0 0.0 1.0 111
0.0 0.8720330714852135 0.0 1.0 112
4.0 1.0991762774614118 4.0 1.0 113
4.0 0.7403906564202194 4.0 1.0 114
4.245848614027155 1.0 4.0 1.0 115
0.0 0.6363766850479401 0.0 1.0 116
4.0 1.35226347627518 4.0 1.0 117
0.0 1.5079675738753657 0.0 1.0 118
0.0 0.37606167524427037 0.0 1.0 119
4.0 0.366531920600061 4.0 1.0 120
4.0 1.632938274158856 4.0 1.0 121
4.634264681709321 1.0 4.0 1.0 122
0.0 0.12307984666958749 0.0 1.0 123
4.0 1.8707747560232484 4.0 1.0 124
*** t = 70
3.2283281706309204 1.0 4.0 1.0 1
3.124611014137039 1.0 4.0 1.0 3
3.3164095723591367 1.0 4.0 1.0 5
1.3289885946041742 1.0 0.0 1.0 7
1.5315924532518599 1.0 0.0 1.0 11
2.7841771586948303 1.0 4.0 1.0 12
1.769770693379999 1.0 0.0 1.0 15
2.5602486449751574 1.0 4.0 1.0 17
1.9670017396369994 1.0 4.0 1.0 20
2.393160542914499 1.0 0.0 1.0 24
1.5900647136298092 1.0 4.0 1.0 26
1.4569493058322314 1.0 4.0 1.0 28
1.5188262440017135 1.0 4.0 1.0 32
2.9996766840741422 1.0 0.0 1.0 38
3.503458254905544 1.0 0.0 1.0 40
0.4952616507605206 1.0 4.0 1.0 43
3.48695891144839 1.0 0.0 1.0 45
0.0 1.504103008458351 0.0 2.0 46
0.12455957170238038 1.0 4.0 1.0 47
0.12132354003726788 1.0 4.0 1.0 48
0.17812465182085482 1.0 0.0 1.0 55
3.5709872940410503 1.0 4.0 1.0 56
0.6644416172004761 1.0 0.0 1.0 61
3.247510624004819 1.0 4.0 1.0 62
3.3379828287644973 1.0 4.0 1.0 63
0.9283382656113266 1.0 0.0 1.0 65
0.9807479797376896 1.0 0.0 1.0 66
2.855577640448732 1.0 4.0 1.0 67
0.9939730048154496 1.0 0.0 1.0 68
1.0778040615676194 1.0 0.0 1.0 70
2.8507807177128925 1.0 4.0 1.0 72
1.6540053156557308 1.0 0.0 1.0 75
1.700107263024529 1.0 0.0 1.0 76
2.1126610818864875 1.0 4.0 1.0 78
1.9745777459587084 1.0 4.0 1.0 80
1.8391841262523858 1.0 0.0 1.0 82
1.6225322217197442 1.0 4.0 1.0 85
1.3578051566787217 1.0 4.0 1.0 89
1.53153063350552 1.0 4.0 1.0 90
2.4798596621357287 1.0 0.0 1.0 91
2.758529810941136 1.0 0.0 1.0 92
2.7659585000073115 1.0 0.0 1.0 93
1.2658048202123637 1.0 4.0 1.0 94
2.743812412704086 1.0 0.0 1.0 95
0.0 1.8716369367013723 0.0 2.0 96
0.8901303718930007 1.0 4.0 1.0 100
0.757607946039997 1.0 4.0 1.0 101
4.0 0.38987926579303633 4.0 0.0 102
3.5083107765561348 1.0 0.0 1.0 103
3.3467597691365656 1.0 0.0 1.0 104
0.3726017867109699 1.0 4.0 1.0 105
4.0 0.6337601869679852 4.0 0.0 106
0.0 1.253398111654144 0.0 2.0 107
0.0 0.7498043068635343 0.0 0.0 108
4.250474156059967 1.0 5.0 1.0 109
4.0 1.1233936080758986 4.0 2.0 110
3.74246902227409 1.0 0.0 1.0 111
0.0 0.9966092245545297 0.0 1.0 112
4.0 1.0 5.0 1.0 113
4.0 0.8637890991569226 4.0 1.0 114
4.120156716365014 1.0 4.0 1.0 115
0.0 0.7636520220575281 0.0 1.0 116
4.0 1.222716171530216 4.0 1.0 117
0.0 1.3849594673442072 0.0 1.0 118
0.0 0.5014155669923605 0.0 1.0 119
4.0 0.48870922746674805 4.0 1.0 120
4.0 1.5105843655451414 4.0 1.0 121
4.512352908945761 1.0 4.0 1.0 122
0.0 0.24615969333917498 0.0 1.0 123
4.0 1.7415495120464968 4.0 1.0 124
4.0 0.12020514209895905 4.0 1.0 125
4.87361452442178 1.0 4.0 1.0 126
*** t = 71
3.3524946387321095 1.0 4.0 1.0 1
3.2495954547025203 1.0 4.0 1.0 3
3.443963786680642 1.0 4.0 1.0 5
1.2075789852680001 1.0 0.0 1.0 7
1.4081720759144527 1.0 0.0 1.0 11
2.9107306659082317 1.0 4.0 1.0 12
1.6458690652344434 1.0 0.0 1.0 15
2.688261077223915 1.0 4.0 1.0 17
2.089939348364312 1.0 4.0 1.0 20
2.269557507754076 1.0 0.0 1.0 24
1.7123773839090253 1.0 4.0 1.0 26
1.5783617479849172 1.0 4.0 1.0 28
1.645395097668523 1.0 4.0 1.0 32
2.87463626958341 1.0 0.0 1.0 38
3.37932281863193 1.0 0.0 1.0 40
0.6190770634506507 1.0 4.0 1.0 43
3.3586986393104876 1.0 0.0 1.0 45
0.0 1.6301287605729389 0.0 2.0 46
0.24911914340476077 1.0 4.0 1.0 47
0.24264708007453575 1.0 4.0 1.0 48
0.05483835026668876 1.0 0.0 1.0 55
3.6941247869390175 1.0 4.0 1.0 56
0.5409024178375308 1.0 0.0 1.0 61
3.372414878774235 1.0 4.0 1.0 62
3.466366783716978 1.0 4.0 1.0 63
0.8054717962357798 1.0 0.0 1.0 65
0.8599778989271971 1.0 0.0 1.0 66
2.9797331900334596 1.0 4.0 1.0 67
0.8687218800160932 1.0 0.0 1.0 68
0.9507520642444725 1.0 0.0 1.0 70
2.980361659427115 1.0 4.0 1.0 72
1.530531911216559 1.0 0.0 1.0 75
1.5790602768679252 1.0 0.0 1.0 76
2.236935263173928 1.0 4.0 1.0 78
2.0979888550811276 1.0 4.0 1.0 80
1.712077310149585 1.0 0.0 1.0 82
1.747342392621263 1.0 4.0 1.0 85
1.48124198910406 1.0 4.0 1.0 89
1.6591581862976468 1.0 4.0 1.0 90
2.3531813006470395 1.0 0.0 1.0 91
2.6343827920352494 1.0 0.0 1.0 92
2.6425543500080426 1.0 0.0 1.0 93
1.3923853022336001 1.0 4.0 1.0 94
2.6181936539744948 1.0 0.0 1.0 95
0.0 1.9961564990872827 0.0 2.0 96
1.0172918535920008 1.0 4.0 1.0 100
0.8838759370466632 1.0 4.0 1.0 101
4.0 0.2678551189516436 4.0 0.0 102
3.3853884706951685 1.0 0.0 1.0 103
3.2161117229638787 1.0 0.0 1.0 104
0.4968023822812932 1.0 4.0 1.0 105
4.0 0.5116802492906469 4.0 0.0 106
0.0 1.380097167481216 0.0 2.0 107
0.0 0.6247064602953014 0.0 0.0 108
4.375711234089951 1.0 5.0 1.0 109
4.0 1.2467872161517972 4.0 2.0 110
3.613703533411135 1.0 0.0 1.0 111
0.0 1.0 0.0 2.0 112
4.1286891032197985 1.0 5.0 1.0 113
4.0 0.9871875418936258 4.0 1.0 114
4.0 1.0 0.0 1.0 115
0.0 0.8909273590671162 0.0 1.0 116
4.0 1.093168866785252 4.0 1.0 117
0.0 1.2619513608130486 0.0 1.0 118
0.0 0.6267694587404505 0.0 1.0 119
4.0 0.6108865343334351 4.0 1.0 120
4.0 1.3882304569314268 4.0 1.0 121
4.3904411361822016 1.0 4.0 1.0 122
0.0 0.36923954000876247 0.0 1.0 123
4.0 1.6123242680697452 4.0 1.0 124
4.0 0.2404102841979181 4.0 1.0 125
4.747229048843559 1.0 4.0 1.0 126
0.0 0.12761987905332786 0.0 1.0 127
0.0 1.8767825530453053 0.0 1.0 128
4.0 1.8717726729630495 4.0 1.0 129
*** t = 72
3.4766611068332987 1.0 4.0 1.0 1
3.3745798952680017 1.0 4.0 1.0 3
3.5715180010021474 1.0 4.0 1.0 5
1.086169375931826 1.0 0.0 1.0 7
1.2847516985770455 1.0 0.0 1.0 11
3.037284173121633 1.0 4.0 1.0 12
1.5219674370888878 1.0 0.0 1.0 15
2.8162735094726727 1.0 4.0 1.0 17
2.2128769570916242 1.0 4.0 1.0 20
2.145954472593653 1.0 0.0 1.0 24
1.8346900541882414 1.0 4.0 1.0 26
1.6997741901376031 1.0 4.0 1.0 28
1.7719639513353325 1.0 4.0 1.0 32
2.749595855092678 1.0 0.0 1.0 38
3.255187382358316 1.0 0.0 1.0 40
0.7428924761407809 1.0 4.0 1.0 43
3.230438367172585 1.0 0.0 1.0 45
0.0 1.7561545126875266 0.0 2.0 46
0.3736787151071411 1.0 4.0 1.0 47
0.36397062011180364 1.0 4.0 1.0 48
0.0 1.0 0.0 0.0 55
3.8172622798369846 1.0 4.0 1.0 56
0.4173632184745854 1.0 0.0 1.0 61
3.4973191335436513 1.0 4.0 1.0 62
3.5947507386694584 1.0 4.0 1.0 63
0.682605326860233 1.0 0.0 1.0 65
0.7392078181167047 1.0 0.0 1.0 66
3.103888739618187 1.0 4.0 1.0 67
0.7434707552167368 1.0 0.0 1.0 68
0.8237000669213255 1.0 0.0 1.0 70
3.1099426011413374 1.0 4.0 1.0 72
1.407058506777387 1.0 0.0 1.0 75
1.4580132907113212 1.0 0.0 1.0 76
2.3612094444613683 1.0 4.0 1.0 78
2.221399964203547 1.0 4.0 1.0 80
1.5849704940467841 1.0 0.0 1.0 82
1.8721525635227818 1.0 4.0 1.0 85
1.6046788215293983 1.0 4.0 1.0 89
1.7867857390897735 1.0 4.0 1.0 90
2.22650293915835 1.0 0.0 1.0 91
2.510235773129363 1.0 0.0 1.0 92
2.5191502000087738 1.0 0.0 1.0 93
1.5189657842548365 1.0 4.0 1.0 94
2.4925748952449034 1.0 0.0 1.0 95
1.144453335291001 1.0 4.0 1.0 100
1.0101439280533293 1.0 4.0 1.0 101
4.0 0.14583097211025087 4.0 0.0 102
3.262466164834202 1.0 0.0 1.0 103
3.085463676791192 1.0 0.0 1.0 104
0.6210029778516165 1.0 4.0 1.0 105
4.0 0.3896003116133087 4.0 0.0 106
0.0 1.5067962233082879 0.0 2.0 107
0.0 0.4996086137270686 0.0 0.0 108
4.5009483121199345 1.0 5.0 1.0 109
4.0 1.3701808242276958 4.0 2.0 110
3.48493804454818 1.0 0.0 1.0 111
0.0 1.1245761530693161 0.0 2.0 112
4.257378206439597 1.0 5.0 1.0 113
4.0 1.0 4.0 0.0 114
3.874308102337859 1.0 0.0 1.0 115
0.0 1.0 0.0 0.0 116
4.0 1.0 0.0 1.0 117
0.0 1.13894325428189 0.0 1.0 118
0.0 0.7521233504885406 0.0 1.0 119
4.0 0.7330638412001221 4.0 1.0 120
4.0 1.2658765483177121 4.0 1.0 121
4.268529363418642 1.0 4.0 1.0 122
0.0 0.49231938667834996 0.0 1.0 123
4.0 1.4830990240929935 4.0 1.0 124
4.0 0.36061542629687715 4.0 1.0 125
4.620843573265339 1.0 4.0 1.0 126
0.0 0.2552397581066557 0.0 1.0 127
0.0 1.7535651060906106 0.0 1.0 128
4.0 1.743545345926099 4.0 1.0 129
*** t = 73
3.600827574934488 1.0 4.0 1.0 1
3.499564335833483 1.0 4.0 1.0 3
3.699072215323653 1.0 4.0 1.0 5
0.9647597665956521 1.0 0.0 1.0 7
1.1613313212396383 1.0 0.0 1.0 11
3.1638376803350345 1.0 4.0 1.0 12
1.3980658089433322 1.0 0.0 1.0 15
2.9442859417214304 1.0 4.0 1.0 17
2.3358145658189367 1.0 4.0 1.0 20
2.0223514374332296 1.0 0.0 1.0 24
1.9570027244674575 1.0 4.0 1.0 26
1.821186632290289 1.0 4.0 1.0 28
1.898532805002142 1.0 4.0 1.0 32
2.6245554406019456 1.0 0.0 1.0 38
3.131051946084702 1.0 0.0 1.0 40
0.8667078888309111 1.0 4.0 1.0 43
3.1021780950346827 1.0 0.0 1.0 45
0.0 1.8821802648021144 0.0 2.0 46
0.49823828680952154 1.0 4.0 1.0 47
0.4852941601490715 1.0 4.0 1.0 48
0.0 0.8767136984458339 0.0 0.0 55
3.940399772734952 1.0 4.0 1.0 56
0.29382401911164 1.0 0.0 1.0 61
3.6222233883130674 1.0 4.0 1.0 62
3.723134693621939 1.0 4.0 1.0 63
0.5597388574846862 1.0 0.0 1.0 65
0.6184377373062122 1.0 0.0 1.0 66
3.2280442892029146 1.0 4.0 1.0 67
0.6182196304173804 1.0 0.0 1.0 68
0.6966480695981785 1.0 0.0 1.0 70
3.2395235428555598 1.0 4.0 1.0 72
1.2835851023382152 1.0 0.0 1.0 75
1.3369663045547173 1.0 0.0 1.0 76
2.4854836257488087 1.0 4.0 1.0 78
2.3448110733259666 1.0 4.0 1.0 80
1.4578636779439833 1.0 0.0 1.0 82
1.9969627344243006 1.0 4.0 1.0 85
1.7281156539547367 1.0 4.0 1.0 89
1.9144132918819001 1.0 4.0 1.0 90
2.099824577669661 1.0 0.0 1.0 91
2.3860887542234765 1.0 0.0 1.0 92
2.395746050009505 1.0 0.0 1.0 93
1.645546266276073 1.0 4.0 1.0 94
2.366956136515312 1.0 0.0 1.0 95
1.271614816990001 1.0 4.0 1.0 100
1.1364119190599955 1.0 4.0 1.0 101
4.0 0.02380682526885812 4.0 0.0 102
3.139543858973236 1.0 0.0 1.0 103
2.954815630618505 1.0 0.0 1.0 104
0.7452035734219398 1.0 4.0 1.0 105
4.0 0.2675203739359705 4.0 0.0 106
0.0 1.6334952791353599 0.0 2.0 107
0.0 0.3745107671588358 0.0 0.0 108
4.626185390149918 1.0 5.0 1.0 109
4.0 1.4935744323035944 4.0 2.0 110
3.356172555685225 1.0 0.0 1.0 111
0.0 1.2491523061386323 0.0 2.0 112
4.386067309659396 1.0 5.0 1.0 113
4.0 0.8766015572632968 4.0 0.0 114
3.7486162046757183 1.0 0.0 1.0 115
0.0 0.872724662990412 0.0 0.0 116
3.870452695255036 1.0 0.0 1.0 117
0.0 1.0159351477507315 0.0 1.0 118
0.0 0.8774772422366307 0.0 1.0 119
4.0 0.8552411480668092 4.0 1.0 120
4.0 1.1435226397039975 4.0 1.0 121
4.146617590655082 1.0 4.0 1.0 122
0.0 0.6153992333479374 0.0 1.0 123
4.0 1.353873780116242 4.0 1.0 124
4.0 0.4808205683958362 4.0 1.0 125
4.494458097687119 1.0 4.0 1.0 126
0.0 0.3828596371599836 0.0 1.0 127
0.0 1.6303476591359158 0.0 1.0 128
4.0 1.6153180188891485 4.0 1.0 129
0.0 0.1230174410964128 0.0 1.0 130
4.0 0.12260623824066308 4.0 1.0 131
4.0 1.875189862841371 4.0 1.0 132
4.878317037032473 1.0 4.0 1.0 133
*** t = 74
3.724994043035677 1.0 4.0 1.0 1
3.6245487763989646 1.0 4.0 1.0 3
3.826626429645158 1.0 4.0 1.0 5
0.8433501572594782 1.0 0.0 1.0 7
1.0379109439022312 1.0 0.0 1.0 11
3.290391187548436 1.0 4.0 1.0 12
1.2741641807977766 1.0 0.0 1.0 15
3.072298373970188 1.0 4.0 1.0 17
2.458752174546249 1.0 4.0 1.0 20
1.8987484022728063 1.0 0.0 1.0 24
2.0793153947466734 1.0 4.0 1.0 26
1.9425990744429749 1.0 4.0 1.0 28
2.025101658668951 1.0 4.0 1.0 32
2.4995150261112133 1.0 0.0 1.0 38
3.006916509811088 1.0 0.0 1.0 40
0.9905233015210413 1.0 4.0 1.0 43
2.97391782289678 1.0 0.0 1.0 45
0.622797858511902 1.0 4.0 1.0 47
0.6066177001863394 1.0 4.0 1.0 48
0.0 0.7534273968916678 0.0 0.0 55
4.0 1.0 5.0 1.0 56
0.17028481974869464 1.0 0.0 1.0 61
3.7471276430824836 1.0 4.0 1.0 62
3.8515186485744195 1.0 4.0 1.0 63
0.43687238810913936 1.0 0.0 1.0 65
0.49766765649571976 1.0 0.0 1.0 66
3.352199838787642 1.0 4.0 1.0 67
0.49296850561802397 1.0 0.0 1.0 68
0.5695960722750315 1.0 0.0 1.0 70
3.369104484569782 1.0 4.0 1.0 72
1.1601116978990433 1.0 0.0 1.0 75
1.2159193183981134 1.0 0.0 1.0 76
2.609757807036249 1.0 4.0 1.0 78
2.468222182448386 1.0 4.0 1.0 80
1.3307568618411825 1.0 0.0 1.0 82
2.121772905325819 1.0 4.0 1.0 85
1.851552486380075 1.0 4.0 1.0 89
2.042040844674027 1.0 4.0 1.0 90
1.9731462161809716 1.0 0.0 1.0 91
2.26194173531759 1.0 0.0 1.0 92
2.272341900010236 1.0 0.0 1.0 93
1.7721267482973093 1.0 4.0 1.0 94
2.2413373777857206 1.0 0.0 1.0 95
1.398776298689001 1.0 4.0 1.0 100
1.2626799100666617 1.0 4.0 1.0 101
3.0166215531122695 1.0 0.0 1.0 103
2.824167584445818 1.0 0.0 1.0 104
0.869404168992263 1.0 4.0 1.0 105
4.0 0.1454404362586323 4.0 0.0 106
0.0 1.7601943349624318 0.0 2.0 107
0.0 0.249412920590603 0.0 0.0 108
4.751422468179902 1.0 5.0 1.0 109
4.0 1.616968040379493 4.0 2.0 110
3.22740706682227 1.0 0.0 1.0 111
0.0 1.3737284592079484 0.0 2.0 112
4.514756412879194 1.0 5.0 1.0 113
4.0 0.7532031145265936 4.0 0.0 114
3.6229243070135775 1.0 0.0 1.0 115
0.0 0.7454493259808239 0.0 0.0 116
3.740905390510072 1.0 0.0 1.0 117
0.0 1.0 4.0 1.0 118
0.0 1.0 0.0 2.0 119
4.0 0.9774184549334962 4.0 1.0 120
4.0 1.0211687310902828 4.0 1.0 121
4.0247058178915225 1.0 4.0 1.0 122
0.0 0.7384790800175249 0.0 1.0 123
4.0 1.2246485361394903 4.0 1.0 124
4.0 0.6010257104947953 4.0 1.0 125
4.368072622108898 1.0 4.0 1.0 126
0.0 0.5104795162133114 0.0 1.0 127
0.0 1.5071302121812211 0.0 1.0 128
4.0 1.487090691852198 4.0 1.0 129
0.0 0.2460348821928256 0.0 1.0 130
4.0 0.24521247648132616 4.0 1.0 131
4.0 1.750379725682742 4.0 1.0 132
4.756634074064946 1.0 4.0 1.0 133
*** t = 75
3.849160511136866 1.0 4.0 1.0 1
3.749533216964446 1.0 4.0 1.0 3
3.9541806439666636 1.0 4.0 1.0 5
0.7219405479233042 1.0 0.0 1.0 7
0.914490566564824 1.0 0.0 1.0 11
3.4169446947618374 1.0 4.0 1.0 12
1.150262552652221 1.0 0.0 1.0 15
3.200310806218946 1.0 4.0 1.0 17
2.5816897832735615 1.0 4.0 1.0 20
1.775145367112383 1.0 0.0 1.0 24
2.2016280650258895 1.0 4.0 1.0 26
2.0640115165956607 1.0 4.0 1.0 28
2.1516705123357607 1.0 4.0 1.0 32
2.374474611620481 1.0 0.0 1.0 38
2.882781073537474 1.0 0.0 1.0 40
1.1143387142111714 1.0 4.0 1.0 43
2.8456575507588777 1.0 0.0 1.0 45
0.7473574302142824 1.0 4.0 1.0 47
0.7279412402236073 1.0 4.0 1.0 48
0.0 0.6301410953375017 0.0 0.0 55
4.123137492897968 1.0 5.0 1.0 56
0.046745620385749254 1.0 0.0 1.0 61
3.8720318978518997 1.0 4.0 1.0 62
3.9799026035269 1.0 4.0 1.0 63
0.3140059187335925 1.0 0.0 1.0 65
0.3768975756852273 1.0 0.0 1.0 66
3.4763553883723697 1.0 4.0 1.0 67
0.36771738081866756 1.0 0.0 1.0 68
0.44254407495188447 1.0 0.0 1.0 70
3.4986854262840046 1.0 4.0 1.0 72
1.0366382934598715 1.0 0.0 1.0 75
1.0948723322415095 1.0 0.0 1.0 76
2.7340319883236894 1.0 4.0 1.0 78
2.5916332915708056 1.0 4.0 1.0 80
1.2036500457383816 1.0 0.0 1.0 82
2.246583076227338 1.0 4.0 1.0 85
1.9749893188054133 1.0 4.0 1.0 89
2.1696683974661535 1.0 4.0 1.0 90
1.8464678546922824 1.0 0.0 1.0 91
2.1377947164117037 1.0 0.0 1.0 92
2.148937750010967 1.0 0.0 1.0 93
1.8987072303185457 1.0 4.0 1.0 94
2.1157186190561292 1.0 0.0 1.0 95
1.5259377803880012 1.0 4.0 1.0 100
1.3889479010733279 1.0 4.0 1.0 101
2.8936992472513032 1.0 0.0 1.0 103
2.693519538273131 1.0 0.0 1.0 104
0.9936047645625863 1.0 4.0 1.0 105
4.0 0.023360498581294076 4.0 0.0 106
0.0 1.8868933907895038 0.0 2.0 107
0.0 0.12431507402237019 0.0 0.0 108
4.876659546209885 1.0 5.0 1.0 109
4.0 1.7403616484553917 4.0 2.0 110
3.098641577959315 1.0 0.0 1.0 111
0.0 1.4983046122772645 0.0 2.0 112
4.643445516098993 1.0 5.0 1.0 113
4.0 0.6298046717898904 4.0 0.0 114
3.4972324093514366 1.0 0.0 1.0 115
0.0 0.6181739889712359 0.0 0.0 116
3.611358085765108 1.0 0.0 1.0 117
0.12300810653115846 1.0 4.0 1.0 118
0.0 1.12535389174809 0.0 2.0 119
4.0 1.0 0.0 1.0 120
4.0 1.0 4.0 2.0 121
4.0 1.0 0.0 1.0 122
0.0 0.8615589266871124 0.0 1.0 123
4.0 1.0954232921627387 4.0 1.0 124
4.0 0.7212308525937543 4.0 1.0 125
4.241687146530678 1.0 4.0 1.0 126
0.0 0.6380993952666393 0.0 1.0 127
0.0 1.3839127652265264 0.0 1.0 128
4.0 1.3588633648152475 4.0 1.0 129
0.0 0.3690523232892384 0.0 1.0 130
4.0 0.36781871472198924 4.0 1.0 131
4.0 1.625569588524113 4.0 1.0 132
4.634951111097419 1.0 4.0 1.0 133
0.0 0.12889066731987645 0.0 1.0 134
4.0 1.8739998066443158 4.0 1.0 135
*** t = 76
3.9733269792380552 1.0 4.0 1.0 1
3.8745176575299274 1.0 4.0 1.0 3
4.0 1.0 4.0 2.0 5
0.6005309385871302 1.0 0.0 1.0 7
0.7910701892274168 1.0 0.0 1.0 11
3.543498201975239 1.0 4.0 1.0 12
1.0263609245066654 1.0 0.0 1.0 15
3.3283232384677035 1.0 4.0 1.0 17
2.704627392000874 1.0 4.0 1.0 20
1.6515423319519595 1.0 0.0 1.0 24
2.3239407353051056 1.0 4.0 1.0 26
2.1854239587483466 1.0 4.0 1.0 28
2.27823936600257 1.0 4.0 1.0 32
2.249434197129749 1.0 0.0 1.0 38
2.75864563726386 1.0 0.0 1.0 40
1.2381541269013014 1.0 4.0 1.0 43
2.7173972786209752 1.0 0.0 1.0 45
0.8719170019166628 1.0 4.0 1.0 47
0.8492647802608752 1.0 4.0 1.0 48
0.0 0.5068547937833356 0.0 0.0 55
4.246274985795935 1.0 5.0 1.0 56
0.0 1.0 4.0 1.0 61
3.996936152621316 1.0 4.0 1.0 62
4.0 1.0 4.0 0.0 63
0.19113944935804567 1.0 0.0 1.0 65
0.25612749487473485 1.0 0.0 1.0 66
3.600510937957097 1.0 4.0 1.0 67
0.24246625601931118 1.0 0.0 1.0 68
0.31549207762873743 1.0 0.0 1.0 70
3.628266367998227 1.0 4.0 1.0 72
0.9131648890206995 1.0 0.0 1.0 75
0.9738253460849057 1.0 0.0 1.0 76
2.85830616961113 1.0 4.0 1.0 78
2.715044400693225 1.0 4.0 1.0 80
1.0765432296355808 1.0 0.0 1.0 82
2.371393247128857 1.0 4.0 1.0 85
2.098426151230752 1.0 4.0 1.0 89
2.29729595025828 1.0 4.0 1.0 90
1.719789493203593 1.0 0.0 1.0 91
2.0136476975058173 1.0 0.0 1.0 92
2.0255336000116984 1.0 0.0 1.0 93
2.025287712339782 1.0 4.0 1.0 94
1.9900998603265379 1.0 0.0 1.0 95
1.6530992620870013 1.0 4.0 1.0 100
1.515215892079994 1.0 4.0 1.0 101
2.770776941390337 1.0 0.0 1.0 103
2.5628714921004443 1.0 0.0 1.0 104
1.1178053601329097 1.0 4.0 1.0 105
4.0 1.8637552565312903 4.0 2.0 110
2.96987608909636 1.0 0.0 1.0 111
0.0 1.6228807653465807 0.0 2.0 112
4.772134619318791 1.0 5.0 1.0 113
4.0 0.5064062290531872 4.0 0.0 114
3.371540511689296 1.0 0.0 1.0 115
0.0 0.49089865196164784 0.0 0.0 116
3.481810781020144 1.0 0.0 1.0 117
0.2460162130623169 1.0 4.0 1.0 118
0.0 1.2507077834961802 0.0 2.0 119
3.877822693133313 1.0 0.0 1.0 120
4.0 1.1223539086137146 4.0 2.0 121
3.87808822723644 1.0 0.0 1.0 122
0.0 0.9846387733566999 0.0 1.0 123
4.0 1.0 4.0 0.0 124
4.0 0.8414359946927134 4.0 1.0 125
4.115301670952458 1.0 4.0 1.0 126
0.0 0.7657192743199671 0.0 1.0 127
0.0 1.2606953182718317 0.0 1.0 128
4.0 1.230636037778297 4.0 1.0 129
0.0 0.4920697643856512 0.0 1.0 130
4.0 0.4904249529626523 4.0 1.0 131
4.0 1.500759451365484 4.0 1.0 132
4.513268148129892 1.0 4.0 1.0 133
0.0 0.2577813346397529 0.0 1.0 134
4.0 1.7479996132886315 4.0 1.0 135
0.0 1.8772111298611929 0.0 1.0 136
4.0 0.12746190853986608 4.0 1.0 137
4.877763366031349 1.0 4.0 1.0 138
*** t = 77
4.0 1.0 0.0 1.0 1
3.999502098095409 1.0 4.0 1.0 3
4.0 1.1275542143215052 4.0 2.0 5
0.4791213292509563 1.0 0.0 1.0 7
0.6676498118900096 1.0 0.0 1.0 11
3.67005170918864 1.0 4.0 1.0 12
0.9024592963611098 1.0 0.0 1.0 15
3.456335670716461 1.0 4.0 1.0 17
2.8275650007281863 1.0 4.0 1.0 20
1.5279392967915362 1.0 0.0 1.0 24
2.4462534055843217 1.0 4.0 1.0 26
2.3068364009010325 1.0 4.0 1.0 28
2.4048082196693796 1.0 4.0 1.0 32
2.1243937826390167 1.0 0.0 1.0 38
2.634510200990246 1.0 0.0 1.0 40
1.3619695395914315 1.0 4.0 1.0 43
2.5891370064830728 1.0 0.0 1.0 45
0.9964765736190432 1.0 4.0 1.0 47
0.970588320298143 1.0 4.0 1.0 48
0.0 0.38356849222916956 0.0 0.0 55
4.369412478693903 1.0 5.0 1.0 56
0.12353919936294538 1.0 4.0 1.0 61
4.0 1.0 4.0 0.0 62
4.0 0.8716160450475193 4.0 0.0 63
0.06827297998249883 1.0 0.0 1.0 65
0.1353574140642424 1.0 0.0 1.0 66
3.7246664875418247 1.0 4.0 1.0 67
0.1172151312199548 1.0 0.0 1.0 68
0.1884400803055904 1.0 0.0 1.0 70
3.7578473097124494 1.0 4.0 1.0 72
0.7896914845815275 1.0 0.0 1.0 75
0.8527783599283019 1.0 0.0 1.0 76
2.98258035089857 1.0 4.0 1.0 78
2.8384555098156445 1.0 4.0 1.0 80
0.9494364135327801 1.0 0.0 1.0 82
2.4962034180303756 1.0 4.0 1.0 85
2.22186298365609 1.0 4.0 1.0 89
2.424923503050407 1.0 4.0 1.0 90
1.5931111317149038 1.0 0.0 1.0 91
1.8895006785999309 1.0 0.0 1.0 92
1.9021294500124295 1.0 0.0 1.0 93
2.1518681943610183 1.0 4.0 1.0 94
1.8644811015969465 1.0 0.0 1.0 95
1.7802607437860014 1.0 4.0 1.0 100
1.6414838830866603 1.0 4.0 1.0 101
2.6478546355293706 1.0 0.0 1.0 103
2.4322234459277574 1.0 0.0 1.0 104
1.242005955703233 1.0 4.0 1.0 105
4.0 1.9871488646071889 4.0 2.0 110
2.841110600233405 1.0 0.0 1.0 111
0.0 1.7474569184158968 0.0 2.0 112
4.90082372253859 1.0 5.0 1.0 113
4.0 0.38300778631648397 4.0 0.0 114
3.245848614027155 1.0 0.0 1.0 115
0.0 0.3636233149520598 0.0 0.0 116
3.35226347627518 1.0 0.0 1.0 117
0.36902431959347537 1.0 4.0 1.0 118
0.0 1.3760616752442703 0.0 2.0 119
3.755645386266626 1.0 0.0 1.0 120
4.0 1.2447078172274293 4.0 2.0 121
3.7561764544728797 1.0 0.0 1.0 122
0.0 1.0 0.0 0.0 123
4.0 0.8707747560232484 4.0 0.0 124
4.0 0.9616411367916724 4.0 1.0 125
4.0 1.0 4.0 2.0 126
0.0 0.893339153373295 0.0 1.0 127
0.0 1.137477871317137 0.0 1.0 128
4.0 1.1024087107413465 4.0 1.0 129
0.0 0.615087205482064 0.0 1.0 130
4.0 0.6130311912033154 4.0 1.0 131
4.0 1.375949314206855 4.0 1.0 132
4.3915851851623655 1.0 4.0 1.0 133
0.0 0.38667200195962936 0.0 1.0 134
4.0 1.6219994199329473 4.0 1.0 135
0.0 1.7544222597223857 0.0 1.0 136
4.0 0.25492381707973216 4.0 1.0 137
4.755526732062698 1.0 4.0 1.0 138
0.0 0.11889094355904209 0.0 1.0 139
4.0 1.8712205580668628 4.0 1.0 140
*** t = 78
3.875833531898811 1.0 0.0 1.0 1
4.0 1.0 4.0 2.0 3
4.0 1.2551084286430103 4.0 2.0 5
0.35771171991478234 1.0 0.0 1.0 7
0.5442294345526024 1.0 0.0 1.0 11
3.7966052164020416 1.0 4.0 1.0 12
0.7785576682155542 1.0 0.0 1.0 15
3.584348102965219 1.0 4.0 1.0 17
2.9505026094554987 1.0 4.0 1.0 20
1.4043362616311128 1.0 0.0 1.0 24
2.568566075863538 1.0 4.0 1.0 26
2.4282488430537184 1.0 4.0 1.0 28
2.531377073336189 1.0 4.0 1.0 32
1.9993533681482845 1.0 0.0 1.0 38
2.510374764716632 1.0 0.0 1.0 40
1.4857849522815616 1.0 4.0 1.0 43
2.4608767343451703 1.0 0.0 1.0 45
1.1210361453214235 1.0 4.0 1.0 47
1.091911860335411 1.0 4.0 1.0 48
0.0 0.26028219067500347 0.0 0.0 55
4.49254997159187 1.0 5.0 1.0 56
0.24707839872589077 1.0 4.0 1.0 61
4.0 0.8750957452305839 4.0 0.0 62
4.0 0.7432320900950387 4.0 0.0 63
0.0 1.0 0.0 0.0 65
0.014587333253749932 1.0 0.0 1.0 66
3.8488220371265522 1.0 4.0 1.0 67
0.0 1.0 0.0 2.0 68
0.06138808298244336 1.0 0.0 1.0 70
3.887428251426672 1.0 4.0 1.0 72
0.6662180801423555 1.0 0.0 1.0 75
0.7317313737716981 1.0 0.0 1.0 76
3.1068545321860106 1.0 4.0 1.0 78
2.961866618938064 1.0 4.0 1.0 80
0.8223295974299794 1.0 0.0 1.0 82
2.6210135889318944 1.0 4.0 1.0 85
2.3452998160814285 1.0 4.0 1.0 89
2.5525510558425335 1.0 4.0 1.0 90
1.4664327702262145 1.0 0.0 1.0 91
1.7653536596940445 1.0 0.0 1.0 92
1.7787253000131606 1.0 0.0 1.0 93
2.2784486763822547 1.0 4.0 1.0 94
1.738862342867355 1.0 0.0 1.0 95
1.9074222254850015 1.0 4.0 1.0 100
1.7677518740933265 1.0 4.0 1.0 101
2.5249323296684043 1.0 0.0 1.0 103
2.3015753997550705 1.0 0.0 1.0 104
1.3662065512735564 1.0 4.0 1.0 105
2.7123451113704498 1.0 0.0 1.0 111
0.0 1.872033071485213 0.0 2.0 112
4.0 0.2596093435797807 4.0 0.0 114
3.120156716365014 1.0 0.0 1.0 115
0.0 0.23634797794247178 0.0 0.0 116
3.222716171530216 1.0 0.0 1.0 117
0.4920324261246338 1.0 4.0 1.0 118
0.0 1.5014155669923603 0.0 2.0 119
3.633468079399939 1.0 0.0 1.0 120
4.0 1.367061725841144 4.0 2.0 121
3.6342646817093196 1.0 0.0 1.0 122
0.0 0.8769201533304125 0.0 0.0 123
4.0 0.7415495120464968 4.0 0.0 124
4.0 1.0 5.0 1.0 125
4.0 1.1263854755782206 4.0 2.0 126
0.0 1.0 4.0 1.0 127
0.0 1.0142604243624422 0.0 1.0 128
4.0 1.0 4.0 0.0 129
0.0 0.7381046465784767 0.0 1.0 130
4.0 0.7356374294439785 4.0 1.0 131
4.0 1.251139177048226 4.0 1.0 132
4.269902222194839 1.0 4.0 1.0 133
0.0 0.5155626692795058 0.0 1.0 134
4.0 1.495999226577263 4.0 1.0 135
0.0 1.6316333895835786 0.0 1.0 136
4.0 0.38238572561959827 4.0 1.0 137
4.633290098094047 1.0 4.0 1.0 138
0.0 0.23778188711808418 0.0 1.0 139
4.0 1.7424411161337257 4.0 1.0 140
*** t = 79
3.7516670637976217 1.0 0.0 1.0 1
4.0 1.1249844405654816 4.0 2.0 3
4.0 1.3826626429645155 4.0 2.0 5
0.23630211057860837 1.0 0.0 1.0 7
0.42080905721519524 1.0 0.0 1.0 11
3.923158723615443 1.0 4.0 1.0 12
0.6546560400699986 1.0 0.0 1.0 15
3.7123605352139766 1.0 4.0 1.0 17
3.073440218182811 1.0 4.0 1.0 20
1.2807332264706894 1.0 0.0 1.0 24
2.690878746142754 1.0 4.0 1.0 26
2.5496612852064042 1.0 4.0 1.0 28
2.6579459270029986 1.0 4.0 1.0 32
1.8743129536575522 1.0 0.0 1.0 38
2.386239328443018 1.0 0.0 1.0 40
1.6096003649716917 1.0 4.0 1.0 43
2.332616462207268 1.0 0.0 1.0 45
1.245595717023804 1.0 4.0 1.0 47
1.2132354003726789 1.0 4.0 1.0 48
0.0 0.1369958891208374 0.0 0.0 55
4.615687464489838 1.0 5.0 1.0 56
0.37061759808883615 1.0 4.0 1.0 61
4.0 0.7501914904611677 4.0 0.0 62
4.0 0.614848135142558 4.0 0.0 63
0.0 0.8771335306244532 0.0 0.0 65
0.0 1.0 4.0 1.0 66
3.9729775867112798 1.0 4.0 1.0 67
0.0 1.1252511247993564 0.0 2.0 68
0.0 1.0 0.0 2.0 70
4.0 1.0 0.0 1.0 72
0.5427446757031835 1.0 0.0 1.0 75
0.6106843876150942 1.0 0.0 1.0 76
3.231128713473451 1.0 4.0 1.0 78
3.0852777280604835 1.0 4.0 1.0 80
0.6952227813271786 1.0 0.0 1.0 82
2.745823759833413 1.0 4.0 1.0 85
2.4687366485067668 1.0 4.0 1.0 89
2.68017860863466 1.0 4.0 1.0 90
1.3397544087375253 1.0 0.0 1.0 91
1.641206640788158 1.0 0.0 1.0 92
1.6553211500138918 1.0 0.0 1.0 93
2.405029158403491 1.0 4.0 1.0 94
1.6132435841377637 1.0 0.0 1.0 95
2.0345837071840016 1.0 4.0 1.0 100
1.8940198650999926 1.0 4.0 1.0 101
2.402010023807438 1.0 0.0 1.0 103
2.1709273535823836 1.0 0.0 1.0 104
1.4904071468438798 1.0 4.0 1.0 105
2.5835796225074947 1.0 0.0 1.0 111
0.0 1.996609224554529 0.0 2.0 112
4.0 0.13621090084307746 4.0 0.0 114
2.9944648187028733 1.0 0.0 1.0 115
0.0 0.10907264093288377 0.0 0.0 116
3.093168866785252 1.0 0.0 1.0 117
0.6150405326557923 1.0 4.0 1.0 118
0.0 1.6267694587404504 0.0 2.0 119
3.5112907725332523 1.0 0.0 1.0 120
4.0 1.4894156344548586 4.0 2.0 121
3.5123529089457595 1.0 0.0 1.0 122
0.0 0.753840306660825 0.0 0.0 123
4.0 0.6123242680697452 4.0 0.0 124
4.120205142098959 1.0 5.0 1.0 125
4.0 1.252770951156441 4.0 2.0 126
0.12761987905332786 1.0 4.0 1.0 127
0.0 1.0 4.0 1.0 128
4.0 0.8717726729630495 4.0 0.0 129
0.0 0.8611220876748895 0.0 1.0 130
4.0 0.8582436676846416 4.0 1.0 131
4.0 1.126329039889597 4.0 1.0 132
4.148219259227312 1.0 4.0 1.0 133
0.0 0.6444533365993822 0.0 1.0 134
4.0 1.3699990332215788 4.0 1.0 135
0.0 1.5088445194447715 0.0 1.0 136
4.0 0.5098476341594643 4.0 1.0 137
4.511053464125396 1.0 4.0 1.0 138
0.0 0.3566728306771263 0.0 1.0 139
4.0 1.6136616742005885 4.0 1.0 140
0.0 0.12330324249617794 0.0 1.0 141
4.0 0.1251781111472779 4.0 1.0 142
4.0 1.8734055249788235 4.0 1.0 143
4.878270330601888 1.0 4.0 1.0 144
*** t = 80
3.6275005956964326 1.0 0.0 1.0 1
4.0 1.2499688811309633 4.0 2.0 3
4.0 1.5102168572860206 4.0 2.0 5
0.11489250124243439 1.0 0.0 1.0 7
0.29738867987778805 1.0 0.0 1.0 11
4.0 1.0 5.0 1.0 12
0.530754411924443 1.0 0.0 1.0 15
3.8403729674627343 1.0 4.0 1.0 17
3.1963778269101235 1.0 4.0 1.0 20
1.157130191310266 1.0 0.0 1.0 24
2.81319141642197 1.0 4.0 1.0 26
2.67107372735909 1.0 4.0 1.0 28
2.784514780669808 1.0 4.0 1.0 32
1.74927253916682 1.0 0.0 1.0 38
2.262103892169404 1.0 0.0 1.0 40
1.7334157776618218 1.0 4.0 1.0 43
2.2043561900693653 1.0 0.0 1.0 45
1.3701552887261843 1.0 4.0 1.0 47
1.3345589404099467 1.0 4.0 1.0 48
0.0 0.013709587566671344 0.0 0.0 55
4.738824957387806 1.0 5.0 1.0 56
0.49415679745178154 1.0 4.0 1.0 61
4.0 0.6252872356917516 4.0 0.0 62
4.0 0.4864641801900773 4.0 0.0 63
0.0 0.7542670612489064 0.0 0.0 65
0.12077008081049247 1.0 4.0 1.0 66
4.0 1.0 4.0 2.0 67
0.0 1.2505022495987128 0.0 2.0 68
0.0 1.127051997323147 0.0 2.0 70
3.8704190582857776 1.0 0.0 1.0 72
0.41927127126401154 1.0 0.0 1.0 75
0.48963740145849044 1.0 0.0 1.0 76
3.3554028947608914 1.0 4.0 1.0 78
3.208688837182903 1.0 4.0 1.0 80
0.5681159652243779 1.0 0.0 1.0 82
2.870633930734932 1.0 4.0 1.0 85
2.592173480932105 1.0 4.0 1.0 89
2.807806161426787 1.0 4.0 1.0 90
1.213076047248836 1.0 0.0 1.0 91
1.5170596218822716 1.0 0.0 1.0 92
1.531917000014623 1.0 0.0 1.0 93
2.5316096404247275 1.0 4.0 1.0 94
1.4876248254081723 1.0 0.0 1.0 95
2.1617451888830015 1.0 4.0 1.0 100
2.0202878561066586 1.0 4.0 1.0 101
2.2790877179464717 1.0 0.0 1.0 103
2.0402793074096968 1.0 0.0 1.0 104
1.6146077424142031 1.0 4.0 1.0 105
2.4548141336445397 1.0 0.0 1.0 111
4.0 0.012812458106374228 4.0 0.0 114
2.8687729210407324 1.0 0.0 1.0 115
2.963621562040288 1.0 0.0 1.0 117
0.7380486391869507 1.0 4.0 1.0 118
0.0 1.7521233504885405 0.0 2.0 119
3.3891134656665654 1.0 0.0 1.0 120
4.0 1.6117695430685732 4.0 2.0 121
3.3904411361821993 1.0 0.0 1.0 122
0.0 0.6307604599912375 0.0 0.0 123
4.0 0.4830990240929935 4.0 0.0 124
4.240410284197917 1.0 5.0 1.0 125
4.0 1.3791564267346617 4.0 2.0 126
0.2552397581066557 1.0 4.0 1.0 127
0.12321744695469482 1.0 4.0 1.0 128
4.0 0.743545345926099 4.0 0.0 129
0.0 0.9841395287713023 0.0 1.0 130
4.0 0.9808499059253046 4.0 1.0 131
4.0 1.001518902730968 4.0 1.0 132
4.026536296259785 1.0 4.0 1.0 133
0.0 0.7733440039192586 0.0 1.0 134
4.0 1.2439988398658945 4.0 1.0 135
0.0 1.3860556493059644 0.0 1.0 136
4.0 0.6373095426993304 4.0 1.0 137
4.388816830156745 1.0 4.0 1.0 138
0.0 0.47556377423616836 0.0 1.0 139
4.0 1.4848822322674513 4.0 1.0 140
0.0 0.24660648499235588 0.0 1.0 141
4.0 0.2503562222945558 4.0 1.0 142
4.0 1.746811049957647 4.0 1.0 143
4.7565406612037755 1.0 4.0 1.0 144
*** t = 81
3.5033341275952434 1.0 0.0 1.0 1
4.0 1.374953321696445 4.0 2.0 3
4.0 1.6377710716075258 4.0 2.0 5
0.0 1.0 0.0 2.0 7
0.1739683025403809 1.0 0.0 1.0 11
4.126553507213401 1.0 5.0 1.0 12
0.40685278377888734 1.0 0.0 1.0 15
3.968385399711492 1.0 4.0 1.0 17
3.319315435637436 1.0 4.0 1.0 20
1.0335271561498427 1.0 0.0 1.0 24
2.935504086701186 1.0 4.0 1.0 26
2.792486169511776 1.0 4.0 1.0 28
2.9110836343366175 1.0 4.0 1.0 32
1.6242321246760878 1.0 0.0 1.0 38
2.13796845589579 1.0 0.0 1.0 40
1.8572311903519518 1.0 4.0 1.0 43
2.076095917931463 1.0 0.0 1.0 45
1.4947148604285647 1.0 4.0 1.0 47
1.4558824804472146 1.0 4.0 1.0 48
4.861962450285773 1.0 5.0 1.0 56
0.6176959968147269 1.0 4.0 1.0 61
4.0 0.5003829809223355 4.0 0.0 62
4.0 0.35808022523759664 4.0 0.0 63
0.0 0.6314005918733596 0.0 0.0 65
0.24154016162098493 1.0 4.0 1.0 66
4.0 1.1241555495847275 4.0 2.0 67
0.0 1.3757533743980692 0.0 2.0 68
0.0 1.254103994646294 0.0 2.0 70
3.740838116571555 1.0 0.0 1.0 72
0.29579786682483955 1.0 0.0 1.0 75
0.36859041530188663 1.0 0.0 1.0 76
3.4796770760483318 1.0 4.0 1.0 78
3.3320999463053225 1.0 4.0 1.0 80
0.4410091491215772 1.0 0.0 1.0 82
2.995444101636451 1.0 4.0 1.0 85
2.7156103133574434 1.0 4.0 1.0 89
2.9354337142189135 1.0 4.0 1.0 90
1.0863976857601467 1.0 0.0 1.0 91
1.3929126029763852 1.0 0.0 1.0 92
1.408512850015354 1.0 0.0 1.0 93
2.658190122445964 1.0 4.0 1.0 94
1.362006066678581 1.0 0.0 1.0 95
2.2889066705820014 1.0 4.0 1.0 100
2.1465558471133246 1.0 4.0 1.0 101
2.1561654120855054 1.0 0.0 1.0 103
1.90963126123701 1.0 0.0 1.0 104
1.7388083379845265 1.0 4.0 1.0 105
2.3260486447815847 1.0 0.0 1.0 111
2.7430810233785916 1.0 0.0 1.0 115
2.834074257295324 1.0 0.0 1.0 117
0.8610567457181092 1.0 4.0 1.0 118
0.0 1.8774772422366306 0.0 2.0 119
3.2669361587998784 1.0 0.0 1.0 120
4.0 1.7341234516822879 4.0 2.0 121
3.268529363418639 1.0 0.0 1.0 122
0.0 0.50768061332165 0.0 0.0 123
4.0 0.3538737801162418 4.0 0.0 124
4.360615426296876 1.0 5.0 1.0 125
4.0 1.5055419023128822 4.0 2.0 126
0.3828596371599836 1.0 4.0 1.0 127
0.24643489390938964 1.0 4.0 1.0 128
4.0 0.6153180188891485 4.0 0.0 129
0.0 1.0 4.0 1.0 130
4.0 1.0 0.0 1.0 131
4.0 1.0 4.0 0.0 132
4.0 1.0 0.0 1.0 133
0.0 0.902234671239135 0.0 1.0 134
4.0 1.1179986465102103 4.0 1.0 135
0.0 1.2632667791671572 0.0 1.0 136
4.0 0.7647714512391964 4.0 1.0 137
4.2665801961880945 1.0 4.0 1.0 138
0.0 0.5944547177952104 0.0 1.0 139
4.0 1.3561027903343141 4.0 1.0 140
0.0 0.3699097274885338 0.0 1.0 141
4.0 0.3755343334418337 4.0 1.0 142
4.0 1.6202165749364705 4.0 1.0 143
4.634810991805663 1.0 4.0 1.0 144
0.0 0.1257519101860103 0.0 1.0 145
0.0 1.8780963101843238 0.0 1.0 146
4.0 1.8735413836687687 4.0 1.0 147
*** t = 82
3.3791676594940543 1.0 0.0 1.0 1
4.0 1.4999377622619265 4.0 2.0 3
4.0 1.765325285929031 4.0 2.0 5
0.0 1.121409609336174 0.0 2.0 7
0.05054792520297374 1.0 0.0 1.0 11
4.253107014426803 1.0 5.0 1.0 12
0.28295115563333173 1.0 0.0 1.0 15
4.0 1.0 4.0 0.0 17
3.4422530443647483 1.0 4.0 1.0 20
0.9099241209894193 1.0 0.0 1.0 24
3.0578167569804022 1.0 4.0 1.0 26
2.913898611664462 1.0 4.0 1.0 28
3.037652488003427 1.0 4.0 1.0 32
1.4991917101853556 1.0 0.0 1.0 38
2.013833019622176 1.0 0.0 1.0 40
1.981046603042082 1.0 4.0 1.0 43
1.9478356457935602 1.0 0.0 1.0 45
1.6192744321309451 1.0 4.0 1.0 47
1.5772060204844824 1.0 4.0 1.0 48
4.985099943183741 1.0 5.0 1.0 56
0.7412351961776722 1.0 4.0 1.0 61
4.0 0.37547872615291933 4.0 0.0 62
4.0 0.22969627028511594 4.0 0.0 63
0.0 0.5085341224978128 0.0 0.0 65
0.3623102424314774 1.0 4.0 1.0 66
4.0 1.248311099169455 4.0 2.0 67
0.0 1.5010044991974256 0.0 2.0 68
0.0 1.381155991969441 0.0 2.0 70
3.6112571748573328 1.0 0.0 1.0 72
0.17232446238566757 1.0 0.0 1.0 75
0.2475434291452828 1.0 0.0 1.0 76
3.603951257335772 1.0 4.0 1.0 78
3.455511055427742 1.0 4.0 1.0 80
0.31390233301877646 1.0 0.0 1.0 82
3.1202542725379696 1.0 4.0 1.0 85
2.8390471457827817 1.0 4.0 1.0 89
3.06306126701104 1.0 4.0 1.0 90
0.9597193242714576 1.0 0.0 1.0 91
1.2687655840704988 1.0 0.0 1.0 92
1.2851087000160852 1.0 0.0 1.0 93
2.7847706044672003 1.0 4.0 1.0 94
1.2363873079489895 1.0 0.0 1.0 95
2.4160681522810012 1.0 4.0 1.0 100
2.2728238381199906 1.0 4.0 1.0 101
2.033243106224539 1.0 0.0 1.0 103
1.7789832150643234 1.0 0.0 1.0 104
1.8630089335548499 1.0 4.0 1.0 105
2.1972831559186297 1.0 0.0 1.0 111
2.6173891257164508 1.0 0.0 1.0 115
2.70452695255036 1.0 0.0 1.0 117
0.9840648522492677 1.0 4.0 1.0 118
3.1447588519331915 1.0 0.0 1.0 120
4.0 1.8564773602960025 4.0 2.0 121
3.146617590655079 1.0 0.0 1.0 122
0.0 0.38460076665206255 0.0 0.0 123
4.0 0.22464853613949015 4.0 0.0 124
4.480820568395835 1.0 5.0 1.0 125
4.0 1.6319273778911028 4.0 2.0 126
0.5104795162133114 1.0 4.0 1.0 127
0.36965234086408444 1.0 4.0 1.0 128
4.0 0.48709069185219794 4.0 0.0 129
0.1230174410964128 1.0 4.0 1.0 130
3.877393761759337 1.0 0.0 1.0 131
4.0 0.875189862841371 4.0 0.0 132
3.8783170370324727 1.0 0.0 1.0 133
0.0 1.0 4.0 1.0 134
4.0 1.0 0.0 1.0 135
0.0 1.1404779090283501 0.0 1.0 136
4.0 0.8922333597790625 4.0 1.0 137
4.1443435622194436 1.0 4.0 1.0 138
0.0 0.7133456613542525 0.0 1.0 139
4.0 1.227323348401177 4.0 1.0 140
0.0 0.49321296998471176 0.0 1.0 141
4.0 0.5007124445891116 4.0 1.0 142
4.0 1.493622099915294 4.0 1.0 143
4.513081322407551 1.0 4.0 1.0 144
0.0 0.2515038203720206 0.0 1.0 145
0.0 1.7561926203686475 0.0 1.0 146
4.0 1.7470827673375373 4.0 1.0 147
4.0 0.11971277736447623 4.0 1.0 148
4.87925104314245 1.0 4.0 1.0 149
*** t = 83
3.255001191392865 1.0 0.0 1.0 1
4.0 1.6249222028274082 4.0 2.0 3
4.0 1.892879500250536 4.0 2.0 5
0.0 1.2428192186723481 0.0 2.0 7
0.0 1.0 0.0 2.0 11
4.379660521640204 1.0 5.0 1.0 12
0.15904952748777612 1.0 0.0 1.0 15
4.0 0.8719875677512421 4.0 0.0 17
3.5651906530920607 1.0 4.0 1.0 20
0.786321085828996 1.0 0.0 1.0 24
3.1801294272596183 1.0 4.0 1.0 26
3.0353110538171477 1.0 4.0 1.0 28
3.1642213416702365 1.0 4.0 1.0 32
1.3741512956946234 1.0 0.0 1.0 38
1.8896975833485616 1.0 0.0 1.0 40
2.104862015732212 1.0 4.0 1.0 43
1.8195753736556575 1.0 0.0 1.0 45
1.7438340038333255 1.0 4.0 1.0 47
1.6985295605217503 1.0 4.0 1.0 48
0.8647743955406175 1.0 4.0 1.0 61
4.0 0.2505744713835032 4.0 0.0 62
4.0 0.10131231533263524 4.0 0.0 63
0.0 0.385667653122266 0.0 0.0 65
0.48308032324196987 1.0 4.0 1.0 66
4.0 1.3724666487541826 4.0 2.0 67
0.0 1.626255623996782 0.0 2.0 68
0.0 1.508207989292588 0.0 2.0 70
3.4816762331431104 1.0 0.0 1.0 72
0.048851057946495594 1.0 0.0 1.0 75
0.12649644298867896 1.0 0.0 1.0 76
3.7282254386232125 1.0 4.0 1.0 78
3.5789221645501614 1.0 4.0 1.0 80
0.1867955169159757 1.0 0.0 1.0 82
3.2450644434394884 1.0 4.0 1.0 85
2.96248397820812 1.0 4.0 1.0 89
3.190688819803167 1.0 4.0 1.0 90
0.8330409627827684 1.0 0.0 1.0 91
1.1446185651646124 1.0 0.0 1.0 92
1.1617045500168164 1.0 0.0 1.0 93
2.9113510864884367 1.0 4.0 1.0 94
1.1107685492193982 1.0 0.0 1.0 95
2.543229633980001 1.0 4.0 1.0 100
2.3990918291266565 1.0 4.0 1.0 101
1.9103208003635728 1.0 0.0 1.0 103
1.6483351688916368 1.0 0.0 1.0 104
1.9872095291251732 1.0 4.0 1.0 105
2.0685176670556746 1.0 0.0 1.0 111
2.49169722805431 1.0 0.0 1.0 115
2.574979647805396 1.0 0.0 1.0 117
1.1070729587804262 1.0 4.0 1.0 118
3.0225815450665046 1.0 0.0 1.0 120
4.0 1.9788312689097172 4.0 2.0 121
3.024705817891519 1.0 0.0 1.0 122
0.0 0.26152091998247506 0.0 0.0 123
4.0 0.09542329216273848 4.0 0.0 124
4.601025710494794 1.0 5.0 1.0 125
4.0 1.7583128534693233 4.0 2.0 126
0.6380993952666393 1.0 4.0 1.0 127
0.49286978781877927 1.0 4.0 1.0 128
4.0 0.3588633648152474 4.0 0.0 129
0.2460348821928256 1.0 4.0 1.0 130
3.754787523518674 1.0 0.0 1.0 131
4.0 0.750379725682742 4.0 0.0 132
3.7566340740649453 1.0 0.0 1.0 133
0.12889066731987645 1.0 4.0 1.0 134
3.8739998066443158 1.0 0.0 1.0 135
0.0 1.017689038889543 0.0 1.0 136
4.0 1.0 4.0 2.0 137
4.022106928250793 1.0 4.0 1.0 138
0.0 0.8322366049132945 0.0 1.0 139
4.0 1.0985439064680398 4.0 1.0 140
0.0 0.6165162124808897 0.0 1.0 141
4.0 0.6258905557363894 4.0 1.0 142
4.0 1.3670276248941176 4.0 1.0 143
4.391351653009439 1.0 4.0 1.0 144
0.0 0.37725573055803097 0.0 1.0 145
0.0 1.6342889305529713 0.0 1.0 146
4.0 1.620624151006306 4.0 1.0 147
4.0 0.23942555472895247 4.0 1.0 148
4.758502086284899 1.0 4.0 1.0 149
0.0 0.12082583040308954 0.0 1.0 150
4.0 1.8710949514042834 4.0 1.0 151
*** t = 84
3.130834723291676 1.0 0.0 1.0 1
4.0 1.7499066433928898 4.0 2.0 3
0.0 1.3642288280085222 0.0 2.0 7
0.0 1.1234203773374072 0.0 2.0 11
4.506214028853606 1.0 5.0 1.0 12
0.03514789934222051 1.0 0.0 1.0 15
4.0 0.7439751355024842 4.0 0.0 17
3.688128261819373 1.0 4.0 1.0 20
0.6627180506685726 1.0 0.0 1.0 24
3.3024420975388344 1.0 4.0 1.0 26
3.1567234959698336 1.0 4.0 1.0 28
3.290790195337046 1.0 4.0 1.0 32
1.2491108812038911 1.0 0.0 1.0 38
1.7655621470749474 1.0 0.0 1.0 40
2.2286774284223423 1.0 4.0 1.0 43
1.6913151015177548 1.0 0.0 1.0 45
1.868393575535706 1.0 4.0 1.0 47
1.8198531005590182 1.0 4.0 1.0 48
0.9883135949035629 1.0 4.0 1.0 61
4.0 0.12567021661408706 4.0 0.0 62
0.0 0.2628011837467191 0.0 0.0 65
0.6038504040524624 1.0 4.0 1.0 66
4.0 1.49662219833891 4.0 2.0 67
0.0 1.7515067487961384 0.0 2.0 68
0.0 1.635259986615735 0.0 2.0 70
3.352095291428888 1.0 0.0 1.0 72
0.0 1.0 0.0 0.0 75
0.0054494568320751224 1.0 0.0 1.0 76
3.852499619910653 1.0 4.0 1.0 78
3.702333273672581 1.0 4.0 1.0 80
0.059688700813174955 1.0 0.0 1.0 82
3.369874614341007 1.0 4.0 1.0 85
3.0859208106334584 1.0 4.0 1.0 89
3.3183163725952936 1.0 4.0 1.0 90
0.7063626012940792 1.0 0.0 1.0 91
1.020471546258726 1.0 0.0 1.0 92
1.0383004000175475 1.0 0.0 1.0 93
3.037931568509673 1.0 4.0 1.0 94
0.9851497904898069 1.0 0.0 1.0 95
2.670391115679001 1.0 4.0 1.0 100
2.5253598201333225 1.0 4.0 1.0 101
1.7873984945026065 1.0 0.0 1.0 103
1.5176871227189501 1.0 0.0 1.0 104
2.1114101246954964 1.0 4.0 1.0 105
1.9397521781927196 1.0 0.0 1.0 111
2.366005330392169 1.0 0.0 1.0 115
2.445432343060432 1.0 0.0 1.0 117
1.2300810653115848 1.0 4.0 1.0 118
2.9004042381998176 1.0 0.0 1.0 120
2.902794045127959 1.0 0.0 1.0 122
0.0 0.13844107331288757 0.0 0.0 123
4.721230852593752 1.0 5.0 1.0 125
4.0 1.8846983290475439 4.0 2.0 126
0.7657192743199671 1.0 4.0 1.0 127
0.616087234773474 1.0 4.0 1.0 128
4.0 0.23063603777829683 4.0 0.0 129
0.3690523232892384 1.0 4.0 1.0 130
3.632181285278011 1.0 0.0 1.0 131
4.0 0.625569588524113 4.0 0.0 132
3.634951111097418 1.0 0.0 1.0 133
0.2577813346397529 1.0 4.0 1.0 134
3.7479996132886315 1.0 0.0 1.0 135
0.0 1.0 4.0 1.0 136
4.0 1.127461908539866 4.0 2.0 137
4.0 1.0 4.0 0.0 138
0.0 0.9511275484723366 0.0 1.0 139
4.0 1.0 0.0 1.0 140
0.0 0.7398194549770677 0.0 1.0 141
4.0 0.7510686668836672 4.0 1.0 142
4.0 1.240433149872941 4.0 1.0 143
4.2696219836113265 1.0 4.0 1.0 144
0.0 0.5030076407440413 0.0 1.0 145
0.0 1.512385240737295 0.0 1.0 146
4.0 1.4941655346750746 4.0 1.0 147
4.0 0.3591383320934287 4.0 1.0 148
4.637753129427349 1.0 4.0 1.0 149
0.0 0.24165166080617909 0.0 1.0 150
4.0 1.7421899028085668 4.0 1.0 151
*** t = 85
3.006668255190487 1.0 0.0 1.0 1
4.0 1.8748910839583715 4.0 2.0 3
0.0 1.4856384373446962 0.0 2.0 7
0.0 1.2468407546748144 0.0 2.0 11
4.632767536067007 1.0 5.0 1.0 12
0.0 1.0 0.0 2.0 15
4.0 0.6159627032537263 4.0 0.0 17
3.8110658705466856 1.0 4.0 1.0 20
0.5391150155081492 1.0 0.0 1.0 24
3.4247547678180505 1.0 4.0 1.0 26
3.2781359381225195 1.0 4.0 1.0 28
3.4173590490038555 1.0 4.0 1.0 32
1.124070466713159 1.0 0.0 1.0 38
1.6414267108013332 1.0 0.0 1.0 40
2.3524928411124724 1.0 4.0 1.0 43
1.563054829379852 1.0 0.0 1.0 45
1.9929531472380864 1.0 4.0 1.0 47
1.941176640596286 1.0 4.0 1.0 48
1.1118527942665082 1.0 4.0 1.0 61
4.0 0.0007659618446709399 4.0 0.0 62
0.0 0.13993471437117228 0.0 0.0 65
0.7246204848629548 1.0 4.0 1.0 66
4.0 1.6207777479236376 4.0 2.0 67
0.0 1.8767578735954948 0.0 2.0 68
0.0 1.7623119839388819 0.0 2.0 70
3.2225143497146655 1.0 0.0 1.0 72
0.0 0.876526595560828 0.0 0.0 75
0.0 1.0 4.0 1.0 76
3.9767738011980933 1.0 4.0 1.0 78
3.8257443827950004 1.0 4.0 1.0 80
0.0 1.0 4.0 1.0 82
3.494684785242526 1.0 4.0 1.0 85
3.2093576430587967 1.0 4.0 1.0 89
3.4459439253874202 1.0 4.0 1.0 90
0.5796842398053901 1.0 0.0 1.0 91
0.8963245273528394 1.0 0.0 1.0 92
0.9148962500182787 1.0 0.0 1.0 93
3.1645120505309094 1.0 4.0 1.0 94
0.8595310317602156 1.0 0.0 1.0 95
2.797552597378001 1.0 4.0 1.0 100
2.6516278111399885 1.0 4.0 1.0 101
1.6644761886416402 1.0 0.0 1.0 103
1.3870390765462635 1.0 0.0 1.0 104
2.2356107202658198 1.0 4.0 1.0 105
1.8109866893297646 1.0 0.0 1.0 111
2.2403134327300283 1.0 0.0 1.0 115
2.315885038315468 1.0 0.0 1.0 117
1.3530891718427434 1.0 4.0 1.0 118
2.7782269313331307 1.0 0.0 1.0 120
2.7808822723643987 1.0 0.0 1.0 122
0.0 0.015361226643300085 0.0 0.0 123
4.841435994692711 1.0 5.0 1.0 125
0.893339153373295 1.0 4.0 1.0 127
0.7393046817281689 1.0 4.0 1.0 128
4.0 0.10240871074134628 4.0 0.0 129
0.4920697643856512 1.0 4.0 1.0 130
3.509575047037348 1.0 0.0 1.0 131
4.0 0.500759451365484 4.0 0.0 132
3.5132681481298906 1.0 0.0 1.0 133
0.38667200195962936 1.0 4.0 1.0 134
3.6219994199329473 1.0 0.0 1.0 135
0.12278887013880702 1.0 4.0 1.0 136
4.0 1.254923817079732 4.0 2.0 137
4.0 0.8777633660313487 4.0 0.0 138
0.0 1.0 4.0 1.0 139
3.871220558066863 1.0 0.0 1.0 140
0.0 0.8631226974732457 0.0 1.0 141
4.0 0.8762467780309451 4.0 1.0 142
4.0 1.1138386748517646 4.0 1.0 143
4.147892314213214 1.0 4.0 1.0 144
0.0 0.6287595509300515 0.0 1.0 145
0.0 1.3904815509216188 0.0 1.0 146
4.0 1.3677069183438433 4.0 1.0 147
4.0 0.47885110945790493 4.0 1.0 148
4.5170041725697985 1.0 4.0 1.0 149
0.0 0.36247749120926864 0.0 1.0 150
4.0 1.6132848542128502 4.0 1.0 151
0.0 0.12796168928159157 0.0 1.0 152
4.0 0.12626868694541415 4.0 1.0 153
4.0 1.8813635850342088 4.0 1.0 154
4.877348322186257 1.0 4.0 1.0 155
*** t = 86
2.8825017870892977 1.0 0.0 1.0 1
4.0 1.999875524523853 4.0 2.0 3
0.0 1.6070480466808703 0.0 2.0 7
0.0 1.3702611320122215 0.0 2.0 11
4.7593210432804085 1.0 5.0 1.0 12
0.0 1.1239016281455556 0.0 2.0 15
4.0 0.48795027100496835 4.0 0.0 17
3.934003479273998 1.0 4.0 1.0 20
0.4155119803477259 1.0 0.0 1.0 24
3.5470674380972667 1.0 4.0 1.0 26
3.3995483802752053 1.0 4.0 1.0 28
3.543927902670665 1.0 4.0 1.0 32
0.9990300522224266 1.0 0.0 1.0 38
1.517291274527719 1.0 0.0 1.0 40
2.4763082538026024 1.0 4.0 1.0 43
1.4347945572419494 1.0 0.0 1.0 45
2.1175127189404668 1.0 4.0 1.0 47
2.062500180633554 1.0 4.0 1.0 48
1.2353919936294535 1.0 4.0 1.0 61
0.0 0.01706824499562544 0.0 0.0 65
0.8453905656734473 1.0 4.0 1.0 66
4.0 1.7449332975083651 4.0 2.0 67
0.0 1.8893639812620289 0.0 2.0 70
3.092933408000443 1.0 0.0 1.0 72
0.0 0.753053191121656 0.0 0.0 75
0.12104698615660384 1.0 4.0 1.0 76
4.0 1.0 4.0 0.0 78
3.94915549191742 1.0 4.0 1.0 80
0.12710681610280075 1.0 4.0 1.0 82
3.619494956144045 1.0 4.0 1.0 85
3.332794475484135 1.0 4.0 1.0 89
3.573571478179547 1.0 4.0 1.0 90
0.4530058783167009 1.0 0.0 1.0 91
0.7721775084469529 1.0 0.0 1.0 92
0.7914921000190098 1.0 0.0 1.0 93
3.291092532552146 1.0 4.0 1.0 94
0.7339122730306243 1.0 0.0 1.0 95
2.9247140790770008 1.0 4.0 1.0 100
2.7778958021466544 1.0 4.0 1.0 101
1.5415538827806738 1.0 0.0 1.0 103
1.2563910303735768 1.0 0.0 1.0 104
2.359811315836143 1.0 4.0 1.0 105
1.6822212004668096 1.0 0.0 1.0 111
2.1146215350678874 1.0 0.0 1.0 115
2.186337733570504 1.0 0.0 1.0 117
1.476097278373902 1.0 4.0 1.0 118
2.6560496244664438 1.0 0.0 1.0 120
2.6589704996008385 1.0 0.0 1.0 122
4.96164113679167 1.0 5.0 1.0 125
1.020959032426623 1.0 4.0 1.0 127
0.8625221286828637 1.0 4.0 1.0 128
0.615087205482064 1.0 4.0 1.0 130
3.386968808796685 1.0 0.0 1.0 131
4.0 0.37594931420685507 4.0 0.0 132
3.3915851851623633 1.0 0.0 1.0 133
0.5155626692795058 1.0 4.0 1.0 134
3.495999226577263 1.0 0.0 1.0 135
0.24557774027761403 1.0 4.0 1.0 136
4.0 1.3823857256195982 4.0 2.0 137
4.0 0.7555267320626975 4.0 0.0 138
0.11889094355904209 1.0 4.0 1.0 139
3.742441116133726 1.0 0.0 1.0 140
0.0 0.9864259399694236 0.0 1.0 141
4.0 1.0 4.0 2.0 142
4.0 1.0 4.0 0.0 143
4.026162644815102 1.0 4.0 1.0 144
0.0 0.7545114611160618 0.0 1.0 145
0.0 1.2685778611059426 0.0 1.0 146
4.0 1.241248302012612 4.0 1.0 147
4.0 0.5985638868223812 4.0 1.0 148
4.396255215712248 1.0 4.0 1.0 149
0.0 0.48330332161235817 0.0 1.0 150
4.0 1.4843798056171336 4.0 1.0 151
0.0 0.25592337856318315 0.0 1.0 152
4.0 0.2525373738908283 4.0 1.0 153
4.0 1.7627271700684175 4.0 1.0 154
4.754696644372514 1.0 4.0 1.0 155
0.0 1.8733800279963335 0.0 1.0 156
*** t = 87
2.7583353189881086 1.0 0.0 1.0 1
0.0 1.7284576560170444 0.0 2.0 7
0.0 1.4936815093496287 0.0 2.0 11
4.88587455049381 1.0 5.0 1.0 12
0.0 1.2478032562911112 0.0 2.0 15
4.0 0.35993783875621044 4.0 0.0 17
4.0 1.0 4.0 2.0 20
0.2919089451873026 1.0 0.0 1.0 24
3.6693801083764828 1.0 4.0 1.0 26
3.520960822427891 1.0 4.0 1.0 28
3.6704967563374744 1.0 4.0 1.0 32
0.8739896377316942 1.0 0.0 1.0 38
1.3931558382541047 1.0 0.0 1.0 40
2.6001236664927325 1.0 4.0 1.0 43
1.3065342851040467 1.0 0.0 1.0 45
2.242072290642847 1.0 4.0 1.0 47
2.183823720670822 1.0 4.0 1.0 48
1.3589311929923988 1.0 4.0 1.0 61
0.9661606464839397 1.0 4.0 1.0 66
4.0 1.8690888470930926 4.0 2.0 67
2.9633524662862207 1.0 0.0 1.0 72
0.0 0.629579786682484 0.0 0.0 75
0.24209397231320767 1.0 4.0 1.0 76
4.0 0.8757258187125595 4.0 0.0 78
4.0 1.0 4.0 2.0 80
0.2542136322056015 1.0 4.0 1.0 82
3.7443051270455636 1.0 4.0 1.0 85
3.4562313079094733 1.0 4.0 1.0 89
3.7011990309716736 1.0 4.0 1.0 90
0.32632751682801175 1.0 0.0 1.0 91
0.6480304895410663 1.0 0.0 1.0 92
0.668087950019741 1.0 0.0 1.0 93
3.4176730145733822 1.0 4.0 1.0 94
0.6082935143010331 1.0 0.0 1.0 95
3.0518755607760006 1.0 4.0 1.0 100
2.9041637931533204 1.0 4.0 1.0 101
1.4186315769197075 1.0 0.0 1.0 103
1.1257429842008901 1.0 0.0 1.0 104
2.4840119114064665 1.0 4.0 1.0 105
1.5534557116038545 1.0 0.0 1.0 111
1.9889296374057464 1.0 0.0 1.0 115
2.05679042882554 1.0 0.0 1.0 117
1.5991053849050605 1.0 4.0 1.0 118
2.533872317599757 1.0 0.0 1.0 120
2.5370587268372784 1.0 0.0 1.0 122
1.1485789114799507 1.0 4.0 1.0 127
0.9857395756375585 1.0 4.0 1.0 128
0.7381046465784767 1.0 4.0 1.0 130
3.264362570556022 1.0 0.0 1.0 131
4.0 0.2511391770482261 4.0 0.0 132
3.269902222194836 1.0 0.0 1.0 133
0.6444533365993822 1.0 4.0 1.0 134
3.369999033221579 1.0 0.0 1.0 135
0.36836661041642105 1.0 4.0 1.0 136
4.0 1.5098476341594642 4.0 2.0 137
4.0 0.6332900980940462 4.0 0.0 138
0.23778188711808418 1.0 4.0 1.0 139
3.613661674200589 1.0 0.0 1.0 140
0.0 1.0 4.0 1.0 141
4.0 1.1251781111472778 4.0 2.0 142
4.0 0.8734055249788234 4.0 0.0 143
4.0 1.0 4.0 2.0 144
0.0 0.8802633713020721 0.0 1.0 145
0.0 1.1466741712902664 0.0 1.0 146
4.0 1.1147896856813806 4.0 1.0 147
4.0 0.7182766641868574 4.0 1.0 148
4.275506258854698 1.0 4.0 1.0 149
0.0 0.6041291520154477 0.0 1.0 150
4.0 1.355474757021417 4.0 1.0 151
0.0 0.3838850678447747 0.0 1.0 152
4.0 0.37880606083624246 4.0 1.0 153
4.0 1.6440907551026263 4.0 1.0 154
4.63204496655877 1.0 4.0 1.0 155
0.0 1.746760055992667 0.0 1.0 156
0.0 0.12606433499048253 0.0 1.0 157
4.0 1.8751706625626696 4.0 1.0 158
*** t = 88
2.6341688508869194 1.0 0.0 1.0 1
0.0 1.8498672653532184 0.0 2.0 7
0.0 1.617101886687036 0.0 2.0 11
0.0 1.3717048844366668 0.0 2.0 15
4.0 0.23192540650745253 4.0 0.0 17
4.0 1.1229376087273124 4.0 2.0 20
0.16830591002687928 1.0 0.0 1.0 24
3.791692778655699 1.0 4.0 1.0 26
3.642373264580577 1.0 4.0 1.0 28
3.797065610004284 1.0 4.0 1.0 32
0.7489492232409619 1.0 0.0 1.0 38
1.2690204019804905 1.0 0.0 1.0 40
2.7239390791828626 1.0 4.0 1.0 43
1.178274012966144 1.0 0.0 1.0 45
2.366631862345227 1.0 4.0 1.0 47
2.30514726070809 1.0 4.0 1.0 48
1.4824703923553442 1.0 4.0 1.0 61
1.0869307272944322 1.0 4.0 1.0 66
4.0 1.9932443966778202 4.0 2.0 67
2.8337715245719983 1.0 0.0 1.0 72
0.0 0.5061063822433121 0.0 0.0 75
0.36314095846981154 1.0 4.0 1.0 76
4.0 0.751451637425119 4.0 0.0 78
4.0 1.1234111091224193 4.0 2.0 80
0.3813204483084023 1.0 4.0 1.0 82
3.8691152979470824 1.0 4.0 1.0 85
3.5796681403348116 1.0 4.0 1.0 89
3.8288265837638003 1.0 4.0 1.0 90
0.19964915533932256 1.0 0.0 1.0 91
0.5238834706351798 1.0 0.0 1.0 92
0.5446838000204721 1.0 0.0 1.0 93
3.5442534965946186 1.0 4.0 1.0 94
0.4826747555714418 1.0 0.0 1.0 95
3.1790370424750005 1.0 4.0 1.0 100
3.0304317841599864 1.0 4.0 1.0 101
1.2957092710587412 1.0 0.0 1.0 103
0.9950949380282035 1.0 0.0 1.0 104
2.60821250697679 1.0 4.0 1.0 105
1.4246902227408995 1.0 0.0 1.0 111
1.8632377397436053 1.0 0.0 1.0 115
1.9272431240805759 1.0 0.0 1.0 117
1.722113491436219 1.0 4.0 1.0 118
2.41169501073307 1.0 0.0 1.0 120
2.4151469540737183 1.0 0.0 1.0 122
1.2761987905332786 1.0 4.0 1.0 127
1.1089570225922534 1.0 4.0 1.0 128
0.8611220876748895 1.0 4.0 1.0 130
3.1417563323153592 1.0 0.0 1.0 131
4.0 0.1263290398895971 4.0 0.0 132
3.1482192592273086 1.0 0.0 1.0 133
0.7733440039192586 1.0 4.0 1.0 134
3.2439988398658945 1.0 0.0 1.0 135
0.49115548055522806 1.0 4.0 1.0 136
4.0 1.6373095426993303 4.0 2.0 137
4.0 0.511053464125395 4.0 0.0 138
0.3566728306771263 1.0 4.0 1.0 139
3.484882232267452 1.0 0.0 1.0 140
0.12330324249617794 1.0 4.0 1.0 141
4.0 1.2503562222945557 4.0 2.0 142
4.0 0.7468110499576468 4.0 0.0 143
4.0 1.121729669398112 4.0 2.0 144
0.0 1.0 0.0 0.0 145
0.0 1.0247704814745902 0.0 1.0 146
4.0 1.0 0.0 1.0 147
4.0 0.8379894415513337 4.0 1.0 148
4.154757301997147 1.0 4.0 1.0 149
0.0 0.7249549824185373 0.0 1.0 150
4.0 1.2265697084257003 4.0 1.0 151
0.0 0.5118467571263663 0.0 1.0 152
4.0 0.5050747477816566 4.0 1.0 153
4.0 1.525454340136835 4.0 1.0 154
4.509393288745027 1.0 4.0 1.0 155
0.0 1.6201400839890006 0.0 1.0 156
0.0 0.25212866998096506 0.0 1.0 157
4.0 1.7503413251253392 4.0 1.0 158
4.0 0.12350818992336723 4.0 1.0 159
4.873390106496605 1.0 4.0 1.0 160
*** t = 89
2.5100023827857303 1.0 0.0 1.0 1
0.0 1.9712768746893925 0.0 2.0 7
0.0 1.740522264024443 0.0 2.0 11
0.0 1.4956065125822224 0.0 2.0 15
4.0 0.10391297425869461 4.0 0.0 17
4.0 1.2458752174546248 4.0 2.0 20
0.044702874866455966 1.0 0.0 1.0 24
3.914005448934915 1.0 4.0 1.0 26
3.763785706733263 1.0 4.0 1.0 28
3.9236344636710934 1.0 4.0 1.0 32
0.6239088087502296 1.0 0.0 1.0 38
1.1448849657068763 1.0 0.0 1.0 40
2.8477544918729927 1.0 4.0 1.0 43
1.0500137408282413 1.0 0.0 1.0 45
2.4911914340476073 1.0 4.0 1.0 47
2.426470800745358 1.0 4.0 1.0 48
1.6060095917182895 1.0 4.0 1.0 61
1.2077008081049248 1.0 4.0 1.0 66
2.704190582857776 1.0 0.0 1.0 72
0.0 0.3826329778041401 0.0 0.0 75
0.48418794462641535 1.0 4.0 1.0 76
4.0 0.6271774561376785 4.0 0.0 78
4.0 1.2468222182448385 4.0 2.0 80
0.508427264411203 1.0 4.0 1.0 82
3.9939254688486012 1.0 4.0 1.0 85
3.70310497276015 1.0 4.0 1.0 89
3.956454136555927 1.0 4.0 1.0 90
0.07297079385063338 1.0 0.0 1.0 91
0.39973645172929334 1.0 0.0 1.0 92
0.4212796500212032 1.0 0.0 1.0 93
3.670833978615855 1.0 4.0 1.0 94
0.3570559968418505 1.0 0.0 1.0 95
3.3061985241740004 1.0 4.0 1.0 100
3.1566997751666523 1.0 4.0 1.0 101
1.172786965197775 1.0 0.0 1.0 103
0.8644468918555168 1.0 0.0 1.0 104
2.7324131025471132 1.0 4.0 1.0 105
1.2959247338779445 1.0 0.0 1.0 111
1.7375458420814642 1.0 0.0 1.0 115
1.7976958193356118 1.0 0.0 1.0 117
1.8451215979673776 1.0 4.0 1.0 118
2.289517703866383 1.0 0.0 1.0 120
2.293235181310158 1.0 0.0 1.0 122
1.4038186695866064 1.0 4.0 1.0 127
1.232174469546948 1.0 4.0 1.0 128
0.9841395287713023 1.0 4.0 1.0 130
3.0191500940746963 1.0 0.0 1.0 131
4.0 0.001518902730968122 4.0 0.0 132
3.0265362962597813 1.0 0.0 1.0 133
0.902234671239135 1.0 4.0 1.0 134
3.1179986465102103 1.0 0.0 1.0 135
0.6139443506940351 1.0 4.0 1.0 136
4.0 1.7647714512391963 4.0 2.0 137
4.0 0.3888168301567437 4.0 0.0 138
0.47556377423616836 1.0 4.0 1.0 139
3.3561027903343152 1.0 0.0 1.0 140
0.24660648499235588 1.0 4.0 1.0 141
4.0 1.3755343334418335 4.0 2.0 142
4.0 0.6202165749364702 4.0 0.0 143
4.0 1.243459338796224 4.0 2.0 144
0.0 0.8742480898139897 0.0 0.0 145
0.0 1.0 0.0 0.0 146
3.8735413836687687 1.0 0.0 1.0 147
4.0 0.95770221891581 4.0 1.0 148
4.034008345139597 1.0 4.0 1.0 149
0.0 0.8457808128216269 0.0 1.0 150
4.0 1.0976646598299837 4.0 1.0 151
0.0 0.6398084464079579 0.0 1.0 152
4.0 0.6313434347270708 4.0 1.0 153
4.0 1.4068179251710438 4.0 1.0 154
4.386741610931284 1.0 4.0 1.0 155
0.0 1.493520111985334 0.0 1.0 156
0.0 0.3781930049714476 0.0 1.0 157
4.0 1.6255119876880089 4.0 1.0 158
4.0 0.24701637984673447 4.0 1.0 159
4.74678021299321 1.0 4.0 1.0 160
0.0 0.12364315893186167 0.0 1.0 161
4.0 1.8813743393121165 4.0 1.0 162
*** t = 90
2.385835914684541 1.0 0.0 1.0 1
0.0 1.8639426413618503 0.0 2.0 11
0.0 1.619508140727778 0.0 2.0 15
4.0 1.3688128261819372 4.0 2.0 20
0.0 1.0 4.0 1.0 24
4.0 1.0 0.0 1.0 26
3.885198148885949 1.0 4.0 1.0 28
4.0 1.0 0.0 1.0 32
0.49886839425949725 1.0 0.0 1.0 38
1.020749529433262 1.0 0.0 1.0 40
2.9715699045631228 1.0 4.0 1.0 43
0.9217534686903386 1.0 0.0 1.0 45
2.6157510057499875 1.0 4.0 1.0 47
2.5477943407826262 1.0 4.0 1.0 48
1.7295487910812348 1.0 4.0 1.0 61
1.3284708889154173 1.0 4.0 1.0 66
2.5746096411435535 1.0 0.0 1.0 72
0.0 0.2591595733649681 0.0 0.0 75
0.6052349307830192 1.0 4.0 1.0 76
4.0 0.502903274850238 4.0 0.0 78
4.0 1.3702333273672578 4.0 2.0 80
0.6355340805140037 1.0 4.0 1.0 82
4.0 1.0 4.0 2.0 85
3.8265418051854883 1.0 4.0 1.0 89
4.0 1.0 0.0 1.0 90
0.0 1.0 4.0 1.0 91
0.27558943282340687 1.0 0.0 1.0 92
0.2978755000219343 1.0 0.0 1.0 93
3.7974144606370914 1.0 4.0 1.0 94
0.23143723811225922 1.0 0.0 1.0 95
3.4333600058730003 1.0 4.0 1.0 100
3.2829677661733183 1.0 4.0 1.0 101
1.0498646593368086 1.0 0.0 1.0 103
0.7337988456828302 1.0 0.0 1.0 104
2.8566136981174366 1.0 4.0 1.0 105
1.1671592450149895 1.0 0.0 1.0 111
1.6118539444193232 1.0 0.0 1.0 115
1.6681485145906478 1.0 0.0 1.0 117
1.9681297044985362 1.0 4.0 1.0 118
2.167340396999696 1.0 0.0 1.0 120
2.171323408546598 1.0 0.0 1.0 122
1.5314385486399342 1.0 4.0 1.0 127
1.3553919165016428 1.0 4.0 1.0 128
1.107156969867715 1.0 4.0 1.0 130
2.8965438558340333 1.0 0.0 1.0 131
2.904853333292254 1.0 0.0 1.0 133
1.0311253385590116 1.0 4.0 1.0 134
2.991998453154526 1.0 0.0 1.0 135
0.7367332208328421 1.0 4.0 1.0 136
4.0 1.8922333597790624 4.0 2.0 137
4.0 0.26658019618809237 4.0 0.0 138
0.5944547177952104 1.0 4.0 1.0 139
3.2273233484011783 1.0 0.0 1.0 140
0.3699097274885338 1.0 4.0 1.0 141
4.0 1.5007124445891113 4.0 2.0 142
4.0 0.4936220999152936 4.0 0.0 143
4.0 1.365189008194336 4.0 2.0 144
0.0 0.7484961796279794 0.0 0.0 145
0.0 0.8780963101843239 0.0 0.0 146
3.7470827673375373 1.0 0.0 1.0 147
4.0 1.0 4.0 2.0 148
4.0 1.0 5.0 1.0 149
0.0 0.9666066432247165 0.0 1.0 150
4.0 1.0 4.0 0.0 151
0.0 0.7677701356895494 0.0 1.0 152
4.0 0.7576121216724849 4.0 1.0 153
4.0 1.2881815102052525 4.0 1.0 154
4.264089933117541 1.0 4.0 1.0 155
0.0 1.3669001399816676 0.0 1.0 156
0.0 0.5042573399619301 0.0 1.0 157
4.0 1.5006826502506785 4.0 1.0 158
4.0 0.37052456977010173 4.0 1.0 159
4.620170319489815 1.0 4.0 1.0 160
0.0 0.24728631786372335 0.0 1.0 161
4.0 1.762748678624233 4.0 1.0 162
*** t = 91
2.261669446583352 1.0 0.0 1.0 1
0.0 1.9873630186992575 0.0 2.0 11
0.0 1.7434097688733337 0.0 2.0 15
4.0 1.4917504349092496 4.0 2.0 20
0.12360303516042331 1.0 4.0 1.0 24
3.877687329720784 1.0 0.0 1.0 26
4.0 1.0 0.0 1.0 28
3.8734311463331905 1.0 0.0 1.0 32
0.3738279797687649 1.0 0.0 1.0 38
0.8966140931596479 1.0 0.0 1.0 40
3.095385317253253 1.0 4.0 1.0 43
0.7934931965524359 1.0 0.0 1.0 45
2.7403105774523677 1.0 4.0 1.0 47
2.6691178808198943 1.0 4.0 1.0 48
1.8530879904441802 1.0 4.0 1.0 61
1.4492409697259099 1.0 4.0 1.0 66
2.445028699429331 1.0 0.0 1.0 72
0.0 0.1356861689257961 0.0 0.0 75
0.726281916939623 1.0 4.0 1.0 76
4.0 0.3786290935627975 4.0 0.0 78
4.0 1.493644436489677 4.0 2.0 80
0.7626408966168045 1.0 4.0 1.0 82
4.0 1.1248101709015188 4.0 2.0 85
3.9499786376108266 1.0 4.0 1.0 89
3.8723724472078733 1.0 0.0 1.0 90
0.1266783614886892 1.0 4.0 1.0 91
0.1514424139175204 1.0 0.0 1.0 92
0.1744713500226654 1.0 0.0 1.0 93
3.923994942658328 1.0 4.0 1.0 94
0.10581847938266792 1.0 0.0 1.0 95
3.560521487572 1.0 4.0 1.0 100
3.4092357571799843 1.0 4.0 1.0 101
0.9269423534758424 1.0 0.0 1.0 103
0.6031507995101435 1.0 0.0 1.0 104
2.98081429368776 1.0 4.0 1.0 105
1.0383937561520344 1.0 0.0 1.0 111
1.486162046757182 1.0 0.0 1.0 115
1.5386012098456838 1.0 0.0 1.0 117
2.0911378110296948 1.0 4.0 1.0 118
2.045163090133009 1.0 0.0 1.0 120
2.049411635783038 1.0 0.0 1.0 122
1.659058427693262 1.0 4.0 1.0 127
1.4786093634563375 1.0 4.0 1.0 128
1.230174410964128 1.0 4.0 1.0 130
2.7739376175933703 1.0 0.0 1.0 131
2.7831703703247266 1.0 0.0 1.0 133
1.160016005878888 1.0 4.0 1.0 134
2.865998259798842 1.0 0.0 1.0 135
0.8595220909716491 1.0 4.0 1.0 136
4.0 0.14434356221944106 4.0 0.0 138
0.7133456613542525 1.0 4.0 1.0 139
3.0985439064680413 1.0 0.0 1.0 140
0.49321296998471176 1.0 4.0 1.0 141
4.0 1.6258905557363892 4.0 2.0 142
4.0 0.367027624894117 4.0 0.0 143
4.0 1.4869186775924481 4.0 2.0 144
0.0 0.6227442694419691 0.0 0.0 145
0.0 0.7561926203686478 0.0 0.0 146
3.620624151006306 1.0 0.0 1.0 147
4.0 1.1197127773644762 4.0 2.0 148
4.12074895685755 1.0 5.0 1.0 149
0.0 1.0 4.0 1.0 150
4.0 0.8710949514042834 4.0 0.0 151
0.0 0.895731824971141 0.0 1.0 152
4.0 0.8838808086178991 4.0 1.0 153
4.0 1.1695450952394613 4.0 1.0 154
4.141438255303798 1.0 4.0 1.0 155
0.0 1.2402801679780011 0.0 1.0 156
0.0 0.6303216749524126 0.0 1.0 157
4.0 1.375853312813348 4.0 1.0 158
4.0 0.49403275969346894 4.0 1.0 159
4.49356042598642 1.0 4.0 1.0 160
0.0 0.370929476795585 0.0 1.0 161
4.0 1.6441230179363495 4.0 1.0 162
0.0 0.12152560524638353 0.0 1.0 163
0.0 1.878768355481876 0.0 1.0 164
4.0 0.12485207704222719 4.0 1.0 165
4.0 1.8712895654849917 4.0 1.0 166
4.876888474211991 1.0 4.0 1.0 167
*** t = 92
2.137502978482163 1.0 0.0 1.0 1
0.0 1.8673113970188893 0.0 2.0 15
4.0 1.614688043636562 4.0 2.0 20
0.24720607032084663 1.0 4.0 1.0 24
3.755374659441568 1.0 0.0 1.0 26
3.878587557847314 1.0 0.0 1.0 28
3.746862292666381 1.0 0.0 1.0 32
0.24878756527803259 1.0 0.0 1.0 38
0.7724786568860338 1.0 0.0 1.0 40
3.219200729943383 1.0 4.0 1.0 43
0.6652329244145332 1.0 0.0 1.0 45
2.864870149154748 1.0 4.0 1.0 47
2.7904414208571624 1.0 4.0 1.0 48
1.9766271898071255 1.0 4.0 1.0 61
1.5700110505364024 1.0 4.0 1.0 66
2.3154477577151087 1.0 0.0 1.0 72
0.0 0.01221276448662413 0.0 0.0 75
0.8473289030962268 1.0 4.0 1.0 76
4.0 0.254354912275357 4.0 0.0 78
4.0 1.6170555456120963 4.0 2.0 80
0.8897477127196052 1.0 4.0 1.0 82
4.0 1.2496203418030376 4.0 2.0 85
4.0 1.0 4.0 0.0 89
3.7447448944157466 1.0 0.0 1.0 90
0.2533567229773784 1.0 4.0 1.0 91
0.027295395011633902 1.0 0.0 1.0 92
0.051067200023396486 1.0 0.0 1.0 93
4.0 1.0 4.0 0.0 94
0.0 1.0 4.0 1.0 95
3.687682969271 1.0 4.0 1.0 100
3.5355037481866503 1.0 4.0 1.0 101
0.8040200476148762 1.0 0.0 1.0 103
0.4725027533374568 1.0 0.0 1.0 104
3.1050148892580833 1.0 4.0 1.0 105
0.9096282672890794 1.0 0.0 1.0 111
1.360470149095041 1.0 0.0 1.0 115
1.4090539051007198 1.0 0.0 1.0 117
2.2141459175608533 1.0 4.0 1.0 118
1.9229857832663222 1.0 0.0 1.0 120
1.927499863019478 1.0 0.0 1.0 122
1.78667830674659 1.0 4.0 1.0 127
1.6018268104110323 1.0 4.0 1.0 128
1.3531918520605408 1.0 4.0 1.0 130
2.6513313793527074 1.0 0.0 1.0 131
2.6614874073571992 1.0 0.0 1.0 133
1.2889066731987644 1.0 4.0 1.0 134
2.7399980664431576 1.0 0.0 1.0 135
0.9823109611104561 1.0 4.0 1.0 136
4.0 0.022106928250789762 4.0 0.0 138
0.8322366049132945 1.0 4.0 1.0 139
2.9697644645349044 1.0 0.0 1.0 140
0.6165162124808897 1.0 4.0 1.0 141
4.0 1.751068666883667 4.0 2.0 142
4.0 0.24043314987294043 4.0 0.0 143
4.0 1.6086483469905601 4.0 2.0 144
0.0 0.49699235925595886 0.0 0.0 145
0.0 0.6342889305529716 0.0 0.0 146
3.4941655346750746 1.0 0.0 1.0 147
4.0 1.2394255547289523 4.0 2.0 148
4.241497913715101 1.0 5.0 1.0 149
0.12082583040308954 1.0 4.0 1.0 150
4.0 0.7421899028085668 4.0 0.0 151
0.0 1.0 0.0 2.0 152
4.0 1.0 0.0 1.0 153
4.0 1.05090868027367 4.0 1.0 154
4.018786577490054 1.0 4.0 1.0 155
0.0 1.1136601959743346 0.0 1.0 156
0.0 0.7563860099428952 0.0 1.0 157
4.0 1.2510239753760177 4.0 1.0 158
4.0 0.6175409496168361 4.0 1.0 159
4.366950532483025 1.0 4.0 1.0 160
0.0 0.4945726357274467 0.0 1.0 161
4.0 1.525497357248466 4.0 1.0 162
0.0 0.24305121049276707 0.0 1.0 163
0.0 1.7575367109637519 0.0 1.0 164
4.0 0.24970415408445437 4.0 1.0 165
4.0 1.7425791309699834 4.0 1.0 166
4.753776948423981 1.0 4.0 1.0 167
*** t = 93
2.0133365103809737 1.0 0.0 1.0 1
0.0 1.9912130251644449 0.0 2.0 15
4.0 1.7376256523638745 4.0 2.0 20
0.37080910548126994 1.0 4.0 1.0 24
3.6330619891623517 1.0 0.0 1.0 26
3.7571751156946283 1.0 0.0 1.0 28
3.6202934389995716 1.0 0.0 1.0 32
0.12374715078730025 1.0 0.0 1.0 38
0.6483432206124197 1.0 0.0 1.0 40
3.343016142633513 1.0 4.0 1.0 43
0.5369726522766305 1.0 0.0 1.0 45
2.989429720857128 1.0 4.0 1.0 47
2.9117649608944305 1.0 4.0 1.0 48
2.100166389170071 1.0 4.0 1.0 61
1.690781131346895 1.0 4.0 1.0 66
2.1858668160008863 1.0 0.0 1.0 72
0.9683758892528306 1.0 4.0 1.0 76
4.0 0.1300807309879165 4.0 0.0 78
4.0 1.7404666547345156 4.0 2.0 80
1.016854528822406 1.0 4.0 1.0 82
4.0 1.3744305127045564 4.0 2.0 85
4.0 0.8765631675746617 4.0 0.0 89
3.61711734162362 1.0 0.0 1.0 90
0.3800350844660676 1.0 4.0 1.0 91
0.0 1.0 0.0 2.0 92
0.0 1.0 0.0 2.0 93
4.0 0.8734195179787636 4.0 0.0 94
0.1256187587295913 1.0 4.0 1.0 95
3.81484445097 1.0 4.0 1.0 100
3.661771739193316 1.0 4.0 1.0 101
0.68109774175391 1.0 0.0 1.0 103
0.34185470716477007 1.0 0.0 1.0 104
3.2292154848284067 1.0 4.0 1.0 105
0.7808627784261244 1.0 0.0 1.0 111
1.2347782514329 1.0 0.0 1.0 115
1.2795066003557558 1.0 0.0 1.0 117
2.337154024092012 1.0 4.0 1.0 118
1.8008084763996353 1.0 0.0 1.0 120
1.805588090255918 1.0 0.0 1.0 122
1.9142981857999177 1.0 4.0 1.0 127
1.725044257365727 1.0 4.0 1.0 128
1.4762092931569537 1.0 4.0 1.0 130
2.5287251411120444 1.0 0.0 1.0 131
2.539804444389672 1.0 0.0 1.0 133
1.4177973405186408 1.0 4.0 1.0 134
2.6139978730874733 1.0 0.0 1.0 135
1.1050998312492633 1.0 4.0 1.0 136
0.9511275484723366 1.0 4.0 1.0 139
2.8409850226017674 1.0 0.0 1.0 140
0.7398194549770677 1.0 4.0 1.0 141
4.0 1.8762467780309449 4.0 2.0 142
4.0 0.11383867485176385 4.0 0.0 143
4.0 1.7303780163886722 4.0 2.0 144
0.0 0.3712404490699486 0.0 0.0 145
0.0 0.5123852407372955 0.0 0.0 146
3.3677069183438433 1.0 0.0 1.0 147
4.0 1.3591383320934285 4.0 2.0 148
4.362246870572651 1.0 5.0 1.0 149
0.24165166080617909 1.0 4.0 1.0 150
4.0 0.6132848542128502 4.0 0.0 151
0.0 1.1279616892815916 0.0 2.0 152
3.873731313054586 1.0 0.0 1.0 153
4.0 1.0 4.0 0.0 154
4.0 1.0 0.0 1.0 155
0.0 1.0 0.0 2.0 156
0.0 0.8824503449333777 0.0 1.0 157
4.0 1.1261946379386873 4.0 1.0 158
4.0 0.7410491395402033 4.0 1.0 159
4.24034063897963 1.0 4.0 1.0 160
0.0 0.6182157946593083 0.0 1.0 161
4.0 1.4068716965605825 4.0 1.0 162
0.0 0.3645768157391506 0.0 1.0 163
0.0 1.6363050664456278 0.0 1.0 164
4.0 0.37455623112668157 4.0 1.0 165
4.0 1.613868696454975 4.0 1.0 166
4.630665422635972 1.0 4.0 1.0 167
0.0 0.12765152082102063 0.0 1.0 168
4.0 1.8728359171935063 4.0 1.0 169
*** t = 94
1.8891700422797844 1.0 0.0 1.0 1
4.0 1.8605632610911869 4.0 2.0 20
0.49441214064169325 1.0 4.0 1.0 24
3.5107493188831356 1.0 0.0 1.0 26
3.6357626735419424 1.0 0.0 1.0 28
3.493724585332762 1.0 0.0 1.0 32
0.0 1.0 4.0 1.0 38
0.5242077843388055 1.0 0.0 1.0 40
3.466831555323643 1.0 4.0 1.0 43
0.40871238013872785 1.0 0.0 1.0 45
3.1139892925595083 1.0 4.0 1.0 47
3.0330885009316986 1.0 4.0 1.0 48
2.2237055885330164 1.0 4.0 1.0 61
1.8115512121573876 1.0 4.0 1.0 66
2.056285874286664 1.0 0.0 1.0 72
1.0894228754094344 1.0 4.0 1.0 76
4.0 0.005806549700476005 4.0 0.0 78
4.0 1.8638777638569348 4.0 2.0 80
1.1439613449252068 1.0 4.0 1.0 82
4.0 1.4992406836060752 4.0 2.0 85
4.0 0.7531263351493234 4.0 0.0 89
3.4894897888314933 1.0 0.0 1.0 90
0.5067134459547568 1.0 4.0 1.0 91
0.0 1.1241470189058864 0.0 2.0 92
0.0 1.1234041499992689 0.0 2.0 93
4.0 0.7468390359575272 4.0 0.0 94
0.2512375174591826 1.0 4.0 1.0 95
3.942005932669 1.0 4.0 1.0 100
3.788039730199982 1.0 4.0 1.0 101
0.5581754358929438 1.0 0.0 1.0 103
0.21120666099208335 1.0 0.0 1.0 104
3.35341608039873 1.0 4.0 1.0 105
0.6520972895631694 1.0 0.0 1.0 111
1.109086353770759 1.0 0.0 1.0 115
1.1499592956107918 1.0 0.0 1.0 117
2.4601621306231705 1.0 4.0 1.0 118
1.6786311695329483 1.0 0.0 1.0 120
1.6836763174923581 1.0 0.0 1.0 122
2.041918064853246 1.0 4.0 1.0 127
1.8482617043204217 1.0 4.0 1.0 128
1.5992267342533666 1.0 4.0 1.0 130
2.4061189028713814 1.0 0.0 1.0 131
2.4181214814221446 1.0 0.0 1.0 133
1.5466880078385172 1.0 4.0 1.0 134
2.487997679731789 1.0 0.0 1.0 135
1.2278887013880704 1.0 4.0 1.0 136
1.0700184920313787 1.0 4.0 1.0 139
2.7122055806686305 1.0 0.0 1.0 140
0.8631226974732457 1.0 4.0 1.0 141
4.0 1.8521076857867842 4.0 2.0 144
0.0 0.24548853888393826 0.0 0.0 145
0.0 0.3904815509216194 0.0 0.0 146
3.241248302012612 1.0 0.0 1.0 147
4.0 1.4788511094579047 4.0 2.0 148
4.4829958274302015 1.0 5.0 1.0 149
0.36247749120926864 1.0 4.0 1.0 150
4.0 0.4843798056171336 4.0 0.0 151
0.0 1.2559233785631831 0.0 2.0 152
3.747462626109172 1.0 0.0 1.0 153
4.0 0.8813635850342089 4.0 0.0 154
3.877348322186257 1.0 0.0 1.0 155
0.0 1.1266199720036665 0.0 2.0 156
0.0 1.0 0.0 0.0 157
4.0 1.001365300501357 4.0 1.0 158
4.0 0.8645573294635706 4.0 1.0 159
4.113730745476235 1.0 4.0 1.0 160
0.0 0.7418589535911699 0.0 1.0 161
4.0 1.288246035872699 4.0 1.0 162
0.0 0.48610242098553413 0.0 1.0 163
0.0 1.5150734219275037 0.0 1.0 164
4.0 0.49940830816890874 4.0 1.0 165
4.0 1.4851582619399668 4.0 1.0 166
4.507553896847963 1.0 4.0 1.0 167
0.0 0.25530304164204126 0.0 1.0 168
4.0 1.7456718343870126 4.0 1.0 169
4.0 0.1282332741381613 4.0 1.0 170
4.876046332981894 1.0 4.0 1.0 171
*** t = 95
1.765003574178595 1.0 0.0 1.0 1
4.0 1.9835008698184993 4.0 2.0 20
0.6180151758021166 1.0 4.0 1.0 24
3.3884366486039195 1.0 0.0 1.0 26
3.5143502313892565 1.0 0.0 1.0 28
3.3671557316659526 1.0 0.0 1.0 32
0.12504041449073233 1.0 4.0 1.0 38
0.40007234806519143 1.0 0.0 1.0 40
3.590646968013773 1.0 4.0 1.0 43
0.2804521080008252 1.0 0.0 1.0 45
3.2385488642618885 1.0 4.0 1.0 47
3.1544120409689667 1.0 4.0 1.0 48
2.3472447878959617 1.0 4.0 1.0 61
1.9323212929678801 1.0 4.0 1.0 66
1.9267049325724415 1.0 0.0 1.0 72
1.2104698615660383 1.0 4.0 1.0 76
4.0 1.987288872979354 4.0 2.0 80
1.2710681610280077 1.0 4.0 1.0 82
4.0 1.624050854507594 4.0 2.0 85
4.0 0.629689502723985 4.0 0.0 89
3.3618622360393666 1.0 0.0 1.0 90
0.6333918074434459 1.0 4.0 1.0 91
0.0 1.2482940378117728 0.0 2.0 92
0.0 1.2468082999985377 0.0 2.0 93
4.0 0.6202585539362908 4.0 0.0 94
0.37685627618877393 1.0 4.0 1.0 95
4.0 1.0 5.0 1.0 100
3.914307721206648 1.0 4.0 1.0 101
0.4352531300319776 1.0 0.0 1.0 103
0.08055861481939663 1.0 0.0 1.0 104
3.4776166759690534 1.0 4.0 1.0 105
0.5233318007002143 1.0 0.0 1.0 111
0.983394456108618 1.0 0.0 1.0 115
1.0204119908658278 1.0 0.0 1.0 117
2.583170237154329 1.0 4.0 1.0 118
1.5564538626662614 1.0 0.0 1.0 120
1.5617645447287982 1.0 0.0 1.0 122
2.169537943906574 1.0 4.0 1.0 127
1.9714791512751164 1.0 4.0 1.0 128
1.7222441753497795 1.0 4.0 1.0 130
2.2835126646307184 1.0 0.0 1.0 131
2.296438518454617 1.0 0.0 1.0 133
1.6755786751583936 1.0 4.0 1.0 134
2.361997486376105 1.0 0.0 1.0 135
1.3506775715268775 1.0 4.0 1.0 136
1.1889094355904208 1.0 4.0 1.0 139
2.5834261387354935 1.0 0.0 1.0 140
0.9864259399694236 1.0 4.0 1.0 141
4.0 1.9738373551848962 4.0 2.0 144
0.0 0.11973662869792795 0.0 0.0 145
0.0 0.2685778611059433 0.0 0.0 146
3.1147896856813806 1.0 0.0 1.0 147
4.0 1.5985638868223808 4.0 2.0 148
4.603744784287752 1.0 5.0 1.0 149
0.48330332161235817 1.0 4.0 1.0 150
4.0 0.35547475702141706 4.0 0.0 151
0.0 1.3838850678447747 0.0 2.0 152
3.621193939163758 1.0 0.0 1.0 153
4.0 0.7627271700684177 4.0 0.0 154
3.7546966443725136 1.0 0.0 1.0 155
0.0 1.253239944007333 0.0 2.0 156
0.0 0.8739356650095175 0.0 0.0 157
4.0 1.0 0.0 1.0 158
4.0 0.9880655193869378 4.0 1.0 159
4.0 1.0 0.0 1.0 160
0.0 0.8655021125230316 0.0 1.0 161
4.0 1.1696203751848155 4.0 1.0 162
0.0 0.6076280262319177 0.0 1.0 163
0.0 1.3938417774093796 0.0 1.0 164
4.0 0.6242603852111359 4.0 1.0 165
4.0 1.3564478274249585 4.0 1.0 166
4.384442371059953 1.0 4.0 1.0 167
0.0 0.3829545624630619 0.0 1.0 168
4.0 1.6185077515805188 4.0 1.0 169
4.0 0.2564665482763226 4.0 1.0 170
4.752092665963788 1.0 4.0 1.0 171
0.0 0.12401280787261194 0.0 1.0 172
4.0 1.8728374651368753 4.0 1.0 173
*** t = 96
1.6408371060774056 1.0 0.0 1.0 1
0.74161821096254 1.0 4.0 1.0 24
3.2661239783247034 1.0 0.0 1.0 26
3.3929377892365706 1.0 0.0 1.0 28
3.240586877999143 1.0 0.0 1.0 32
0.25008082898146466 1.0 4.0 1.0 38
0.2759369117915773 1.0 0.0 1.0 40
3.714462380703903 1.0 4.0 1.0 43
0.15219183586292256 1.0 0.0 1.0 45
3.3631084359642687 1.0 4.0 1.0 47
3.2757355810062347 1.0 4.0 1.0 48
2.470783987258907 1.0 4.0 1.0 61
2.0530913737783725 1.0 4.0 1.0 66
1.797123990858219 1.0 0.0 1.0 72
1.3315168477226422 1.0 4.0 1.0 76
1.3981749771308085 1.0 4.0 1.0 82
4.0 1.7488610254091128 4.0 2.0 85
4.0 0.5062526702986467 4.0 0.0 89
3.23423468324724 1.0 0.0 1.0 90
0.7600701689321351 1.0 4.0 1.0 91
0.0 1.3724410567176593 0.0 2.0 92
0.0 1.3702124499978066 0.0 2.0 93
4.0 0.4936780719150545 4.0 0.0 94
0.5024750349183652 1.0 4.0 1.0 95
4.127161481699 1.0 5.0 1.0 100
4.0 1.0 0.0 1.0 101
0.3123308241710113 1.0 0.0 1.0 103
0.0 1.0 4.0 1.0 104
3.601817271539377 1.0 4.0 1.0 105
0.3945663118372593 1.0 0.0 1.0 111
0.857702558446477 1.0 0.0 1.0 115
0.8908646861208638 1.0 0.0 1.0 117
2.7061783436854876 1.0 4.0 1.0 118
1.4342765557995745 1.0 0.0 1.0 120
1.4398527719652383 1.0 0.0 1.0 122
2.297157822959902 1.0 4.0 1.0 127
2.0946965982298114 1.0 4.0 1.0 128
1.8452616164461924 1.0 4.0 1.0 130
2.1609064263900555 1.0 0.0 1.0 131
2.17475555548709 1.0 0.0 1.0 133
1.80446934247827 1.0 4.0 1.0 134
2.2359972930204206 1.0 0.0 1.0 135
1.4734664416656846 1.0 4.0 1.0 136
1.307800379149463 1.0 4.0 1.0 139
2.4546466968023566 1.0 0.0 1.0 140
1.1097291824656015 1.0 4.0 1.0 141
0.0 0.14667417129026714 0.0 0.0 146
2.9883310693501492 1.0 0.0 1.0 147
4.0 1.718276664186857 4.0 2.0 148
4.724493741145302 1.0 5.0 1.0 149
0.6041291520154477 1.0 4.0 1.0 150
4.0 0.2265697084257005 4.0 0.0 151
0.0 1.5118467571263663 0.0 2.0 152
3.4949252522183443 1.0 0.0 1.0 153
4.0 0.6440907551026266 4.0 0.0 154
3.6320449665587704 1.0 0.0 1.0 155
0.0 1.3798599160109994 0.0 2.0 156
0.0 0.7478713300190349 0.0 0.0 157
3.8751706625626694 1.0 0.0 1.0 158
4.0 1.0 0.0 1.0 159
3.8733901064966045 1.0 0.0 1.0 160
0.0 0.9891452714548932 0.0 1.0 161
4.0 1.050994714496932 4.0 1.0 162
0.0 0.7291536314783013 0.0 1.0 163
0.0 1.2726101328912556 0.0 1.0 164
4.0 0.7491124622533631 4.0 1.0 165
4.0 1.2277373929099502 4.0 1.0 166
4.261330845271944 1.0 4.0 1.0 167
0.0 0.5106060832840825 0.0 1.0 168
4.0 1.4913436687740251 4.0 1.0 169
4.0 0.38469982241448386 4.0 1.0 170
4.6281389989456825 1.0 4.0 1.0 171
0.0 0.2480256157452239 0.0 1.0 172
4.0 1.7456749302737506 4.0 1.0 173
0.0 1.8737820856986385 0.0 1.0 174
*** t = 97
1.5166706379762163 1.0 0.0 1.0 1
0.8652212461229634 1.0 4.0 1.0 24
3.1438113080454873 1.0 0.0 1.0 26
3.2715253470838848 1.0 0.0 1.0 28
3.1140180243323337 1.0 0.0 1.0 32
0.375121243472197 1.0 4.0 1.0 38
0.15180147551796316 1.0 0.0 1.0 40
3.8382777933940333 1.0 4.0 1.0 43
0.023931563725019922 1.0 0.0 1.0 45
3.487668007666649 1.0 4.0 1.0 47
3.397059121043503 1.0 4.0 1.0 48
2.5943231866218524 1.0 4.0 1.0 61
2.173861454588865 1.0 4.0 1.0 66
1.6675430491439966 1.0 0.0 1.0 72
1.4525638338792461 1.0 4.0 1.0 76
1.5252817932336094 1.0 4.0 1.0 82
4.0 1.8736711963106316 4.0 2.0 85
4.0 0.38281583787330836 4.0 0.0 89
3.1066071304551133 1.0 0.0 1.0 90
0.8867485304208242 1.0 4.0 1.0 91
0.0 1.4965880756235457 0.0 2.0 92
0.0 1.4936165999970754 0.0 2.0 93
4.0 0.36709758989381813 4.0 0.0 94
0.6280937936479565 1.0 4.0 1.0 95
4.254322963398 1.0 5.0 1.0 100
3.873732008993334 1.0 0.0 1.0 101
0.18940851831004507 1.0 0.0 1.0 103
0.13064804617268672 1.0 4.0 1.0 104
3.7260178671097 1.0 4.0 1.0 105
0.2658008229743043 1.0 0.0 1.0 111
0.7320106607843361 1.0 0.0 1.0 115
0.7613173813758998 1.0 0.0 1.0 117
2.829186450216646 1.0 4.0 1.0 118
1.3120992489328875 1.0 0.0 1.0 120
1.3179409992016784 1.0 0.0 1.0 122
2.42477770201323 1.0 4.0 1.0 127
2.2179140451845063 1.0 4.0 1.0 128
1.9682790575426052 1.0 4.0 1.0 130
2.0383001881493925 1.0 0.0 1.0 131
2.0530725925195625 1.0 0.0 1.0 133
1.9333600097981465 1.0 4.0 1.0 134
2.1099970996647364 1.0 0.0 1.0 135
1.5962553118044918 1.0 4.0 1.0 136
1.4266913227085052 1.0 4.0 1.0 139
2.3258672548692196 1.0 0.0 1.0 140
1.2330324249617794 1.0 4.0 1.0 141
0.0 0.02477048147459099 0.0 0.0 146
2.861872453018918 1.0 0.0 1.0 147
4.0 1.8379894415513331 4.0 2.0 148
4.845242698002853 1.0 5.0 1.0 149
0.7249549824185373 1.0 4.0 1.0 150
4.0 0.09766465982998396 4.0 0.0 151
0.0 1.6398084464079579 0.0 2.0 152
3.3686565652729303 1.0 0.0 1.0 153
4.0 0.5254543401368355 4.0 0.0 154
3.509393288745027 1.0 0.0 1.0 155
0.0 1.506479888014666 0.0 2.0 156
0.0 0.6218069950285524 0.0 0.0 157
3.750341325125339 1.0 0.0 1.0 158
3.8764918100766326 1.0 0.0 1.0 159
3.746780212993209 1.0 0.0 1.0 160
0.0 1.0 4.0 1.0 161
4.0 1.0 0.0 1.0 162
0.0 0.8506792367246848 0.0 1.0 163
0.0 1.1513784883731315 0.0 1.0 164
4.0 0.8739645392955904 4.0 1.0 165
4.0 1.099026958394942 4.0 1.0 166
4.138219319483935 1.0 4.0 1.0 167
0.0 0.6382576041051031 0.0 1.0 168
4.0 1.3641795859675314 4.0 1.0 169
4.0 0.5129330965526452 4.0 1.0 170
4.504185331927577 1.0 4.0 1.0 171
0.0 0.37203842361783585 0.0 1.0 172
4.0 1.618512395410626 4.0 1.0 173
0.0 1.747564171397277 0.0 1.0 174
0.0 0.12404891351892777 0.0 1.0 175
4.0 0.12649509532028186 4.0 1.0 176
4.0 1.8770991637331416 4.0 1.0 177
4.872360211107839 1.0 4.0 1.0 178
*** t = 98
1.392504169875027 1.0 0.0 1.0 1
0.9888242812833867 1.0 4.0 1.0 24
3.021498637766271 1.0 0.0 1.0 26
3.150112904931199 1.0 0.0 1.0 28
2.987449170665524 1.0 0.0 1.0 32
0.5001616579629293 1.0 4.0 1.0 38
0.027666039244349017 1.0 0.0 1.0 40
3.9620932060841634 1.0 4.0 1.0 43
0.0 1.0 0.0 2.0 45
3.612227579369029 1.0 4.0 1.0 47
3.518382661080771 1.0 4.0 1.0 48
2.7178623859847977 1.0 4.0 1.0 61
2.294631535399357 1.0 4.0 1.0 66
1.5379621074297742 1.0 0.0 1.0 72
1.57361082003585 1.0 4.0 1.0 76
1.6523886093364102 1.0 4.0 1.0 82
4.0 1.9984813672121504 4.0 2.0 85
4.0 0.25937900544797 4.0 0.0 89
2.9789795776629866 1.0 0.0 1.0 90
1.0134268919095135 1.0 4.0 1.0 91
0.0 1.620735094529432 0.0 2.0 92
0.0 1.6170207499963443 0.0 2.0 93
4.0 0.2405171078725818 4.0 0.0 94
0.7537125523775478 1.0 4.0 1.0 95
4.381484445097 1.0 5.0 1.0 100
3.747464017986668 1.0 0.0 1.0 101
0.06648621244907883 1.0 0.0 1.0 103
0.26129609234537343 1.0 4.0 1.0 104
3.8502184626800235 1.0 4.0 1.0 105
0.13703533411134924 1.0 0.0 1.0 111
0.6063187631221951 1.0 0.0 1.0 115
0.6317700766309358 1.0 0.0 1.0 117
2.9521945567478047 1.0 4.0 1.0 118
1.1899219420662006 1.0 0.0 1.0 120
1.1960292264381185 1.0 0.0 1.0 122
2.552397581066558 1.0 4.0 1.0 127
2.3411314921392012 1.0 4.0 1.0 128
2.091296498639018 1.0 4.0 1.0 130
1.9156939499087295 1.0 0.0 1.0 131
1.9313896295520354 1.0 0.0 1.0 133
2.062250677118023 1.0 4.0 1.0 134
1.9839969063090521 1.0 0.0 1.0 135
1.7190441819432989 1.0 4.0 1.0 136
1.5455822662675474 1.0 4.0 1.0 139
2.1970878129360827 1.0 0.0 1.0 140
1.3563356674579574 1.0 4.0 1.0 141
2.7354138366876866 1.0 0.0 1.0 147
4.0 1.9577022189158093 4.0 2.0 148
4.965991654860403 1.0 5.0 1.0 149
0.8457808128216269 1.0 4.0 1.0 150
0.0 1.7677701356895494 0.0 2.0 152
3.2423878783275164 1.0 0.0 1.0 153
4.0 0.4068179251710443 4.0 0.0 154
3.386741610931284 1.0 0.0 1.0 155
0.0 1.6330998600183324 0.0 2.0 156
0.0 0.4957426600380699 0.0 0.0 157
3.625511987688008 1.0 0.0 1.0 158
3.752983620153265 1.0 0.0 1.0 159
3.6201703194898136 1.0 0.0 1.0 160
0.12364315893186167 1.0 4.0 1.0 161
3.8813743393121167 1.0 0.0 1.0 162
0.0 0.9722048419710684 0.0 1.0 163
0.0 1.0301468438550074 0.0 1.0 164
4.0 0.9988166163378176 4.0 1.0 165
4.0 1.0 0.0 1.0 166
4.015107793695925 1.0 4.0 1.0 167
0.0 0.7659091249261237 0.0 1.0 168
4.0 1.2370155031610377 4.0 1.0 169
4.0 0.6411663706908065 4.0 1.0 170
4.380231664909471 1.0 4.0 1.0 171
0.0 0.4960512314904478 0.0 1.0 172
4.0 1.4913498605475013 4.0 1.0 173
0.0 1.6213462570959154 0.0 1.0 174
0.0 0.24809782703785555 0.0 1.0 175
4.0 0.2529901906405637 4.0 1.0 176
4.0 1.7541983274662831 4.0 1.0 177
4.7447204222156785 1.0 4.0 1.0 178
*** t = 99
1.2683377017738375 1.0 0.0 1.0 1
1.11242731644381 1.0 4.0 1.0 24
2.899185967487055 1.0 0.0 1.0 26
3.028700462778513 1.0 0.0 1.0 28
2.8608803169987147 1.0 0.0 1.0 32
0.6252020724536617 1.0 4.0 1.0 38
0.0 1.0 4.0 1.0 40
4.0 1.0 0.0 1.0 43
0.0 1.1282602721379027 0.0 2.0 45
3.7367871510714092 1.0 4.0 1.0 47
3.639706201118039 1.0 4.0 1.0 48
2.841401585347743 1.0 4.0 1.0 61
2.4154016162098495 1.0 4.0 1.0 66
1.4083811657155518 1.0 0.0 1.0 72
1.694657806192454 1.0 4.0 1.0 76
1.779495425439211 1.0 4.0 1.0 82
4.0 0.13594217302263162 4.0 0.0 89
2.85135202487086 1.0 0.0 1.0 90
1.1401052533982028 1.0 4.0 1.0 91
0.0 1.7448821134353185 0.0 2.0 92
0.0 1.7404248999956131 0.0 2.0 93
4.0 0.11393662585134545 4.0 0.0 94
0.879331311107139 1.0 4.0 1.0 95
4.5086459267959995 1.0 5.0 1.0 100
3.621196026980002 1.0 0.0 1.0 101
0.0 1.0 0.0 2.0 103
0.39194413851806015 1.0 4.0 1.0 104
3.974419058250347 1.0 4.0 1.0 105
0.008269845248394192 1.0 0.0 1.0 111
0.4806268654600542 1.0 0.0 1.0 115
0.5022227718859718 1.0 0.0 1.0 117
3.0752026632789633 1.0 4.0 1.0 118
1.0677446351995137 1.0 0.0 1.0 120
1.0741174536745586 1.0 0.0 1.0 122
2.680017460119886 1.0 4.0 1.0 127
2.464348939093896 1.0 4.0 1.0 128
2.2143139397354306 1.0 4.0 1.0 130
1.7930877116680666 1.0 0.0 1.0 131
1.8097066665845083 1.0 0.0 1.0 133
2.1911413444378995 1.0 4.0 1.0 134
1.8579967129533679 1.0 0.0 1.0 135
1.841833052082106 1.0 4.0 1.0 136
1.6644732098265895 1.0 4.0 1.0 139
2.0683083710029457 1.0 0.0 1.0 140
1.4796389099541354 1.0 4.0 1.0 141
2.608955220356455 1.0 0.0 1.0 147
0.9666066432247165 1.0 4.0 1.0 150
0.0 1.895731824971141 0.0 2.0 152
3.1161191913821025 1.0 0.0 1.0 153
4.0 0.2881815102052532 4.0 0.0 154
3.264089933117541 1.0 0.0 1.0 155
0.0 1.7597198320219989 0.0 2.0 156
0.0 0.36967832504758735 0.0 0.0 157
3.5006826502506776 1.0 0.0 1.0 158
3.6294754302298977 1.0 0.0 1.0 159
3.493560425986418 1.0 0.0 1.0 160
0.24728631786372335 1.0 4.0 1.0 161
3.7627486786242335 1.0 0.0 1.0 162
0.0 1.0 4.0 1.0 163
0.0 1.0 0.0 2.0 164
4.0 1.0 4.0 0.0 165
3.8712895654849917 1.0 0.0 1.0 166
4.0 1.0 0.0 1.0 167
0.0 0.8935606457471443 0.0 1.0 168
4.0 1.109851420354544 4.0 1.0 169
4.0 0.7693996448289678 4.0 1.0 170
4.256277997891365 1.0 4.0 1.0 171
0.0 0.6200640393630598 0.0 1.0 172
4.0 1.3641873256843766 4.0 1.0 173
0.0 1.4951283427945539 0.0 1.0 174
0.0 0.3721467405567833 0.0 1.0 175
4.0 0.3794852859608456 4.0 1.0 176
4.0 1.6312974911994247 4.0 1.0 177
4.617080633323518 1.0 4.0 1.0 178
0.0 0.12591398708026735 0.0 1.0 179
4.0 1.8767036763723286 4.0 1.0 180
*** t = 100
1.1441712336726482 1.0 0.0 1.0 1
1.2360303516042335 1.0 4.0 1.0 24
2.776873297207839 1.0 0.0 1.0 26
2.907288020625827 1.0 0.0 1.0 28
2.7343114633319052 1.0 0.0 1.0 32
0.750242486944394 1.0 4.0 1.0 38
0.12413543627361415 1.0 4.0 1.0 40
3.87618458730987 1.0 0.0 1.0 43
0.0 1.2565205442758054 0.0 2.0 45
3.8613467227737894 1.0 4.0 1.0 47
3.761029741155307 1.0 4.0 1.0 48
2.9649407847106883 1.0 4.0 1.0 61
2.536171697020342 1.0 4.0 1.0 66
1.2788002240013294 1.0 0.0 1.0 72
1.815704792349058 1.0 4.0 1.0 76
1.9066022415420119 1.0 4.0 1.0 82
4.0 0.01250534059729326 4.0 0.0 89
2.7237244720787332 1.0 0.0 1.0 90
1.266783614886892 1.0 4.0 1.0 91
0.0 1.869029132341205 0.0 2.0 92
0.0 1.863829049994882 0.0 2.0 93
1.0049500698367304 1.0 4.0 1.0 95
4.635807408494999 1.0 5.0 1.0 100
3.494928035973336 1.0 0.0 1.0 101
0.0 1.1229223058609663 0.0 2.0 103
0.5225921846907469 1.0 4.0 1.0 104
4.0 1.0 0.0 1.0 105
0.0 1.0 4.0 1.0 111
0.3549349677979132 1.0 0.0 1.0 115
0.37267546714100774 1.0 0.0 1.0 117
3.198210769810122 1.0 4.0 1.0 118
0.9455673283328266 1.0 0.0 1.0 120
0.9522056809109987 1.0 0.0 1.0 122
2.807637339173214 1.0 4.0 1.0 127
2.587566386048591 1.0 4.0 1.0 128
2.337331380831843 1.0 4.0 1.0 130
1.6704814734274036 1.0 0.0 1.0 131
1.6880237036169812 1.0 0.0 1.0 133
2.320032011757776 1.0 4.0 1.0 134
1.7319965195976836 1.0 0.0 1.0 135
1.9646219222209131 1.0 4.0 1.0 136
1.7833641533856317 1.0 4.0 1.0 139
1.9395289290698086 1.0 0.0 1.0 140
1.6029421524503134 1.0 4.0 1.0 141
2.482496604025224 1.0 0.0 1.0 147
1.087432473627806 1.0 4.0 1.0 150
2.9898505044366885 1.0 0.0 1.0 153
4.0 0.16954509523946204 4.0 0.0 154
3.1414382553037976 1.0 0.0 1.0 155
0.0 1.8863398040256654 0.0 2.0 156
0.0 0.24361399005710482 0.0 0.0 157
3.375853312813347 1.0 0.0 1.0 158
3.5059672403065303 1.0 0.0 1.0 159
3.3669505324830227 1.0 0.0 1.0 160
0.370929476795585 1.0 4.0 1.0 161
3.64412301793635 1.0 0.0 1.0 162
0.12152560524638353 1.0 4.0 1.0 163
0.0 1.121231644518124 0.0 2.0 164
4.0 0.8751479229577728 4.0 0.0 165
3.7425791309699834 1.0 0.0 1.0 166
3.8768884742119907 1.0 0.0 1.0 167
0.0 1.0 4.0 1.0 168
4.0 1.0 0.0 1.0 169
4.0 0.8976329189671292 4.0 1.0 170
4.132324330873259 1.0 4.0 1.0 171
0.0 0.7440768472356717 0.0 1.0 172
4.0 1.237024790821252 4.0 1.0 173
0.0 1.3689104284931923 0.0 1.0 174
0.0 0.4961956540757111 0.0 1.0 175
4.0 0.5059803812811274 4.0 1.0 176
4.0 1.5083966549325662 4.0 1.0 177
4.489440844431357 1.0 4.0 1.0 178
0.0 0.2518279741605347 0.0 1.0 179
4.0 1.7534073527446572 4.0 1.0 180
4.0 0.129473084327524 4.0 1.0 181
4.875849782028342 1.0 4.0 1.0 182
