*** t = 0
*** t = 1
*** t = 2
0.0 1.8753883976528818 0.0 1.0 0
*** t = 3
0.0 1.7507767953057636 0.0 1.0 0
0.0 0.12095743962817554 0.0 1.0 1
0.0 1.8716489129211613 0.0 1.0 2
1.0 1.8730543998244387 1.0 1.0 3
*** t = 4
0.0 1.6261651929586454 0.0 1.0 0
0.0 0.24191487925635108 0.0 1.0 1
0.0 1.7432978258423226 0.0 1.0 2
1.0 1.7461087996488773 1.0 1.0 3
-0.8746458261601253 1.0 0.0 1.0 4
0.0 1.8729059440469082 0.0 1.0 5
1.0 0.12606668849379907 1.0 1.0 6
1.8808801404125766 1.0 1.0 1.0 7
*** t = 5
0.0 1.5015535906115272 0.0 1.0 0
0.0 0.36287231888452665 0.0 1.0 1
0.0 1.614946738763484 0.0 1.0 2
1.0 1.619163199473316 1.0 1.0 3
-0.7492916523202506 1.0 0.0 1.0 4
0.0 1.7458118880938165 0.0 1.0 5
1.0 0.25213337698759813 1.0 1.0 6
1.7617602808251531 1.0 1.0 1.0 7
0.0 0.12520866963709865 0.0 1.0 8
0.0 1.8716037603187838 0.0 1.0 9
1.0 1.87693981796188 1.0 1.0 10
*** t = 6
0.0 1.376941988264409 0.0 1.0 0
0.0 0.48382975851270216 0.0 1.0 1
0.0 1.4865956516846452 0.0 1.0 2
1.0 1.4922175992977547 1.0 1.0 3
-0.623937478480376 1.0 0.0 1.0 4
0.0 1.6187178321407247 0.0 1.0 5
1.0 0.3782000654813972 1.0 1.0 6
1.6426404212377297 1.0 1.0 1.0 7
0.0 0.2504173392741973 0.0 1.0 8
0.0 1.7432075206375677 0.0 1.0 9
1.0 1.7538796359237598 1.0 1.0 10
0.0 1.8752472002623592 0.0 1.0 11
*** t = 7
0.0 1.2523303859172907 0.0 1.0 0
0.0 0.6047871981408777 0.0 1.0 1
0.0 1.3582445646058066 0.0 1.0 2
1.0 1.3652719991221933 1.0 1.0 3
-0.49858330464050127 1.0 0.0 1.0 4
0.0 1.491623776187633 0.0 1.0 5
1.0 0.5042667539751963 1.0 1.0 6
1.5235205616503062 1.0 1.0 1.0 7
0.0 0.37562600891129594 0.0 1.0 8
0.0 1.6148112809563515 0.0 1.0 9
1.0 1.6308194538856398 1.0 1.0 10
0.0 1.7504944005247185 0.0 1.0 11
0.0 0.12025990621001696 0.0 1.0 12
-0.8719615327519703 1.0 0.0 1.0 13
0.0 1.870950973564835 0.0 1.0 14
1.0 1.8736981213141306 1.0 1.0 15
1.0 0.12554511567115242 1.0 1.0 16
1.8714295998717339 1.0 1.0 1.0 17
*** t = 8
0.0 1.1277187835701725 0.0 1.0 0
0.0 0.7257446377690532 0.0 1.0 1
0.0 1.2298934775269679 0.0 1.0 2
1.0 1.238326398946632 1.0 1.0 3
-0.3732291308006266 1.0 0.0 1.0 4
0.0 1.3645297202345412 0.0 1.0 5
1.0 0.6303334424689954 1.0 1.0 6
1.4044007020628828 1.0 1.0 1.0 7
0.0 0.5008346785483946 0.0 1.0 8
0.0 1.4864150412751354 0.0 1.0 9
1.0 1.5077592718475197 1.0 1.0 10
0.0 1.6257416007870777 0.0 1.0 11
0.0 0.24051981242003392 0.0 1.0 12
-0.7439230655039406 1.0 0.0 1.0 13
0.0 1.7419019471296702 0.0 1.0 14
1.0 1.7473962426282612 1.0 1.0 15
1.0 0.25109023134230485 1.0 1.0 16
1.7428591997434677 1.0 1.0 1.0 17
0.0 1.876692565121604 0.0 1.0 18
*** t = 9
0.0 1.0031071812230543 0.0 1.0 0
0.0 0.8467020773972287 0.0 1.0 1
0.0 1.1015423904481292 0.0 1.0 2
1.0 1.1113807987710707 1.0 1.0 3
-0.24787495696075187 1.0 0.0 1.0 4
0.0 1.2374356642814495 0.0 1.0 5
1.0 0.7564001309627945 1.0 1.0 6
1.2852808424754594 1.0 1.0 1.0 7
0.0 0.6260433481854932 0.0 1.0 8
0.0 1.3580188015939192 0.0 1.0 9
1.0 1.3846990898093996 1.0 1.0 10
0.0 1.500988801049437 0.0 1.0 11
0.0 0.36077971863005087 0.0 1.0 12
-0.6158845982559109 1.0 0.0 1.0 13
0.0 1.6128529206945053 0.0 1.0 14
1.0 1.6210943639423918 1.0 1.0 15
1.0 0.37663534701345724 1.0 1.0 16
1.6142887996152016 1.0 1.0 1.0 17
0.0 1.753385130243208 0.0 1.0 18
0.0 0.1243556269280685 0.0 1.0 19
0.0 1.8680031010042355 0.0 1.0 20
1.0 1.8745613568921033 1.0 1.0 21
*** t = 10
0.0 1.0 1.0 1.0 0
0.0 0.9676595170254042 0.0 1.0 1
0.0 1.0 1.0 1.0 2
1.0 1.0 0.0 1.0 3
-0.12252078312087716 1.0 0.0 1.0 4
0.0 1.1103416083283577 0.0 1.0 5
1.0 0.8824668194565936 1.0 1.0 6
1.166160982888036 1.0 1.0 1.0 7
0.0 0.7512520178225919 0.0 1.0 8
0.0 1.229622561912703 0.0 1.0 9
1.0 1.2616389077712795 1.0 1.0 10
0.0 1.3762360013117962 0.0 1.0 11
0.0 0.48103962484006785 0.0 1.0 12
-0.4878461310078812 1.0 0.0 1.0 13
0.0 1.4838038942593403 0.0 1.0 14
1.0 1.4947924852565224 1.0 1.0 15
1.0 0.5021804626846097 1.0 1.0 16
1.4857183994869354 1.0 1.0 1.0 17
0.0 1.630077695364812 0.0 1.0 18
0.0 0.248711253856137 0.0 1.0 19
0.0 1.736006202008471 0.0 1.0 20
1.0 1.7491227137842067 1.0 1.0 21
-0.8763034599520448 1.0 0.0 1.0 22
0.0 1.8697947058699553 0.0 1.0 23
1.0 0.12079058431799755 1.0 1.0 24
1.8688698856818935 1.0 1.0 1.0 25
*** t = 11
0.12461160234711816 1.0 1.0 1.0 0
0.0 1.0 0.0 0.0 1
0.12835108707883872 1.0 1.0 1.0 2
0.8730543998244388 1.0 0.0 1.0 3
0.0 1.0 1.0 1.0 4
0.0 1.0 -1.0 1.0 5
1.0 1.0 1.0 2.0 6
1.0470411233006125 1.0 1.0 1.0 7
0.0 0.8764606874596905 0.0 1.0 8
0.0 1.1012263222314869 0.0 1.0 9
1.0 1.1385787257331594 1.0 1.0 10
0.0 1.2514832015741555 0.0 1.0 11
0.0 0.6012995310500848 0.0 1.0 12
-0.3598076637598515 1.0 0.0 1.0 13
0.0 1.3547548678241754 0.0 1.0 14
1.0 1.368490606570653 1.0 1.0 15
1.0 0.6277255783557621 1.0 1.0 16
1.3571479993586693 1.0 1.0 1.0 17
0.0 1.506770260486416 0.0 1.0 18
0.0 0.37306688078420547 0.0 1.0 19
0.0 1.6040093030127065 0.0 1.0 20
1.0 1.62368407067631 1.0 1.0 21
-0.7526069199040897 1.0 0.0 1.0 22
0.0 1.7395894117399107 0.0 1.0 23
1.0 0.2415811686359951 1.0 1.0 24
1.737739771363787 1.0 1.0 1.0 25
0.0 0.12552665132226534 0.0 1.0 26
0.0 1.8720069869591385 0.0 1.0 27
1.0 1.8758880146004162 1.0 1.0 28
*** t = 12
0.2492232046942363 1.0 1.0 1.0 0
0.0 0.8790425603718245 0.0 0.0 1
0.25670217415767743 1.0 1.0 1.0 2
0.7461087996488776 1.0 0.0 1.0 3
0.1253541738398747 1.0 1.0 1.0 4
-0.12709405595309167 1.0 -1.0 1.0 5
1.0 1.126066688493799 1.0 2.0 6
1.0 1.0 1.0 0.0 7
0.0 1.0 -1.0 1.0 8
0.0 1.0 0.0 2.0 9
1.0 1.0155185436950394 1.0 1.0 10
0.0 1.1267304018365147 0.0 1.0 11
0.0 0.7215594372601017 0.0 1.0 12
-0.23176919651182185 1.0 0.0 1.0 13
0.0 1.2257058413890105 0.0 1.0 14
1.0 1.2421887278847836 1.0 1.0 15
1.0 0.7532706940269146 1.0 1.0 16
1.228577599230403 1.0 1.0 1.0 17
0.0 1.38346282560802 0.0 1.0 18
0.0 0.497422507712274 0.0 1.0 19
0.0 1.472012404016942 0.0 1.0 20
1.0 1.4982454275684134 1.0 1.0 21
-0.6289103798561345 1.0 0.0 1.0 22
0.0 1.609384117609866 0.0 1.0 23
1.0 0.36237175295399265 1.0 1.0 24
1.6066096570456805 1.0 1.0 1.0 25
0.0 0.2510533026445307 0.0 1.0 26
0.0 1.744013973918277 0.0 1.0 27
1.0 1.7517760292008324 1.0 1.0 28
0.0 1.8747563200011954 0.0 1.0 29
*** t = 13
0.37383480704135447 1.0 1.0 1.0 0
0.0 0.758085120743649 0.0 0.0 1
0.3850532612365162 1.0 1.0 1.0 2
0.6191631994733163 1.0 0.0 1.0 3
0.2507083476797494 1.0 1.0 1.0 4
-0.25418811190618334 1.0 -1.0 1.0 5
1.0 1.2521333769875982 1.0 2.0 6
1.0 0.8808801404125766 1.0 0.0 7
-0.12520866963709865 1.0 -1.0 1.0 8
0.0 1.1283962396812162 0.0 2.0 9
1.0 1.0 0.0 1.0 10
0.0 1.001977602098874 0.0 1.0 11
0.0 0.8418193434701187 0.0 1.0 12
-0.10373072926379218 1.0 0.0 1.0 13
0.0 1.0966568149538456 0.0 1.0 14
1.0 1.1158868491989142 1.0 1.0 15
1.0 0.878815809698067 1.0 1.0 16
1.100007199102137 1.0 1.0 1.0 17
0.0 1.260155390729624 0.0 1.0 18
0.0 0.6217781346403425 0.0 1.0 19
0.0 1.3400155050211775 0.0 1.0 20
1.0 1.3728067844605167 1.0 1.0 21
-0.5052138398081794 1.0 0.0 1.0 22
0.0 1.4791788234798213 0.0 1.0 23
1.0 0.4831623372719902 1.0 1.0 24
1.475479542727574 1.0 1.0 1.0 25
0.0 0.376579953966796 0.0 1.0 26
0.0 1.6160209608774154 0.0 1.0 27
1.0 1.6276640438012486 1.0 1.0 28
0.0 1.7495126400023908 0.0 1.0 29
0.0 0.1258931428581837 0.0 1.0 30
-0.8704995597345522 1.0 0.0 1.0 31
0.0 1.8766950381467546 0.0 1.0 32
1.0 1.8752766281759803 1.0 1.0 33
1.0 0.1276568916179393 1.0 1.0 34
1.8784964819842889 1.0 1.0 1.0 35
*** t = 14
0.4984464093884726 1.0 1.0 1.0 0
0.0 0.6371276811154735 0.0 0.0 1
0.5134043483153549 1.0 1.0 1.0 2
0.4922175992977551 1.0 0.0 1.0 3
0.37606252151962416 1.0 1.0 1.0 4
-0.38128216785927505 1.0 -1.0 1.0 5
1.0 1.3782000654813973 1.0 2.0 6
1.0 0.7617602808251531 1.0 0.0 7
-0.2504173392741973 1.0 -1.0 1.0 8
0.0 1.2567924793624323 0.0 2.0 9
0.8769398179618799 1.0 0.0 1.0 10
0.0 1.0 -1.0 1.0 11
0.0 0.9620792496801356 0.0 1.0 12
0.0 1.0 1.0 1.0 13
0.0 1.0 1.0 1.0 14
1.0 1.0 0.0 1.0 15
1.0 1.0 1.0 2.0 16
1.0 1.0 0.0 1.0 17
0.0 1.1368479558512279 0.0 1.0 18
0.0 0.7461337615684109 0.0 1.0 19
0.0 1.208018606025413 0.0 1.0 20
1.0 1.24736814135262 1.0 1.0 21
-0.3815172997602242 1.0 0.0 1.0 22
0.0 1.3489735293497767 0.0 1.0 23
1.0 0.6039529215899877 1.0 1.0 24
1.3443494284094675 1.0 1.0 1.0 25
0.0 0.5021066052890614 0.0 1.0 26
0.0 1.488027947836554 0.0 1.0 27
1.0 1.5035520584016648 1.0 1.0 28
0.0 1.6242689600035862 0.0 1.0 29
0.0 0.2517862857163674 0.0 1.0 30
-0.7409991194691044 1.0 0.0 1.0 31
0.0 1.7533900762935093 0.0 1.0 32
1.0 1.7505532563519606 1.0 1.0 33
1.0 0.2553137832358786 1.0 1.0 34
1.7569929639685777 1.0 1.0 1.0 35
0.0 1.8722517964608207 0.0 1.0 36
*** t = 15
0.6230580117355908 1.0 1.0 1.0 0
0.0 0.516170241487298 0.0 0.0 1
0.6417554353941936 1.0 1.0 1.0 2
0.3652719991221939 1.0 0.0 1.0 3
0.5014166953594988 1.0 1.0 1.0 4
-0.5083762238123667 1.0 -1.0 1.0 5
1.0 1.5042667539751964 1.0 2.0 6
1.0 0.6426404212377297 1.0 0.0 7
-0.37562600891129594 1.0 -1.0 1.0 8
0.0 1.3851887190436485 0.0 2.0 9
0.7538796359237598 1.0 0.0 1.0 10
-0.12475279973764078 1.0 -1.0 1.0 11
0.0 1.0 0.0 0.0 12
0.12803846724802967 1.0 1.0 1.0 13
0.12904902643516486 1.0 1.0 1.0 14
0.8736981213141306 1.0 0.0 1.0 15
1.0 1.1255451156711525 1.0 2.0 16
0.8714295998717339 1.0 0.0 1.0 17
0.0 1.0135405209728319 0.0 1.0 18
0.0 0.8704893884964794 0.0 1.0 19
0.0 1.0760217070296485 0.0 1.0 20
1.0 1.1219294982447234 1.0 1.0 21
-0.25782075971226903 1.0 0.0 1.0 22
0.0 1.218768235219732 0.0 1.0 23
1.0 0.7247435059079852 1.0 1.0 24
1.213219314091361 1.0 1.0 1.0 25
0.0 0.6276332566113267 0.0 1.0 26
0.0 1.3600349347956924 0.0 1.0 27
1.0 1.379440073002081 1.0 1.0 28
0.0 1.4990252800047816 0.0 1.0 29
0.0 0.3776794285745511 0.0 1.0 30
-0.6114986792036565 1.0 0.0 1.0 31
0.0 1.630085114440264 0.0 1.0 32
1.0 1.6258298845279409 1.0 1.0 33
1.0 0.3829706748538179 1.0 1.0 34
1.6354894459528666 1.0 1.0 1.0 35
0.0 1.7445035929216415 0.0 1.0 36
0.0 0.12084319248734551 0.0 1.0 37
0.0 1.8757750201979764 0.0 1.0 38
1.0 1.875656668192048 1.0 1.0 39
*** t = 16
0.747669614082709 1.0 1.0 1.0 0
0.0 0.39521280185912244 0.0 0.0 1
0.7701065224730322 1.0 1.0 1.0 2
0.23832639894663263 1.0 0.0 1.0 3
0.6267708691993735 1.0 1.0 1.0 4
-0.6354702797654583 1.0 -1.0 1.0 5
1.0 1.6303334424689955 1.0 2.0 6
1.0 0.5235205616503062 1.0 0.0 7
-0.5008346785483946 1.0 -1.0 1.0 8
0.0 1.5135849587248646 0.0 2.0 9
0.6308194538856398 1.0 0.0 1.0 10
-0.24950559947528156 1.0 -1.0 1.0 11
0.0 0.8797400937899831 0.0 0.0 12
0.25607693449605934 1.0 1.0 1.0 13
0.2580980528703297 1.0 1.0 1.0 14
0.7473962426282612 1.0 0.0 1.0 15
1.0 1.251090231342305 1.0 2.0 16
0.7428591997434677 1.0 0.0 1.0 17
0.0 1.0 1.0 1.0 18
0.0 0.9948450154245478 0.0 1.0 19
0.0 1.0 0.0 2.0 20
1.0 1.0 0.0 1.0 21
-0.13412421966431387 1.0 0.0 1.0 22
0.0 1.0885629410896873 0.0 1.0 23
1.0 0.8455340902259827 1.0 1.0 24
1.0820891997732545 1.0 1.0 1.0 25
0.0 0.7531599079335921 0.0 1.0 26
0.0 1.2320419217548308 0.0 1.0 27
1.0 1.2553280876024973 1.0 1.0 28
0.0 1.373781600005977 0.0 1.0 29
0.0 0.5035725714327348 0.0 1.0 30
-0.4819982389382087 1.0 0.0 1.0 31
0.0 1.5067801525870186 0.0 1.0 32
1.0 1.5011065127039211 1.0 1.0 33
1.0 0.5106275664717572 1.0 1.0 34
1.5139859279371555 1.0 1.0 1.0 35
0.0 1.6167553893824622 0.0 1.0 36
0.0 0.24168638497469103 0.0 1.0 37
0.0 1.7515500403959527 0.0 1.0 38
1.0 1.7513133363840958 1.0 1.0 39
-0.8743215207304279 1.0 0.0 1.0 40
0.0 1.8749555059951355 0.0 1.0 41
1.0 0.12660078581418832 1.0 1.0 42
1.8784597338594264 1.0 1.0 1.0 43
*** t = 17
0.8722812164298273 1.0 1.0 1.0 0
0.0 0.27425536223094693 0.0 0.0 1
0.8984576095518709 1.0 1.0 1.0 2
0.11138079877107138 1.0 0.0 1.0 3
0.7521250430392482 1.0 1.0 1.0 4
-0.76256433571855 1.0 -1.0 1.0 5
1.0 1.7564001309627946 1.0 2.0 6
1.0 0.4044007020628828 1.0 0.0 7
-0.6260433481854932 1.0 -1.0 1.0 8
0.0 1.6419811984060808 0.0 2.0 9
0.5077592718475197 1.0 0.0 1.0 10
-0.37425839921292237 1.0 -1.0 1.0 11
0.0 0.7594801875799662 0.0 0.0 12
0.384115401744089 1.0 1.0 1.0 13
0.3871470793054946 1.0 1.0 1.0 14
0.6210943639423918 1.0 0.0 1.0 15
1.0 1.3766353470134574 1.0 2.0 16
0.6142887996152016 1.0 0.0 1.0 17
0.12330743487839613 1.0 1.0 1.0 18
0.0 1.0 1.0 1.0 19
0.0 1.1319968989957645 0.0 2.0 20
0.8745613568921035 1.0 0.0 1.0 21
-0.010427679616358695 1.0 0.0 1.0 22
0.0 1.0 1.0 1.0 23
1.0 0.9663246745439802 1.0 1.0 24
1.0 1.0 1.0 2.0 25
0.0 0.8786865592558575 0.0 1.0 26
0.0 1.1040489087139693 0.0 1.0 27
1.0 1.1312161022029135 1.0 1.0 28
0.0 1.2485379200071725 0.0 1.0 29
0.0 0.6294657142909186 0.0 1.0 30
-0.3524977986727609 1.0 0.0 1.0 31
0.0 1.3834751907337732 0.0 1.0 32
1.0 1.3763831408799014 1.0 1.0 33
1.0 0.6382844580896965 1.0 1.0 34
1.3924824099214443 1.0 1.0 1.0 35
0.0 1.489007185843283 0.0 1.0 36
0.0 0.3625295774620365 0.0 1.0 37
0.0 1.6273250605939291 0.0 1.0 38
1.0 1.6269700045761437 1.0 1.0 39
-0.7486430414608558 1.0 0.0 1.0 40
0.0 1.749911011990271 0.0 1.0 41
1.0 0.25320157162837664 1.0 1.0 42
1.7569194677188529 1.0 1.0 1.0 43
0.0 0.12654284503842594 0.0 1.0 44
0.0 1.8774541483501388 0.0 1.0 45
1.0 1.8711281746083 1.0 1.0 46
*** t = 18
0.9968928187769455 1.0 1.0 1.0 0
0.0 0.1532979226027714 0.0 0.0 1
1.0 1.0 1.0 0.0 2
0.0 1.0 0.0 2.0 3
0.8774792168791229 1.0 1.0 1.0 4
-0.8896583916716416 1.0 -1.0 1.0 5
1.0 1.8824668194565937 1.0 2.0 6
1.0 0.2852808424754594 1.0 0.0 7
-0.7512520178225919 1.0 -1.0 1.0 8
0.0 1.770377438087297 0.0 2.0 9
0.3846990898093996 1.0 0.0 1.0 10
-0.4990111989505631 1.0 -1.0 1.0 11
0.0 0.6392202813699492 0.0 0.0 12
0.5121538689921187 1.0 1.0 1.0 13
0.5161961057406594 1.0 1.0 1.0 14
0.4947924852565224 1.0 0.0 1.0 15
1.0 1.5021804626846098 1.0 2.0 16
0.4857183994869354 1.0 0.0 1.0 17
0.24661486975679225 1.0 1.0 1.0 18
0.1243556269280685 1.0 1.0 1.0 19
0.0 1.263993797991529 0.0 2.0 20
0.7491227137842069 1.0 0.0 1.0 21
0.0 1.0 -1.0 1.0 22
0.1302052941300446 1.0 1.0 1.0 23
1.0 1.0 2.0 1.0 24
1.0 1.1311301143181065 1.0 2.0 25
0.0 1.0 0.0 0.0 26
0.0 1.0 1.0 1.0 27
1.0 1.0071041168033297 1.0 1.0 28
0.0 1.1232942400083679 0.0 1.0 29
0.0 0.7553588571491023 0.0 1.0 30
-0.22299735840731308 1.0 0.0 1.0 31
0.0 1.2601702288805279 0.0 1.0 32
1.0 1.2516597690558817 1.0 1.0 33
1.0 0.7659413497076357 1.0 1.0 34
1.2709788919057332 1.0 1.0 1.0 35
0.0 1.3612589823041037 0.0 1.0 36
0.0 0.48337276994938205 0.0 1.0 37
0.0 1.5031000807919055 0.0 1.0 38
1.0 1.5026266727681916 1.0 1.0 39
-0.6229645621912837 1.0 0.0 1.0 40
0.0 1.6248665179854065 0.0 1.0 41
1.0 0.37980235744256496 1.0 1.0 42
1.6353792015782793 1.0 1.0 1.0 43
0.0 0.2530856900768519 0.0 1.0 44
0.0 1.7549082967002776 0.0 1.0 45
1.0 1.7422563492165999 1.0 1.0 46
0.0 1.8752605059213645 0.0 1.0 47
*** t = 19
1.0 1.0 2.0 1.0 0
0.0 0.03234048297459585 0.0 0.0 1
1.0 0.8716489129211613 1.0 0.0 2
0.0 1.1269456001755613 0.0 2.0 3
1.0 1.0 0.0 1.0 4
1.0 0.16616098288803594 1.0 0.0 7
-0.8764606874596905 1.0 -1.0 1.0 8
0.0 1.8987736777685131 0.0 2.0 9
0.2616389077712795 1.0 0.0 1.0 10
-0.6237639986882039 1.0 -1.0 1.0 11
0.0 0.5189603751599323 0.0 0.0 12
0.6401923362401484 1.0 1.0 1.0 13
0.6452451321758244 1.0 1.0 1.0 14
0.368490606570653 1.0 0.0 1.0 15
1.0 1.6277255783557623 1.0 2.0 16
0.35714799935866925 1.0 0.0 1.0 17
0.3699223046351884 1.0 1.0 1.0 18
0.248711253856137 1.0 1.0 1.0 19
0.0 1.3959906969872935 0.0 2.0 20
0.6236840706763104 1.0 0.0 1.0 21
-0.12369654004795518 1.0 -1.0 1.0 22
0.2604105882600892 1.0 1.0 1.0 23
1.1207905843179975 1.0 2.0 1.0 24
1.0 1.262260228636213 1.0 2.0 25
0.0 0.8744733486777346 0.0 0.0 26
0.12799301304086158 1.0 1.0 1.0 27
1.0 1.0 2.0 1.0 28
0.0 1.0 1.0 1.0 29
0.0 0.8812520000072861 0.0 1.0 30
-0.09349691814186528 1.0 0.0 1.0 31
0.0 1.1368652670272825 0.0 1.0 32
1.0 1.126936397231862 1.0 1.0 33
1.0 0.893598241325575 1.0 1.0 34
1.149475373890022 1.0 1.0 1.0 35
0.0 1.2335107787649244 0.0 1.0 36
0.0 0.6042159624367276 0.0 1.0 37
0.0 1.3788751009898819 0.0 1.0 38
1.0 1.3782833409602395 1.0 1.0 39
-0.4972860829217116 1.0 0.0 1.0 40
0.0 1.499822023980542 0.0 1.0 41
1.0 0.5064031432567533 1.0 1.0 42
1.5138389354377058 1.0 1.0 1.0 43
0.0 0.37962853511527783 0.0 1.0 44
0.0 1.6323624450504164 0.0 1.0 45
1.0 1.6133845238248998 1.0 1.0 46
0.0 1.750521011842729 0.0 1.0 47
0.0 0.12651210906026783 0.0 1.0 48
-0.8778932640269771 1.0 0.0 1.0 49
0.0 1.8749824057216447 0.0 1.0 50
1.0 1.8757395496370026 1.0 1.0 51
1.0 0.12795534298588046 1.0 1.0 52
1.8742053078037677 1.0 1.0 1.0 53
*** t = 20
1.1246116023471182 1.0 2.0 1.0 0
1.0 0.7432978258423226 1.0 0.0 2
0.0 1.2538912003511227 0.0 2.0 3
0.8746458261601253 1.0 0.0 1.0 4
1.0 0.04704112330061251 1.0 0.0 7
0.13857872573315944 1.0 0.0 1.0 10
-0.7485167984258446 1.0 -1.0 1.0 11
0.0 0.39870046894991534 0.0 0.0 12
0.7682308034881781 1.0 1.0 1.0 13
0.7742941586109893 1.0 1.0 1.0 14
0.24218872788478363 1.0 0.0 1.0 15
1.0 1.7532706940269147 1.0 2.0 16
0.22857759923040308 1.0 0.0 1.0 17
0.4932297395135845 1.0 1.0 1.0 18
0.37306688078420547 1.0 1.0 1.0 19
0.0 1.527987595983058 0.0 2.0 20
0.49824542756841383 1.0 0.0 1.0 21
-0.24739308009591035 1.0 -1.0 1.0 22
0.39061588239013384 1.0 1.0 1.0 23
1.241581168635995 1.0 2.0 1.0 24
1.0 1.3933903429543195 1.0 2.0 25
0.0 0.7489466973554693 0.0 0.0 26
0.25598602608172316 1.0 1.0 1.0 27
1.1241119853995838 1.0 2.0 1.0 28
0.1252436799988047 1.0 1.0 1.0 29
0.0 1.0 1.0 1.0 30
0.0 1.0 1.0 1.0 31
0.0 1.0135603051740372 0.0 1.0 32
1.0 1.0022130254078423 1.0 1.0 33
1.0 1.0 1.0 2.0 34
1.027971855874311 1.0 1.0 1.0 35
0.0 1.1057625752257452 0.0 1.0 36
0.0 0.7250591549240731 0.0 1.0 37
0.0 1.2546501211878582 0.0 1.0 38
1.0 1.2539400091522874 1.0 1.0 39
-0.3716076036521395 1.0 0.0 1.0 40
0.0 1.3747775299756775 0.0 1.0 41
1.0 0.6330039290709416 1.0 1.0 42
1.3922986692971322 1.0 1.0 1.0 43
0.0 0.5061713801537038 0.0 1.0 44
0.0 1.5098165934005552 0.0 1.0 45
1.0 1.4845126984331998 1.0 1.0 46
0.0 1.6257815177640935 0.0 1.0 47
0.0 0.25302421812053566 0.0 1.0 48
-0.7557865280539542 1.0 0.0 1.0 49
0.0 1.7499648114432893 0.0 1.0 50
1.0 1.7514790992740052 1.0 1.0 51
1.0 0.2559106859717609 1.0 1.0 52
1.7484106156075354 1.0 1.0 1.0 53
0.0 1.8792010417681335 0.0 1.0 54
*** t = 21
1.2492232046942364 1.0 2.0 1.0 0
1.0 0.6149467387634839 1.0 0.0 2
0.0 1.380836800526684 0.0 2.0 3
0.7492916523202506 1.0 0.0 1.0 4
0.015518543695039341 1.0 0.0 1.0 10
-0.8732695981634854 1.0 -1.0 1.0 11
0.0 0.27844056273989837 0.0 0.0 12
0.8962692707362078 1.0 1.0 1.0 13
0.9033431850461542 1.0 1.0 1.0 14
0.11588684919891423 1.0 0.0 1.0 15
1.0 1.8788158096980672 1.0 2.0 16
0.1000071991021369 1.0 0.0 1.0 17
0.6165371743919806 1.0 1.0 1.0 18
0.497422507712274 1.0 1.0 1.0 19
0.0 1.6599844949788225 0.0 2.0 20
0.3728067844605173 1.0 0.0 1.0 21
-0.37108962014386554 1.0 -1.0 1.0 22
0.5208211765201785 1.0 1.0 1.0 23
1.3623717529539925 1.0 2.0 1.0 24
1.0 1.524520457272426 1.0 2.0 25
0.0 0.6234200460332039 0.0 0.0 26
0.38397903912258474 1.0 1.0 1.0 27
1.2482239707991676 1.0 2.0 1.0 28
0.2504873599976094 1.0 1.0 1.0 29
0.1258931428581837 1.0 1.0 1.0 30
0.1295004402654478 1.0 1.0 1.0 31
0.0 1.0 0.0 0.0 32
1.0 1.0 0.0 1.0 33
1.0 1.1276568916179392 1.0 2.0 34
1.0 1.0 0.0 1.0 35
0.0 1.0 -1.0 1.0 36
0.0 0.8459023474114187 0.0 1.0 37
0.0 1.1304251413858346 0.0 1.0 38
1.0 1.1295966773443353 1.0 1.0 39
-0.24592912438256745 1.0 0.0 1.0 40
0.0 1.249733035970813 0.0 1.0 41
1.0 0.7596047148851299 1.0 1.0 42
1.2707584031565586 1.0 1.0 1.0 43
0.0 0.6327142251921297 0.0 1.0 44
0.0 1.387270741750694 0.0 1.0 45
1.0 1.3556408730414997 1.0 1.0 46
0.0 1.501042023685458 0.0 1.0 47
0.0 0.3795363271808035 0.0 1.0 48
-0.6336797920809313 1.0 0.0 1.0 49
0.0 1.624947217164934 0.0 1.0 50
1.0 1.6272186489110079 1.0 1.0 51
1.0 0.3838660289576414 1.0 1.0 52
1.6226159234113031 1.0 1.0 1.0 53
0.0 1.758402083536267 0.0 1.0 54
0.0 0.12174912278225587 0.0 1.0 55
0.0 1.8705953836114806 0.0 1.0 56
1.0 1.8739825304966087 1.0 1.0 57
*** t = 22
1.3738348070413546 1.0 2.0 1.0 0
1.0 0.48659565168464525 1.0 0.0 2
0.0 1.5077824007022453 0.0 2.0 3
0.623937478480376 1.0 0.0 1.0 4
0.0 1.0 1.0 1.0 10
-0.9980223979011261 1.0 -1.0 1.0 11
0.0 0.1581806565298814 0.0 0.0 12
1.0 1.0 1.0 0.0 13
1.0 1.0 0.0 1.0 14
0.0 1.0 -1.0 1.0 15
0.0 1.0 -1.0 1.0 17
0.7398446092703768 1.0 1.0 1.0 18
0.6217781346403425 1.0 1.0 1.0 19
0.0 1.791981393974587 0.0 2.0 20
0.24736814135262075 1.0 0.0 1.0 21
-0.4947861601918207 1.0 -1.0 1.0 22
0.6510264706502231 1.0 1.0 1.0 23
1.48316233727199 1.0 2.0 1.0 24
1.0 1.6556505715905325 1.0 2.0 25
0.0 0.4978933947109385 0.0 0.0 26
0.5119720521634463 1.0 1.0 1.0 27
1.3723359561987514 1.0 2.0 1.0 28
0.3757310399964141 1.0 1.0 1.0 29
0.2517862857163674 1.0 1.0 1.0 30
0.2590008805308956 1.0 1.0 1.0 31
0.0 0.8766950381467548 0.0 0.0 32
0.8752766281759803 1.0 0.0 1.0 33
1.0 1.2553137832358785 1.0 2.0 34
0.8784964819842889 1.0 0.0 1.0 35
-0.12774820353917932 1.0 -1.0 1.0 36
0.0 0.9667455398987642 0.0 1.0 37
0.0 1.006200161583811 0.0 1.0 38
1.0 1.0052533455363832 1.0 1.0 39
-0.12025064511299538 1.0 0.0 1.0 40
0.0 1.1246885419659485 0.0 1.0 41
1.0 0.8862055006993182 1.0 1.0 42
1.149218137015985 1.0 1.0 1.0 43
0.0 0.7592570702305557 0.0 1.0 44
0.0 1.2647248901008328 0.0 1.0 45
1.0 1.2267690476497997 1.0 1.0 46
0.0 1.3763025296068225 0.0 1.0 47
0.0 0.5060484362410713 0.0 1.0 48
-0.5115730561079084 1.0 0.0 1.0 49
0.0 1.4999296228865786 0.0 1.0 50
1.0 1.5029581985480105 1.0 1.0 51
1.0 0.5118213719435218 1.0 1.0 52
1.4968212312150708 1.0 1.0 1.0 53
0.0 1.6376031253044006 0.0 1.0 54
0.0 0.24349824556451174 0.0 1.0 55
0.0 1.7411907672229612 0.0 1.0 56
1.0 1.7479650609932174 1.0 1.0 57
-0.8764758150022808 1.0 0.0 1.0 58
0.0 1.8794985103374902 0.0 1.0 59
1.0 0.12220103753454749 1.0 1.0 60
1.8790718378992657 1.0 1.0 1.0 61
*** t = 23
1.4984464093884728 1.0 2.0 1.0 0
1.0 0.35824456460580656 1.0 0.0 2
0.0 1.6347280008778067 0.0 2.0 3
0.49858330464050127 1.0 0.0 1.0 4
0.1230601820381201 1.0 1.0 1.0 10
0.0 0.03792075031986443 0.0 0.0 12
1.0 0.8719615327519703 1.0 0.0 13
0.8709509735648351 1.0 0.0 1.0 14
-0.1263018786858694 1.0 -1.0 1.0 15
-0.12857040012826618 1.0 -1.0 1.0 17
0.8631520441487729 1.0 1.0 1.0 18
0.7461337615684109 1.0 1.0 1.0 19
0.0 1.9239782929703515 0.0 2.0 20
0.12192949824472421 1.0 0.0 1.0 21
-0.6184827002397759 1.0 -1.0 1.0 22
0.7812317647802678 1.0 1.0 1.0 23
1.6039529215899875 1.0 2.0 1.0 24
1.0 1.786780685908639 1.0 2.0 25
0.0 0.37236674338867315 0.0 0.0 26
0.6399650652043078 1.0 1.0 1.0 27
1.4964479415983352 1.0 2.0 1.0 28
0.5009747199952188 1.0 1.0 1.0 29
0.3776794285745511 1.0 1.0 1.0 30
0.38850132079634336 1.0 1.0 1.0 31
0.0 0.7533900762935095 0.0 0.0 32
0.7505532563519606 1.0 0.0 1.0 33
1.0 1.3829706748538177 1.0 2.0 34
0.7569929639685777 1.0 0.0 1.0 35
-0.25549640707835863 1.0 -1.0 1.0 36
0.0 1.0 1.0 1.0 37
0.0 1.0 1.0 1.0 38
1.0 1.0 1.0 0.0 39
0.0 1.0 1.0 1.0 40
0.0 1.0 0.0 0.0 41
1.0 1.0 1.0 2.0 42
1.0276778708754115 1.0 1.0 1.0 43
0.0 0.8857999152689816 0.0 1.0 44
0.0 1.1421790384509716 0.0 1.0 45
1.0 1.0978972222580996 1.0 1.0 46
0.0 1.251563035528187 0.0 1.0 47
0.0 0.6325605453013392 0.0 1.0 48
-0.38946632013488547 1.0 0.0 1.0 49
0.0 1.3749120286082233 0.0 1.0 50
1.0 1.3786977481850131 1.0 1.0 51
1.0 0.6397767149294022 1.0 1.0 52
1.3710265390188385 1.0 1.0 1.0 53
0.0 1.516804167072534 0.0 1.0 54
0.0 0.36524736834676763 0.0 1.0 55
0.0 1.6117861508344418 0.0 1.0 56
1.0 1.621947591489826 1.0 1.0 57
-0.7529516300045616 1.0 0.0 1.0 58
0.0 1.7589970206749803 0.0 1.0 59
1.0 0.24440207506909498 1.0 1.0 60
1.7581436757985314 1.0 1.0 1.0 61
0.0 0.12421511548669828 0.0 1.0 62
0.0 1.8748715875642783 0.0 1.0 63
1.0 1.8767655584797482 1.0 1.0 64
*** t = 24
1.623058011735591 1.0 2.0 1.0 0
1.0 0.22989347752696784 1.0 0.0 2
0.0 1.761673601053368 0.0 2.0 3
0.3732291308006266 1.0 0.0 1.0 4
0.2461203640762402 1.0 1.0 1.0 10
1.0 0.7439230655039406 1.0 0.0 13
0.7419019471296702 1.0 0.0 1.0 14
-0.2526037573717388 1.0 -1.0 1.0 15
-0.25714080025653235 1.0 -1.0 1.0 17
0.986459479027169 1.0 1.0 1.0 18
0.8704893884964794 1.0 1.0 1.0 19
0.0 1.0 1.0 1.0 21
-0.7421792402877311 1.0 -1.0 1.0 22
0.9114370589103125 1.0 1.0 1.0 23
1.724743505907985 1.0 2.0 1.0 24
1.0 1.9179108002267455 1.0 2.0 25
0.0 0.2468400920664078 0.0 0.0 26
0.7679580782451694 1.0 1.0 1.0 27
1.620559926997919 1.0 2.0 1.0 28
0.6262183999940235 1.0 1.0 1.0 29
0.5035725714327348 1.0 1.0 1.0 30
0.5180017610617912 1.0 1.0 1.0 31
0.0 0.6300851144402643 0.0 0.0 32
0.6258298845279409 1.0 0.0 1.0 33
1.0 1.510627566471757 1.0 2.0 34
0.6354894459528666 1.0 0.0 1.0 35
-0.38324461061753795 1.0 -1.0 1.0 36
0.12084319248734551 1.0 1.0 1.0 37
0.12422497980202361 1.0 1.0 1.0 38
1.0 0.8756566681920478 1.0 0.0 39
0.12567847926957207 1.0 1.0 1.0 40
0.0 0.8749555059951355 0.0 0.0 41
1.0 1.1266007858141882 1.0 2.0 42
1.0 1.0 2.0 1.0 43
0.0 1.0 0.0 2.0 44
0.0 1.0196331868011104 0.0 1.0 45
1.0 1.0 0.0 1.0 46
0.0 1.1268235414495515 0.0 1.0 47
0.0 0.7590726543616071 0.0 1.0 48
-0.26735958416186256 1.0 0.0 1.0 49
0.0 1.249894434329868 0.0 1.0 50
1.0 1.2544372978220157 1.0 1.0 51
1.0 0.7677320579152827 1.0 1.0 52
1.2452318468226062 1.0 1.0 1.0 53
0.0 1.3960052088406676 0.0 1.0 54
0.0 0.4869964911290235 0.0 1.0 55
0.0 1.4823815344459224 0.0 1.0 56
1.0 1.4959301219864347 1.0 1.0 57
-0.6294274450068423 1.0 0.0 1.0 58
0.0 1.6384955310124705 0.0 1.0 59
1.0 0.3666031126036425 1.0 1.0 60
1.637215513697797 1.0 1.0 1.0 61
0.0 0.24843023097339656 0.0 1.0 62
0.0 1.7497431751285566 0.0 1.0 63
1.0 1.7535311169594965 1.0 1.0 64
0.0 1.8763334322023226 0.0 1.0 65
*** t = 25
1.7476696140827093 1.0 2.0 1.0 0
1.0 0.10154239044812913 1.0 0.0 2
0.0 1.8886192012289293 0.0 2.0 3
0.24787495696075187 1.0 0.0 1.0 4
0.3691805461143603 1.0 1.0 1.0 10
1.0 0.6158845982559109 1.0 0.0 13
0.6128529206945053 1.0 0.0 1.0 14
-0.3789056360576082 1.0 -1.0 1.0 15
-0.38571120038479856 1.0 -1.0 1.0 17
1.0 1.0 0.0 1.0 18
0.9948450154245478 1.0 1.0 1.0 19
0.12543864310789654 1.0 1.0 1.0 21
-0.8658757803356862 1.0 -1.0 1.0 22
1.0 1.0 0.0 1.0 23
1.8455340902259825 1.0 2.0 1.0 24
0.0 0.12131344074414246 0.0 0.0 26
0.8959510912860309 1.0 1.0 1.0 27
1.7446719123975027 1.0 2.0 1.0 28
0.7514620799928282 1.0 1.0 1.0 29
0.6294657142909186 1.0 1.0 1.0 30
0.647502201327239 1.0 1.0 1.0 31
0.0 0.506780152587019 0.0 0.0 32
0.5011065127039211 1.0 0.0 1.0 33
1.0 1.6382844580896962 1.0 2.0 34
0.5139859279371555 1.0 0.0 1.0 35
-0.5109928141567173 1.0 -1.0 1.0 36
0.24168638497469103 1.0 1.0 1.0 37
0.24844995960404723 1.0 1.0 1.0 38
1.0 0.7513133363840956 1.0 0.0 39
0.25135695853914414 1.0 1.0 1.0 40
0.0 0.749911011990271 0.0 0.0 41
1.0 1.2532015716283764 1.0 2.0 42
1.1215402661405736 1.0 2.0 1.0 43
0.0 1.126542845038426 0.0 2.0 44
0.0 1.0 1.0 1.0 45
0.8711281746082999 1.0 0.0 1.0 46
0.0 1.002084047370916 0.0 1.0 47
0.0 0.885584763421875 0.0 1.0 48
-0.14525284818883966 1.0 0.0 1.0 49
0.0 1.1248768400515126 0.0 1.0 50
1.0 1.1301768474590184 1.0 1.0 51
1.0 0.8956874009011631 1.0 1.0 52
1.119437154626374 1.0 1.0 1.0 53
0.0 1.275206250608801 0.0 1.0 54
0.0 0.6087456139112793 0.0 1.0 55
0.0 1.352976918057403 0.0 1.0 56
1.0 1.3699126524830434 1.0 1.0 57
-0.5059032600091231 1.0 0.0 1.0 58
0.0 1.5179940413499606 0.0 1.0 59
1.0 0.48880415013818995 1.0 1.0 60
1.5162873515970627 1.0 1.0 1.0 61
0.0 0.37264534646009484 0.0 1.0 62
0.0 1.624614762692835 0.0 1.0 63
1.0 1.6302966754392447 1.0 1.0 64
0.0 1.7526668644046453 0.0 1.0 65
0.0 0.12614643894420133 0.0 1.0 66
-0.8695397689771689 1.0 0.0 1.0 67
0.0 1.8780231301191557 0.0 1.0 68
1.0 1.874535270917605 1.0 1.0 69
1.0 0.12161795523372745 1.0 1.0 70
1.8750321079532946 1.0 1.0 1.0 71
*** t = 26
1.8722812164298275 1.0 2.0 1.0 0
0.12252078312087716 1.0 0.0 1.0 4
0.4922407281524804 1.0 1.0 1.0 10
1.0 0.4878461310078812 1.0 0.0 13
0.4838038942593404 1.0 0.0 1.0 14
-0.5052075147434776 1.0 -1.0 1.0 15
-0.5142816005130647 1.0 -1.0 1.0 17
0.8766925651216039 1.0 0.0 1.0 18
1.0 1.0 0.0 1.0 19
0.2508772862157931 1.0 1.0 1.0 21
-0.9895723203836414 1.0 -1.0 1.0 22
0.8697947058699553 1.0 0.0 1.0 23
1.96632467454398 1.0 2.0 1.0 24
1.0 1.0 2.0 1.0 27
1.8687838977970865 1.0 2.0 1.0 28
0.8767057599916329 1.0 1.0 1.0 29
0.7553588571491023 1.0 1.0 1.0 30
0.7770026415926868 1.0 1.0 1.0 31
0.0 0.3834751907337738 0.0 0.0 32
0.3763831408799014 1.0 0.0 1.0 33
1.0 1.7659413497076355 1.0 2.0 34
0.3924824099214444 1.0 0.0 1.0 35
-0.6387410176958965 1.0 -1.0 1.0 36
0.3625295774620365 1.0 1.0 1.0 37
0.3726749394060708 1.0 1.0 1.0 38
1.0 0.6269700045761434 1.0 0.0 39
0.3770354378087162 1.0 1.0 1.0 40
0.0 0.6248665179854065 0.0 0.0 41
1.0 1.3798023574425646 1.0 2.0 42
1.2430805322811471 1.0 2.0 1.0 43
0.0 1.253085690076852 0.0 2.0 44
0.12254585164986122 1.0 1.0 1.0 45
0.7422563492165999 1.0 0.0 1.0 46
0.0 1.0 -1.0 1.0 47
0.0 1.0 1.0 1.0 48
-0.023146112215816764 1.0 0.0 1.0 49
0.0 1.0 1.0 1.0 50
1.0 1.005916397096021 1.0 1.0 51
1.0 1.0 1.0 0.0 52
1.0 1.0 1.0 0.0 53
0.0 1.1544072923769346 0.0 1.0 54
0.0 0.7304947366935353 0.0 1.0 55
0.0 1.2235723016688835 0.0 1.0 56
1.0 1.243895182979652 1.0 1.0 57
-0.3823790750114039 1.0 0.0 1.0 58
0.0 1.3974925516874508 0.0 1.0 59
1.0 0.6110051876727375 1.0 1.0 60
1.3953591894963284 1.0 1.0 1.0 61
0.0 0.4968604619467931 0.0 1.0 62
0.0 1.4994863502571132 0.0 1.0 63
1.0 1.507062233918993 1.0 1.0 64
0.0 1.6290002966069679 0.0 1.0 65
0.0 0.25229287788840266 0.0 1.0 66
-0.7390795379543378 1.0 0.0 1.0 67
0.0 1.7560462602383113 0.0 1.0 68
1.0 1.7490705418352102 1.0 1.0 69
1.0 0.2432359104674549 1.0 1.0 70
1.7500642159065891 1.0 1.0 1.0 71
0.0 1.875746510806246 0.0 1.0 72
*** t = 27
1.9968928187769457 1.0 2.0 1.0 0
0.0 1.0 0.0 0.0 4
0.6153009101906005 1.0 1.0 1.0 10
1.0 0.3598076637598515 1.0 0.0 13
0.35475486782417553 1.0 0.0 1.0 14
-0.631509393429347 1.0 -1.0 1.0 15
-0.6428520006413309 1.0 -1.0 1.0 17
0.7533851302432077 1.0 0.0 1.0 18
0.8756443730719315 1.0 0.0 1.0 19
0.3763159293236896 1.0 1.0 1.0 21
0.7395894117399107 1.0 0.0 1.0 23
1.1279930130408615 1.0 2.0 1.0 27
1.9928958831966703 1.0 2.0 1.0 28
1.0 1.0 0.0 1.0 29
0.8812520000072861 1.0 1.0 1.0 30
0.9065030818581347 1.0 1.0 1.0 31
0.0 0.26017022888052854 0.0 0.0 32
0.2516597690558816 1.0 0.0 1.0 33
1.0 1.8935982413255747 1.0 2.0 34
0.2709788919057333 1.0 0.0 1.0 35
-0.7664892212350758 1.0 -1.0 1.0 36
0.48337276994938205 1.0 1.0 1.0 37
0.49689991920809445 1.0 1.0 1.0 38
1.0 0.5026266727681912 1.0 0.0 39
0.5027139170782883 1.0 1.0 1.0 40
0.0 0.499822023980542 0.0 0.0 41
1.0 1.5064031432567528 1.0 2.0 42
1.3646207984217207 1.0 2.0 1.0 43
0.0 1.3796285351152782 0.0 2.0 44
0.24509170329972244 1.0 1.0 1.0 45
0.6133845238248998 1.0 0.0 1.0 46
-0.12473949407863547 1.0 -1.0 1.0 47
0.12651210906026783 1.0 1.0 1.0 48
0.0 1.0 1.0 1.0 49
0.12501759427835535 1.0 1.0 1.0 50
1.0 1.0 0.0 1.0 51
1.0 0.8720446570141196 1.0 0.0 52
1.0 0.8742053078037678 1.0 0.0 53
0.0 1.0336083341450681 0.0 1.0 54
0.0 0.8522438594757912 0.0 1.0 55
0.0 1.0941676852803641 0.0 1.0 56
1.0 1.1178777134762607 1.0 1.0 57
-0.25885489001368467 1.0 0.0 1.0 58
0.0 1.276991062024941 0.0 1.0 59
1.0 0.733206225207285 1.0 1.0 60
1.274431027395594 1.0 1.0 1.0 61
0.0 0.6210755774334914 0.0 1.0 62
0.0 1.3743579378213915 0.0 1.0 63
1.0 1.3838277923987412 1.0 1.0 64
0.0 1.5053337288092905 0.0 1.0 65
0.0 0.378439316832604 0.0 1.0 66
-0.6086193069315067 1.0 0.0 1.0 67
0.0 1.634069390357467 0.0 1.0 68
1.0 1.6236058127528152 1.0 1.0 69
1.0 0.3648538657011824 1.0 1.0 70
1.6250963238598837 1.0 1.0 1.0 71
0.0 1.7514930216124922 0.0 1.0 72
0.0 0.12655842499657483 0.0 1.0 73
0.0 1.8749211890646285 0.0 1.0 74
1.0 1.8767078156246333 1.0 1.0 75
*** t = 28
0.0 0.8746458261601253 0.0 0.0 4
0.7383610922287206 1.0 1.0 1.0 10
1.0 0.23176919651182185 1.0 0.0 13
0.22570584138901068 1.0 0.0 1.0 14
-0.7578112721152164 1.0 -1.0 1.0 15
-0.771422400769597 1.0 -1.0 1.0 17
0.6300776953648116 1.0 0.0 1.0 18
0.7512887461438631 1.0 0.0 1.0 19
0.5017545724315862 1.0 1.0 1.0 21
0.609384117609866 1.0 0.0 1.0 23
1.255986026081723 1.0 2.0 1.0 27
0.8747563200011953 1.0 0.0 1.0 29
1.0 1.0 0.0 1.0 30
1.0 1.0 1.0 2.0 31
0.0 0.13686526702728327 0.0 0.0 32
0.12693639723186184 1.0 0.0 1.0 33
0.14947537389002225 1.0 0.0 1.0 35
-0.894237424774255 1.0 -1.0 1.0 36
0.6042159624367276 1.0 1.0 1.0 37
0.621124899010118 1.0 1.0 1.0 38
1.0 0.37828334096023897 1.0 0.0 39
0.6283923963478604 1.0 1.0 1.0 40
0.0 0.3747775299756775 0.0 0.0 41
1.0 1.633003929070941 1.0 2.0 42
1.4861610645622942 1.0 2.0 1.0 43
0.0 1.5061713801537042 0.0 2.0 44
0.36763755494958367 1.0 1.0 1.0 45
0.4845126984331998 1.0 0.0 1.0 46
-0.24947898815727093 1.0 -1.0 1.0 47
0.25302421812053566 1.0 1.0 1.0 48
0.12210673597302289 1.0 1.0 1.0 49
0.2500351885567107 1.0 1.0 1.0 50
0.8757395496370026 1.0 0.0 1.0 51
1.0 0.7440893140282392 1.0 0.0 52
1.0 0.7484106156075356 1.0 0.0 53
0.0 1.0 0.0 2.0 54
0.0 0.9739929822580471 0.0 1.0 55
0.0 1.0 -1.0 1.0 56
1.0 1.0 0.0 1.0 57
-0.13533070501596542 1.0 0.0 1.0 58
0.0 1.156489572362431 0.0 1.0 59
1.0 0.8554072627418324 1.0 1.0 60
1.1535028652948598 1.0 1.0 1.0 61
0.0 0.7452906929201897 0.0 1.0 62
0.0 1.2492295253856698 0.0 1.0 63
1.0 1.2605933508784894 1.0 1.0 64
0.0 1.3816671610116131 0.0 1.0 65
0.0 0.5045857557768053 0.0 1.0 66
-0.4781590759086756 1.0 0.0 1.0 67
0.0 1.5120925204766227 0.0 1.0 68
1.0 1.4981410836704203 1.0 1.0 69
1.0 0.4864718209349098 1.0 1.0 70
1.5001284318131782 1.0 1.0 1.0 71
0.0 1.6272395324187383 0.0 1.0 72
0.0 0.25311684999314965 0.0 1.0 73
0.0 1.749842378129257 0.0 1.0 74
1.0 1.7534156312492666 1.0 1.0 75
-0.8761237349346029 1.0 0.0 1.0 76
0.0 1.8739656199331847 0.0 1.0 77
1.0 0.1247035519444368 1.0 1.0 78
1.8742178899885342 1.0 1.0 1.0 79
*** t = 29
0.0 0.7492916523202506 0.0 0.0 4
0.8614212742668407 1.0 1.0 1.0 10
1.0 0.10373072926379218 1.0 0.0 13
0.09665681495384582 1.0 0.0 1.0 14
-0.8841131508010858 1.0 -1.0 1.0 15
-0.8999928008978632 1.0 -1.0 1.0 17
0.5067702604864155 1.0 0.0 1.0 18
0.6269331192157946 1.0 0.0 1.0 19
0.6271932155394827 1.0 1.0 1.0 21
0.4791788234798214 1.0 0.0 1.0 23
1.3839790391225846 1.0 2.0 1.0 27
0.7495126400023906 1.0 0.0 1.0 29
0.8741068571418162 1.0 0.0 1.0 30
1.0 1.1295004402654478 1.0 2.0 31
0.0 0.013560305174038001 0.0 0.0 32
0.002213025407842073 1.0 0.0 1.0 33
0.02797185587431117 1.0 0.0 1.0 35
0.7250591549240731 1.0 1.0 1.0 37
0.7453498788121417 1.0 1.0 1.0 38
1.0 0.25394000915228676 1.0 0.0 39
0.7540708756174325 1.0 1.0 1.0 40
0.0 0.249733035970813 0.0 0.0 41
1.0 1.7596047148851293 1.0 2.0 42
1.6077013307028678 1.0 2.0 1.0 43
0.0 1.6327142251921303 0.0 2.0 44
0.49018340659944487 1.0 1.0 1.0 45
0.3556408730414997 1.0 0.0 1.0 46
-0.37421848223590637 1.0 -1.0 1.0 47
0.3795363271808035 1.0 1.0 1.0 48
0.24421347194604578 1.0 1.0 1.0 49
0.37505278283506605 1.0 1.0 1.0 50
0.7514790992740052 1.0 0.0 1.0 51
1.0 0.6161339710423588 1.0 0.0 52
1.0 0.6226159234113035 1.0 0.0 53
0.0 1.1207989582318665 0.0 2.0 54
0.0 1.0 1.0 1.0 55
-0.1294046163885195 1.0 -1.0 1.0 56
0.8739825304966087 1.0 0.0 1.0 57
-0.01180652001824617 1.0 0.0 1.0 58
0.0 1.0359880826999213 0.0 1.0 59
1.0 0.9776083002763799 1.0 1.0 60
1.0325747031941255 1.0 1.0 1.0 61
0.0 0.869505808406888 0.0 1.0 62
0.0 1.124101112949948 0.0 1.0 63
1.0 1.1373589093582377 1.0 1.0 64
0.0 1.2580005932139358 0.0 1.0 65
0.0 0.6307321947210066 0.0 1.0 66
-0.34769884488584457 1.0 0.0 1.0 67
0.0 1.3901156505957784 0.0 1.0 68
1.0 1.3726763545880254 1.0 1.0 69
1.0 0.6080897761686372 1.0 1.0 70
1.3751605397664728 1.0 1.0 1.0 71
0.0 1.5029860432249844 0.0 1.0 72
0.0 0.3796752749897245 0.0 1.0 73
0.0 1.6247635671938854 0.0 1.0 74
1.0 1.6301234468738999 1.0 1.0 75
-0.7522474698692059 1.0 0.0 1.0 76
0.0 1.7479312398663693 0.0 1.0 77
1.0 0.2494071038888736 1.0 1.0 78
1.7484357799770684 1.0 1.0 1.0 79
0.0 0.1255123583307153 0.0 1.0 80
0.0 1.874389884323379 0.0 1.0 81
1.0 1.874320770902758 1.0 1.0 82
*** t = 30
0.0 0.623937478480376 0.0 0.0 4
0.9844814563049608 1.0 1.0 1.0 10
0.0 1.0 0.0 0.0 14
0.38346282560801936 1.0 0.0 1.0 18
0.5025774922877262 1.0 0.0 1.0 19
0.7526318586473792 1.0 1.0 1.0 21
0.34897352934977677 1.0 0.0 1.0 23
1.511972052163446 1.0 2.0 1.0 27
0.6242689600035859 1.0 0.0 1.0 29
0.7482137142836325 1.0 0.0 1.0 30
1.0 1.2590008805308956 1.0 2.0 31
0.0 1.0 1.0 1.0 33
0.0 1.0 1.0 1.0 35
0.8459023474114187 1.0 1.0 1.0 37
0.8695748586141653 1.0 1.0 1.0 38
1.0 0.12959667734433455 1.0 0.0 39
0.8797493548870046 1.0 1.0 1.0 40
0.0 0.12468854196594853 0.0 0.0 41
1.0 1.8862055006993175 1.0 2.0 42
1.7292415968434414 1.0 2.0 1.0 43
0.0 1.7592570702305563 0.0 2.0 44
0.6127292582493061 1.0 1.0 1.0 45
0.22676904764979966 1.0 0.0 1.0 46
-0.49895797631454186 1.0 -1.0 1.0 47
0.5060484362410713 1.0 1.0 1.0 48
0.36632020791906866 1.0 1.0 1.0 49
0.5000703771134214 1.0 1.0 1.0 50
0.6272186489110079 1.0 0.0 1.0 51
1.0 0.4881786280564783 1.0 0.0 52
1.0 0.49682123121507127 1.0 0.0 53
0.0 1.241597916463733 0.0 2.0 54
0.12174912278225587 1.0 1.0 1.0 55
-0.258809232777039 1.0 -1.0 1.0 56
0.7479650609932174 1.0 0.0 1.0 57
0.0 1.0 1.0 1.0 58
0.0 1.0 0.0 2.0 59
1.0 1.0 1.0 2.0 60
1.0 1.0 1.0 2.0 61
0.0 0.9937209238935862 0.0 1.0 62
0.0 1.0 1.0 1.0 63
1.0 1.014124467837986 1.0 1.0 64
0.0 1.1343340254162584 0.0 1.0 65
0.0 0.7568786336652079 0.0 1.0 66
-0.21723861386301352 1.0 0.0 1.0 67
0.0 1.268138780714934 0.0 1.0 68
1.0 1.2472116255056305 1.0 1.0 69
1.0 0.7297077314023647 1.0 1.0 70
1.2501926477197673 1.0 1.0 1.0 71
0.0 1.3787325540312305 0.0 1.0 72
0.0 0.5062336999862993 0.0 1.0 73
0.0 1.4996847562585138 0.0 1.0 74
1.0 1.5068312624985332 1.0 1.0 75
-0.6283712048038088 1.0 0.0 1.0 76
0.0 1.621896859799554 0.0 1.0 77
1.0 0.3741106558333104 1.0 1.0 78
1.6226536699656027 1.0 1.0 1.0 79
0.0 0.2510247166614306 0.0 1.0 80
0.0 1.748779768646758 0.0 1.0 81
1.0 1.7486415418055161 1.0 1.0 82
0.0 1.8780431536902897 0.0 1.0 83
*** t = 31
0.0 0.49858330464050127 0.0 0.0 4
1.0 1.0 1.0 0.0 10
0.0 0.8709509735648351 0.0 0.0 14
0.26015539072962324 1.0 0.0 1.0 18
0.3782218653596577 1.0 0.0 1.0 19
0.8780705017552758 1.0 1.0 1.0 21
0.21876823521973215 1.0 0.0 1.0 23
1.6399650652043076 1.0 2.0 1.0 27
0.4990252800047812 1.0 0.0 1.0 29
0.6223205714254487 1.0 0.0 1.0 30
1.0 1.3885013207963435 1.0 2.0 31
0.12472337182401977 1.0 1.0 1.0 33
0.12150351801571108 1.0 1.0 1.0 35
0.9667455398987642 1.0 1.0 1.0 37
0.9937998384161889 1.0 1.0 1.0 38
1.0 0.005253345536382362 1.0 0.0 39
1.0 1.0 2.0 1.0 40
1.850781862984015 1.0 2.0 1.0 43
0.0 1.8857999152689824 0.0 2.0 44
0.7352751098991673 1.0 1.0 1.0 45
0.0978972222580996 1.0 0.0 1.0 46
-0.6236974703931774 1.0 -1.0 1.0 47
0.6325605453013392 1.0 1.0 1.0 48
0.48842694389209157 1.0 1.0 1.0 49
0.6250879713917767 1.0 1.0 1.0 50
0.5029581985480105 1.0 0.0 1.0 51
1.0 0.36022328507059787 1.0 0.0 52
1.0 0.3710265390188391 1.0 0.0 53
0.0 1.3623968746955994 0.0 2.0 54
0.24349824556451174 1.0 1.0 1.0 55
-0.38821384916555846 1.0 -1.0 1.0 56
0.621947591489826 1.0 0.0 1.0 57
0.12352418499771925 1.0 1.0 1.0 58
0.0 1.1205014896625098 0.0 2.0 59
1.0 1.1222010375345475 1.0 2.0 60
1.0 1.1209281621007343 1.0 2.0 61
0.0 1.0 1.0 1.0 62
0.12512841243572173 1.0 1.0 1.0 63
1.0 1.0 1.0 0.0 64
0.0 1.010667457618581 0.0 1.0 65
0.0 0.8830250726094092 0.0 1.0 66
-0.08677838284018247 1.0 0.0 1.0 67
0.0 1.1461619108340897 0.0 1.0 68
1.0 1.1217468964232356 1.0 1.0 69
1.0 0.8513256866360921 1.0 1.0 70
1.125224755673062 1.0 1.0 1.0 71
0.0 1.2544790648374766 0.0 1.0 72
0.0 0.6327921249828741 0.0 1.0 73
0.0 1.3746059453231423 0.0 1.0 74
1.0 1.3835390781231665 1.0 1.0 75
-0.5044949397384118 1.0 0.0 1.0 76
0.0 1.4958624797327387 0.0 1.0 77
1.0 0.4988142077777472 1.0 1.0 78
1.496871559954137 1.0 1.0 1.0 79
0.0 0.37653707499214595 0.0 1.0 80
0.0 1.6231696529701372 0.0 1.0 81
1.0 1.6229623127082742 1.0 1.0 82
0.0 1.7560863073805795 0.0 1.0 83
0.0 0.12505139259715647 0.0 1.0 84
-0.8740989487404718 1.0 0.0 1.0 85
0.0 1.874910712854426 0.0 1.0 86
1.0 1.8757981083053146 1.0 1.0 87
1.0 0.12265244642113471 1.0 1.0 88
1.874336201717361 1.0 1.0 1.0 89
*** t = 32
0.0 0.3732291308006266 0.0 0.0 4
1.0 0.8769398179618799 1.0 0.0 10
0.0 0.7419019471296702 0.0 0.0 14
0.1368479558512271 1.0 0.0 1.0 18
0.2538662384315892 1.0 0.0 1.0 19
1.0 1.0 1.0 0.0 21
0.08856294108968754 1.0 0.0 1.0 23
1.7679580782451692 1.0 2.0 1.0 27
0.3737816000059765 1.0 0.0 1.0 29
0.496427428567265 1.0 0.0 1.0 30
1.0 1.5180017610617913 1.0 2.0 31
0.24944674364803954 1.0 1.0 1.0 33
0.24300703603142215 1.0 1.0 1.0 35
1.0 1.0 2.0 1.0 37
1.0 1.0 1.0 0.0 38
1.125678479269572 1.0 2.0 1.0 40
1.9723221291245885 1.0 2.0 1.0 43
0.8578209615490285 1.0 1.0 1.0 45
0.0 1.0 1.0 1.0 46
-0.7484369644718128 1.0 -1.0 1.0 47
0.7590726543616071 1.0 1.0 1.0 48
0.6105336798651144 1.0 1.0 1.0 49
0.7501055656701321 1.0 1.0 1.0 50
0.3786977481850131 1.0 0.0 1.0 51
1.0 0.2322679420847174 1.0 0.0 52
1.0 0.2452318468226069 1.0 0.0 53
0.0 1.483195832927466 0.0 2.0 54
0.36524736834676763 1.0 1.0 1.0 55
-0.517618465554078 1.0 -1.0 1.0 56
0.4959301219864347 1.0 0.0 1.0 57
0.2470483699954385 1.0 1.0 1.0 58
0.0 1.2410029793250197 0.0 2.0 59
1.0 1.244402075069095 1.0 2.0 60
1.0 1.2418563242014686 1.0 2.0 61
0.12421511548669828 1.0 1.0 1.0 62
0.25025682487144346 1.0 1.0 1.0 63
1.0 0.8767655584797482 1.0 0.0 64
0.0 1.0 0.0 2.0 65
0.0 1.0 1.0 1.0 66
0.0 1.0 -1.0 1.0 67
0.0 1.0241850409532454 0.0 1.0 68
1.0 1.0 1.0 0.0 69
1.0 0.9729436418698195 1.0 1.0 70
1.0002568636263565 1.0 1.0 1.0 71
0.0 1.1302255756437227 0.0 1.0 72
0.0 0.7593505499794488 0.0 1.0 73
0.0 1.2495271343877707 0.0 1.0 74
1.0 1.2602468937477997 1.0 1.0 75
-0.3806186746730147 1.0 0.0 1.0 76
0.0 1.3698280996659233 0.0 1.0 77
1.0 0.623517759722184 1.0 1.0 78
1.3710894499426711 1.0 1.0 1.0 79
0.0 0.5020494333228612 0.0 1.0 80
0.0 1.4975595372935162 0.0 1.0 81
1.0 1.4972830836110322 1.0 1.0 82
0.0 1.6341294610708692 0.0 1.0 83
0.0 0.25010278519431295 0.0 1.0 84
-0.7481978974809436 1.0 0.0 1.0 85
0.0 1.749821425708852 0.0 1.0 86
1.0 1.7515962166106291 1.0 1.0 87
1.0 0.24530489284226942 1.0 1.0 88
1.748672403434722 1.0 1.0 1.0 89
0.0 1.8743375202368373 0.0 1.0 90
*** t = 33
0.0 0.24787495696075187 0.0 0.0 4
1.0 0.7538796359237598 1.0 0.0 10
0.0 0.6128529206945053 0.0 0.0 14
0.013540520972830983 1.0 0.0 1.0 18
0.12951061150352067 1.0 0.0 1.0 19
1.0 0.8745613568921035 1.0 0.0 21
0.0 1.0 0.0 0.0 23
1.8959510912860307 1.0 2.0 1.0 27
0.2485379200071718 1.0 0.0 1.0 29
0.3705342857090813 1.0 0.0 1.0 30
1.0 1.6475022013272391 1.0 2.0 31
0.3741701154720593 1.0 1.0 1.0 33
0.36451055404713323 1.0 1.0 1.0 35
1.1208431924873454 1.0 2.0 1.0 37
1.0 0.8757750201979764 1.0 0.0 38
1.251356958539144 1.0 2.0 1.0 40
0.9803668131988897 1.0 1.0 1.0 45
0.12887182539170006 1.0 1.0 1.0 46
-0.8731764585504483 1.0 -1.0 1.0 47
0.885584763421875 1.0 1.0 1.0 48
0.7326404158381373 1.0 1.0 1.0 49
0.8751231599484874 1.0 1.0 1.0 50
0.25443729782201574 1.0 0.0 1.0 51
1.0 0.10431259909883694 1.0 0.0 52
1.0 0.11943715462637472 1.0 0.0 53
0.0 1.6039947911593324 0.0 2.0 54
0.4869964911290235 1.0 1.0 1.0 55
-0.6470230819425975 1.0 -1.0 1.0 56
0.3699126524830434 1.0 0.0 1.0 57
0.3705725549931578 1.0 1.0 1.0 58
0.0 1.3615044689875295 0.0 2.0 59
1.0 1.3666031126036424 1.0 2.0 60
1.0 1.362784486302203 1.0 2.0 61
0.24843023097339656 1.0 1.0 1.0 62
0.3753852373071652 1.0 1.0 1.0 63
1.0 0.7535311169594965 1.0 0.0 64
0.0 1.1236665677976774 0.0 2.0 65
0.12614643894420133 1.0 1.0 1.0 66
-0.13046023102283105 1.0 -1.0 1.0 67
0.0 1.0 -1.0 1.0 68
1.0 0.8745352709176052 1.0 0.0 69
1.0 1.0 0.0 1.0 70
1.0 1.0 0.0 1.0 71
0.0 1.0059720864499688 0.0 1.0 72
0.0 0.8859089749760236 0.0 1.0 73
0.0 1.1244483234523992 0.0 1.0 74
1.0 1.136954709372433 1.0 1.0 75
-0.2567424096076176 1.0 0.0 1.0 76
0.0 1.243793719599108 0.0 1.0 77
1.0 0.7482213116666209 1.0 1.0 78
1.2453073399312053 1.0 1.0 1.0 79
0.0 0.6275617916535765 0.0 1.0 80
0.0 1.3719494216168953 0.0 1.0 81
1.0 1.3716038545137903 1.0 1.0 82
0.0 1.512172614761159 0.0 1.0 83
0.0 0.3751541777914694 0.0 1.0 84
-0.6222968462214153 1.0 0.0 1.0 85
0.0 1.624732138563278 0.0 1.0 86
1.0 1.6273943249159437 1.0 1.0 87
1.0 0.3679573392634041 1.0 1.0 88
1.6230086051520831 1.0 1.0 1.0 89
0.0 1.7486750404736746 0.0 1.0 90
0.0 0.12447700833142514 0.0 1.0 91
0.0 1.8680464059324433 0.0 1.0 92
1.0 1.8806546235253716 1.0 1.0 93
*** t = 34
0.0 0.12252078312087716 0.0 0.0 4
1.0 0.6308194538856398 1.0 0.0 10
0.0 0.4838038942593404 0.0 0.0 14
0.0 1.0 0.0 2.0 18
0.005154984575452173 1.0 0.0 1.0 19
1.0 0.7491227137842069 1.0 0.0 21
0.0 0.8697947058699553 0.0 0.0 23
0.12329424000836708 1.0 0.0 1.0 29
0.2446411428508976 1.0 0.0 1.0 30
1.0 1.777002641592687 1.0 2.0 31
0.4988934872960791 1.0 1.0 1.0 33
0.4860140720628443 1.0 1.0 1.0 35
1.2416863849746909 1.0 2.0 1.0 37
1.0 0.7515500403959527 1.0 0.0 38
1.377035437808716 1.0 2.0 1.0 40
1.0 1.0 1.0 0.0 45
0.2577436507834001 1.0 1.0 1.0 46
-0.9979159526290838 1.0 -1.0 1.0 47
1.0 1.0 0.0 1.0 48
0.8547471518111602 1.0 1.0 1.0 49
1.0 1.0 1.0 2.0 50
0.13017684745901834 1.0 0.0 1.0 51
0.0 1.724793749391199 0.0 2.0 54
0.6087456139112793 1.0 1.0 1.0 55
-0.776427698331117 1.0 -1.0 1.0 56
0.2438951829796521 1.0 0.0 1.0 57
0.494096739990877 1.0 1.0 1.0 58
0.0 1.4820059586500394 0.0 2.0 59
1.0 1.48880415013819 1.0 2.0 60
1.0 1.4837126484029373 1.0 2.0 61
0.37264534646009484 1.0 1.0 1.0 62
0.5005136497428869 1.0 1.0 1.0 63
1.0 0.6302966754392447 1.0 0.0 64
0.0 1.2473331355953547 0.0 2.0 65
0.25229287788840266 1.0 1.0 1.0 66
-0.2609204620456621 1.0 -1.0 1.0 67
-0.12197686988084444 1.0 -1.0 1.0 68
1.0 0.7490705418352104 1.0 0.0 69
0.8783820447662726 1.0 0.0 1.0 70
0.8750321079532946 1.0 0.0 1.0 71
0.0 1.0 0.0 2.0 72
0.0 1.0 1.0 1.0 73
0.0 1.0 1.0 1.0 74
1.0 1.0136625249970663 1.0 1.0 75
-0.1328661445422206 1.0 0.0 1.0 76
0.0 1.1177593395322927 0.0 1.0 77
1.0 0.8729248636110577 1.0 1.0 78
1.1195252299197396 1.0 1.0 1.0 79
0.0 0.7530741499842918 0.0 1.0 80
0.0 1.2463393059402743 0.0 1.0 81
1.0 1.2459246254165484 1.0 1.0 82
0.0 1.3902157684514487 0.0 1.0 83
0.0 0.5002055703886259 0.0 1.0 84
-0.4963957949618872 1.0 0.0 1.0 85
0.0 1.499642851417704 0.0 1.0 86
1.0 1.5031924332212583 1.0 1.0 87
1.0 0.49060978568453883 1.0 1.0 88
1.4973448068694442 1.0 1.0 1.0 89
0.0 1.623012560710512 0.0 1.0 90
0.0 0.24895401666285027 0.0 1.0 91
0.0 1.7360928118648866 0.0 1.0 92
1.0 1.7613092470507432 1.0 1.0 93
-0.8775384788908012 1.0 0.0 1.0 94
0.0 1.8711709416207851 0.0 1.0 95
1.0 0.12544495071418107 1.0 1.0 96
1.8720554876780484 1.0 1.0 1.0 97
*** t = 35
1.0 0.5077592718475197 1.0 0.0 10
0.0 0.35475486782417553 0.0 0.0 14
0.0 1.123307434878396 0.0 2.0 18
0.0 1.0 1.0 1.0 19
1.0 0.6236840706763104 1.0 0.0 21
0.0 0.7395894117399107 0.0 0.0 23
0.0 1.0 0.0 2.0 29
0.1187479999927139 1.0 0.0 1.0 30
1.0 1.9065030818581348 1.0 2.0 31
0.6236168591200988 1.0 1.0 1.0 33
0.6075175900785554 1.0 1.0 1.0 35
1.3625295774620363 1.0 2.0 1.0 37
1.0 0.6273250605939291 1.0 0.0 38
1.502713917078288 1.0 2.0 1.0 40
1.0 0.8774541483501388 1.0 0.0 45
0.38661547617510017 1.0 1.0 1.0 46
0.8734878909397321 1.0 0.0 1.0 48
0.9768538877841831 1.0 1.0 1.0 49
1.0 1.1250175942783553 1.0 2.0 50
0.005916397096020931 1.0 0.0 1.0 51
0.0 1.8455927076230654 0.0 2.0 54
0.7304947366935353 1.0 1.0 1.0 55
-0.9058323147196365 1.0 -1.0 1.0 56
0.1178777134762608 1.0 0.0 1.0 57
0.6176209249885962 1.0 1.0 1.0 58
0.0 1.6025074483125492 0.0 2.0 59
1.0 1.6110051876727374 1.0 2.0 60
1.0 1.6046408105036716 1.0 2.0 61
0.4968604619467931 1.0 1.0 1.0 62
0.6256420621786086 1.0 1.0 1.0 63
1.0 0.507062233918993 1.0 0.0 64
0.0 1.3709997033930321 0.0 2.0 65
0.378439316832604 1.0 1.0 1.0 66
-0.39138069306849316 1.0 -1.0 1.0 67
-0.24395373976168888 1.0 -1.0 1.0 68
1.0 0.6236058127528156 1.0 0.0 69
0.7567640895325451 1.0 0.0 1.0 70
0.7500642159065891 1.0 0.0 1.0 71
0.0 1.124253489193754 0.0 2.0 72
0.12655842499657483 1.0 1.0 1.0 73
0.12507881093537157 1.0 1.0 1.0 74
1.0 1.0 0.0 1.0 75
-0.008989879476823559 1.0 0.0 1.0 76
0.0 1.0 1.0 1.0 77
1.0 0.9976284155554945 1.0 1.0 78
1.0 1.0 1.0 0.0 79
0.0 0.8785865083150071 0.0 1.0 80
0.0 1.1207291902636534 0.0 1.0 81
1.0 1.1202453963193064 1.0 1.0 82
0.0 1.2682589221417384 0.0 1.0 83
0.0 0.6252569629857824 0.0 1.0 84
-0.370494743702359 1.0 0.0 1.0 85
0.0 1.37455356427213 0.0 1.0 86
1.0 1.3789905415265729 1.0 1.0 87
1.0 0.6132622321056735 1.0 1.0 88
1.3716810085868052 1.0 1.0 1.0 89
0.0 1.4973500809473492 0.0 1.0 90
0.0 0.3734310249942754 0.0 1.0 91
0.0 1.60413921779733 0.0 1.0 92
1.0 1.6419638705761148 1.0 1.0 93
-0.7550769577816023 1.0 0.0 1.0 94
0.0 1.7423418832415702 0.0 1.0 95
1.0 0.25088990142836215 1.0 1.0 96
1.7441109753560968 1.0 1.0 1.0 97
0.0 0.12376396998157288 0.0 1.0 98
0.0 1.8756689002708404 0.0 1.0 99
1.0 1.8731005141894466 1.0 1.0 100
*** t = 36
1.0 0.3846990898093996 1.0 0.0 10
0.0 0.22570584138901068 0.0 0.0 14
0.0 1.246614869756792 0.0 2.0 18
0.1243556269280685 1.0 1.0 1.0 19
1.0 0.49824542756841383 1.0 0.0 21
0.0 0.609384117609866 0.0 0.0 23
0.0 1.1252436799988046 0.0 2.0 29
0.0 1.0 0.0 0.0 30
0.7483402309441185 1.0 1.0 1.0 33
0.7290211080942666 1.0 1.0 1.0 35
1.4833727699493817 1.0 2.0 1.0 37
1.0 0.5031000807919055 1.0 0.0 38
1.62839239634786 1.0 2.0 1.0 40
1.0 0.7549082967002776 1.0 0.0 45
0.5154873015668002 1.0 1.0 1.0 46
0.7469757818794642 1.0 0.0 1.0 48
1.0 1.0 0.0 1.0 49
1.0 1.2500351885567107 1.0 2.0 50
0.0 1.0 0.0 0.0 51
0.0 1.9663916658549319 0.0 2.0 54
0.8522438594757912 1.0 1.0 1.0 55
0.0 1.0 0.0 2.0 57
0.7411451099863154 1.0 1.0 1.0 58
0.0 1.723008937975059 0.0 2.0 59
1.0 1.7332062252072848 1.0 2.0 60
1.0 1.725568972604406 1.0 2.0 61
0.6210755774334914 1.0 1.0 1.0 62
0.7507704746143303 1.0 1.0 1.0 63
1.0 0.3838277923987412 1.0 0.0 64
0.0 1.4946662711907095 0.0 2.0 65
0.5045857557768053 1.0 1.0 1.0 66
-0.5218409240913242 1.0 -1.0 1.0 67
-0.3659306096425333 1.0 -1.0 1.0 68
1.0 0.49814108367042076 1.0 0.0 69
0.6351461342988177 1.0 0.0 1.0 70
0.6250963238598837 1.0 0.0 1.0 71
0.0 1.2485069783875078 0.0 2.0 72
0.25311684999314965 1.0 1.0 1.0 73
0.25015762187074314 1.0 1.0 1.0 74
0.8767078156246334 1.0 0.0 1.0 75
0.0 1.0 -1.0 1.0 76
0.12603438006681533 1.0 1.0 1.0 77
1.0 1.0 1.0 2.0 78
1.0 0.8742178899885343 1.0 0.0 79
0.0 1.0 1.0 1.0 80
0.0 1.0 -1.0 1.0 81
1.0 1.0 0.0 1.0 82
0.0 1.1463020758320281 0.0 1.0 83
0.0 0.7503083555829388 0.0 1.0 84
-0.24459369244283086 1.0 0.0 1.0 85
0.0 1.249464277126556 0.0 1.0 86
1.0 1.2547886498318874 1.0 1.0 87
1.0 0.7359146785268083 1.0 1.0 88
1.2460172103041662 1.0 1.0 1.0 89
0.0 1.3716876011841865 0.0 1.0 90
0.0 0.49790803332570055 0.0 1.0 91
0.0 1.4721856237297732 0.0 1.0 92
1.0 1.5226184941014864 1.0 1.0 93
-0.6326154366724035 1.0 0.0 1.0 94
0.0 1.6135128248623554 0.0 1.0 95
1.0 0.37633485214254325 1.0 1.0 96
1.6161664630341452 1.0 1.0 1.0 97
0.0 0.24752793996314576 0.0 1.0 98
0.0 1.7513378005416809 0.0 1.0 99
1.0 1.7462010283788931 1.0 1.0 100
0.0 1.8727166561387354 0.0 1.0 101
*** t = 37
1.0 0.2616389077712795 1.0 0.0 10
0.0 0.09665681495384582 0.0 0.0 14
0.0 1.369922304635188 0.0 2.0 18
0.248711253856137 1.0 1.0 1.0 19
1.0 0.3728067844605173 1.0 0.0 21
0.0 0.4791788234798214 0.0 0.0 23
0.0 1.2504873599976092 0.0 2.0 29
0.0 0.8741068571418162 0.0 0.0 30
0.8730636027681382 1.0 1.0 1.0 33
0.8505246261099777 1.0 1.0 1.0 35
1.6042159624367271 1.0 2.0 1.0 37
1.0 0.37887510098988186 1.0 0.0 38
1.754070875617432 1.0 2.0 1.0 40
1.0 0.6323624450504164 1.0 0.0 45
0.6443591269585003 1.0 1.0 1.0 46
0.6204636728191963 1.0 0.0 1.0 48
0.8778932640269771 1.0 0.0 1.0 49
1.0 1.375052782835066 1.0 2.0 50
0.0 0.8757395496370026 0.0 0.0 51
0.9739929822580471 1.0 1.0 1.0 55
0.0 1.1260174695033913 0.0 2.0 57
0.8646692949840347 1.0 1.0 1.0 58
0.0 1.843510427637569 0.0 2.0 59
1.0 1.8554072627418323 1.0 2.0 60
1.0 1.8464971347051402 1.0 2.0 61
0.7452906929201897 1.0 1.0 1.0 62
0.875898887050052 1.0 1.0 1.0 63
1.0 0.26059335087848945 1.0 0.0 64
0.0 1.6183328389883869 0.0 2.0 65
0.6307321947210066 1.0 1.0 1.0 66
-0.6523011551141553 1.0 -1.0 1.0 67
-0.48790747952337776 1.0 -1.0 1.0 68
1.0 0.37267635458802595 1.0 0.0 69
0.5135281790650903 1.0 0.0 1.0 70
0.5001284318131782 1.0 0.0 1.0 71
0.0 1.3727604675812617 0.0 2.0 72
0.3796752749897245 1.0 1.0 1.0 73
0.37523643280611474 1.0 1.0 1.0 74
0.7534156312492668 1.0 0.0 1.0 75
-0.12387626506539703 1.0 -1.0 1.0 76
0.25206876013363066 1.0 1.0 1.0 77
1.0 1.1247035519444368 1.0 2.0 78
1.0 0.7484357799770687 1.0 0.0 79
0.1255123583307153 1.0 1.0 1.0 80
-0.125610115676621 1.0 -1.0 1.0 81
0.8743207709027582 1.0 0.0 1.0 82
0.0 1.0243452295223179 0.0 1.0 83
0.0 0.8753597481800953 0.0 1.0 84
-0.1186926411833027 1.0 0.0 1.0 85
0.0 1.124374989980982 0.0 1.0 86
1.0 1.130586758137202 1.0 1.0 87
1.0 0.858567124947943 1.0 1.0 88
1.1203534120215273 1.0 1.0 1.0 89
0.0 1.2460251214210238 0.0 1.0 90
0.0 0.6223850416571257 0.0 1.0 91
0.0 1.3402320296622166 0.0 1.0 92
1.0 1.403273117626858 1.0 1.0 93
-0.5101539155632047 1.0 0.0 1.0 94
0.0 1.4846837664831405 0.0 1.0 95
1.0 0.5017798028567243 1.0 1.0 96
1.4882219507121937 1.0 1.0 1.0 97
0.0 0.3712919099447186 0.0 1.0 98
0.0 1.6270067008125213 0.0 1.0 99
1.0 1.6193015425683397 1.0 1.0 100
0.0 1.7454333122774708 0.0 1.0 101
0.0 0.1240612743189864 0.0 1.0 102
-0.8701770377678004 1.0 0.0 1.0 103
0.0 1.8762164018953593 0.0 1.0 104
1.0 1.8734454371046545 1.0 1.0 105
1.0 0.12391698292479049 1.0 1.0 106
1.8771572121776545 1.0 1.0 1.0 107
*** t = 38
1.0 0.13857872573315944 1.0 0.0 10
0.0 1.493229739513584 0.0 2.0 18
0.37306688078420547 1.0 1.0 1.0 19
1.0 0.24736814135262075 1.0 0.0 21
0.0 0.34897352934977677 0.0 0.0 23
0.0 1.3757310399964138 0.0 2.0 29
0.0 0.7482137142836325 0.0 0.0 30
0.9977869745921579 1.0 1.0 1.0 33
0.9720281441256888 1.0 1.0 1.0 35
1.7250591549240726 1.0 2.0 1.0 37
1.0 0.25465012118785824 1.0 0.0 38
1.879749354887004 1.0 2.0 1.0 40
1.0 0.5098165934005552 1.0 0.0 45
0.7732309523502003 1.0 1.0 1.0 46
0.4939515637589285 1.0 0.0 1.0 48
0.7557865280539542 1.0 0.0 1.0 49
1.0 1.5000703771134214 1.0 2.0 50
0.0 0.7514790992740052 0.0 0.0 51
1.0 1.0 1.0 0.0 55
0.0 1.2520349390067826 0.0 2.0 57
0.9881934799817539 1.0 1.0 1.0 58
0.0 1.9640119173000787 0.0 2.0 59
1.0 1.9776083002763798 1.0 2.0 60
1.0 1.9674252968058745 1.0 2.0 61
0.869505808406888 1.0 1.0 1.0 62
1.0 1.0 0.0 1.0 63
1.0 0.1373589093582377 1.0 0.0 64
0.0 1.7419994067860642 0.0 2.0 65
0.7568786336652079 1.0 1.0 1.0 66
-0.7827613861369864 1.0 -1.0 1.0 67
-0.6098843494042222 1.0 -1.0 1.0 68
1.0 0.2472116255056311 1.0 0.0 69
0.39191022383136287 1.0 0.0 1.0 70
0.37516053976647273 1.0 0.0 1.0 71
0.0 1.4970139567750156 0.0 2.0 72
0.5062336999862993 1.0 1.0 1.0 73
0.5003152437414863 1.0 1.0 1.0 74
0.6301234468739002 1.0 0.0 1.0 75
-0.24775253013079407 1.0 -1.0 1.0 76
0.378103140200446 1.0 1.0 1.0 77
1.0 1.2494071038888737 1.0 2.0 78
1.0 0.622653669965603 1.0 0.0 79
0.2510247166614306 1.0 1.0 1.0 80
-0.251220231353242 1.0 -1.0 1.0 81
0.7486415418055163 1.0 0.0 1.0 82
0.0 1.0 -1.0 1.0 83
0.0 1.0 0.0 0.0 84
0.0 1.0 1.0 1.0 85
0.0 1.0 1.0 1.0 86
1.0 1.0063848664425166 1.0 1.0 87
1.0 0.9812195713690777 1.0 1.0 88
1.0 1.0 0.0 1.0 89
0.0 1.1203626416578611 0.0 1.0 90
0.0 0.7468620499885509 0.0 1.0 91
0.0 1.2082784355946599 0.0 1.0 92
1.0 1.2839277411522296 1.0 1.0 93
-0.38769239445400583 1.0 0.0 1.0 94
0.0 1.3558547081039256 0.0 1.0 95
1.0 0.6272247535709053 1.0 1.0 96
1.360277438390242 1.0 1.0 1.0 97
0.0 0.4950558799262915 0.0 1.0 98
0.0 1.5026756010833617 0.0 1.0 99
1.0 1.4924020567577863 1.0 1.0 100
0.0 1.6181499684162062 0.0 1.0 101
0.0 0.2481225486379728 0.0 1.0 102
-0.7403540755356008 1.0 0.0 1.0 103
0.0 1.7524328037907186 0.0 1.0 104
1.0 1.746890874209309 1.0 1.0 105
1.0 0.24783396584958098 1.0 1.0 106
1.754314424355309 1.0 1.0 1.0 107
0.0 1.8756884724313236 0.0 1.0 108
*** t = 39
1.0 0.015518543695039341 1.0 0.0 10
0.0 1.61653717439198 0.0 2.0 18
0.497422507712274 1.0 1.0 1.0 19
1.0 0.12192949824472421 1.0 0.0 21
0.0 0.21876823521973215 0.0 0.0 23
0.0 1.5009747199952184 0.0 2.0 29
0.0 0.6223205714254487 0.0 0.0 30
1.0 1.0 1.0 0.0 33
1.0 1.0 1.0 0.0 35
1.845902347411418 1.0 2.0 1.0 37
1.0 0.1304251413858346 1.0 0.0 38
1.0 0.387270741750694 1.0 0.0 45
0.9021027777419004 1.0 1.0 1.0 46
0.3674394546986607 1.0 0.0 1.0 48
0.6336797920809313 1.0 0.0 1.0 49
1.0 1.6250879713917767 1.0 2.0 50
0.0 0.6272186489110079 0.0 0.0 51
1.0 0.8782508772177441 1.0 0.0 55
0.0 1.378052408510174 0.0 2.0 57
1.0 1.0 2.0 1.0 58
0.9937209238935862 1.0 1.0 1.0 62
0.8748715875642783 1.0 0.0 1.0 63
1.0 0.014124467837985946 1.0 0.0 64
0.0 1.8656659745837416 0.0 2.0 65
0.8830250726094092 1.0 1.0 1.0 66
-0.9132216171598175 1.0 -1.0 1.0 67
-0.7318612192850666 1.0 -1.0 1.0 68
1.0 0.12174689642323627 1.0 0.0 69
0.27029226859763544 1.0 0.0 1.0 70
0.25019264771976724 1.0 0.0 1.0 71
0.0 1.6212674459687695 0.0 2.0 72
0.6327921249828741 1.0 1.0 1.0 73
0.6253940546768578 1.0 1.0 1.0 74
0.5068312624985336 1.0 0.0 1.0 75
-0.3716287951961911 1.0 -1.0 1.0 76
0.5041375202672613 1.0 1.0 1.0 77
1.0 1.3741106558333105 1.0 2.0 78
1.0 0.49687155995413734 1.0 0.0 79
0.37653707499214595 1.0 1.0 1.0 80
-0.376830347029863 1.0 -1.0 1.0 81
0.6229623127082745 1.0 0.0 1.0 82
-0.12195684630971028 1.0 -1.0 1.0 83
0.0 0.8749486074028435 0.0 0.0 84
0.12590105125952816 1.0 1.0 1.0 85
0.12508928714557407 1.0 1.0 1.0 86
1.0 1.0 1.0 0.0 87
1.0 1.0 1.0 2.0 88
0.8743362017173612 1.0 0.0 1.0 89
0.0 1.0 1.0 1.0 90
0.0 0.871339058319976 0.0 1.0 91
0.0 1.0763248415271032 0.0 1.0 92
1.0 1.1645823646776012 1.0 1.0 93
-0.265230873344807 1.0 0.0 1.0 94
0.0 1.2270256497247107 0.0 1.0 95
1.0 0.7526697042850864 1.0 1.0 96
1.2323329260682905 1.0 1.0 1.0 97
0.0 0.6188198499078644 0.0 1.0 98
0.0 1.3783445013542022 0.0 1.0 99
1.0 1.3655025709472328 1.0 1.0 100
0.0 1.4908666245549416 0.0 1.0 101
0.0 0.37218382295695923 0.0 1.0 102
-0.6105311133034013 1.0 0.0 1.0 103
0.0 1.628649205686078 0.0 1.0 104
1.0 1.6203363113139635 1.0 1.0 105
1.0 0.3717509487743715 1.0 1.0 106
1.6314716365329636 1.0 1.0 1.0 107
0.0 1.7513769448626473 0.0 1.0 108
0.0 0.1262944800031548 0.0 1.0 109
0.0 1.8784436798081736 0.0 1.0 110
1.0 1.878756383189565 1.0 1.0 111
*** t = 40
0.0 1.739844609270376 0.0 2.0 18
0.6217781346403425 1.0 1.0 1.0 19
0.0 0.08856294108968754 0.0 0.0 23
0.0 1.626218399994023 0.0 2.0 29
0.0 0.496427428567265 0.0 0.0 30
1.0 0.8752766281759803 1.0 0.0 33
1.0 0.8784964819842889 1.0 0.0 35
1.9667455398987634 1.0 2.0 1.0 37
1.0 0.006200161583810995 1.0 0.0 38
1.0 0.2647248901008328 1.0 0.0 45
1.0 1.0 0.0 1.0 46
0.24092734563839285 1.0 0.0 1.0 48
0.5115730561079084 1.0 0.0 1.0 49
1.0 1.750105565670132 1.0 2.0 50
0.0 0.5029581985480105 0.0 0.0 51
1.0 0.7565017544354882 1.0 0.0 55
0.0 1.5040698780135653 0.0 2.0 57
1.1235241849977193 1.0 2.0 1.0 58
1.0 1.0 2.0 1.0 62
0.7497431751285566 1.0 0.0 1.0 63
0.0 1.989332542381419 0.0 2.0 65
1.0 1.0 0.0 1.0 66
-0.8538380891659111 1.0 -1.0 1.0 68
0.148674313363908 1.0 0.0 1.0 70
0.12522475567306174 1.0 0.0 1.0 71
0.0 1.7455209351625234 0.0 2.0 72
0.7593505499794488 1.0 1.0 1.0 73
0.7504728656122294 1.0 1.0 1.0 74
0.383539078123167 1.0 0.0 1.0 75
-0.49550506026158814 1.0 -1.0 1.0 76
0.6301719003340767 1.0 1.0 1.0 77
1.0 1.4988142077777473 1.0 2.0 78
1.0 0.3710894499426717 1.0 0.0 79
0.5020494333228612 1.0 1.0 1.0 80
-0.502440462706484 1.0 -1.0 1.0 81
0.4972830836110327 1.0 0.0 1.0 82
-0.24391369261942056 1.0 -1.0 1.0 83
0.0 0.749897214805687 0.0 0.0 84
0.2518021025190563 1.0 1.0 1.0 85
0.25017857429114815 1.0 1.0 1.0 86
1.0 0.8757981083053146 1.0 0.0 87
1.0 1.1226524464211347 1.0 2.0 88
0.7486724034347223 1.0 0.0 1.0 89
0.1256624797631627 1.0 1.0 1.0 90
0.0 0.9958160666514012 0.0 1.0 91
0.0 1.0 1.0 1.0 92
1.0 1.0452369882029728 1.0 1.0 93
-0.14276935223560816 1.0 0.0 1.0 94
0.0 1.0981965913454959 0.0 1.0 95
1.0 0.8781146549992674 1.0 1.0 96
1.104388413746339 1.0 1.0 1.0 97
0.0 0.7425838198894373 0.0 1.0 98
0.0 1.2540134016250426 0.0 1.0 99
1.0 1.2386030851366794 1.0 1.0 100
0.0 1.363583280693677 0.0 1.0 101
0.0 0.4962450972759456 0.0 1.0 102
-0.4807081510712017 1.0 0.0 1.0 103
0.0 1.5048656075814373 0.0 1.0 104
1.0 1.493781748418618 1.0 1.0 105
1.0 0.49566793169916196 1.0 1.0 106
1.508628848710618 1.0 1.0 1.0 107
0.0 1.627065417293971 0.0 1.0 108
0.0 0.2525889600063096 0.0 1.0 109
0.0 1.7568873596163472 0.0 1.0 110
1.0 1.7575127663791301 1.0 1.0 111
-0.8784623908556364 1.0 0.0 1.0 112
0.0 1.8753552976409513 0.0 1.0 113
1.0 0.12840931160532804 1.0 1.0 114
1.8779639666628025 1.0 1.0 1.0 115
*** t = 41
0.0 1.8631520441487721 0.0 2.0 18
0.7461337615684109 1.0 1.0 1.0 19
0.0 1.7514620799928275 0.0 2.0 29
0.0 0.3705342857090813 0.0 0.0 30
1.0 0.7505532563519606 1.0 0.0 33
1.0 0.7569929639685777 1.0 0.0 35
1.0 0.14217903845097157 1.0 0.0 45
0.8711281746082999 1.0 0.0 1.0 46
0.11441523657812502 1.0 0.0 1.0 48
0.38946632013488547 1.0 0.0 1.0 49
1.0 1.8751231599484874 1.0 2.0 50
0.0 0.3786977481850131 0.0 0.0 51
1.0 0.6347526316532323 1.0 0.0 55
0.0 1.6300873475169566 0.0 2.0 57
1.2470483699954387 1.0 2.0 1.0 58
1.1242151154866984 1.0 2.0 1.0 62
0.6246147626928349 1.0 0.0 1.0 63
0.8738535610557987 1.0 0.0 1.0 66
-0.9758149590467555 1.0 -1.0 1.0 68
0.027056358130180536 1.0 0.0 1.0 70
0.0002568636263562546 1.0 0.0 1.0 71
0.0 1.8697744243562773 0.0 2.0 72
0.8859089749760236 1.0 1.0 1.0 73
0.8755516765476009 1.0 1.0 1.0 74
0.2602468937478004 1.0 0.0 1.0 75
-0.6193813253269852 1.0 -1.0 1.0 76
0.756206280400892 1.0 1.0 1.0 77
1.0 1.6235177597221842 1.0 2.0 78
1.0 0.245307339931206 1.0 0.0 79
0.6275617916535765 1.0 1.0 1.0 80
-0.628050578383105 1.0 -1.0 1.0 81
0.37160385451379085 1.0 0.0 1.0 82
-0.36587053892913085 1.0 -1.0 1.0 83
0.0 0.6248458222085306 0.0 0.0 84
0.3777031537785845 1.0 1.0 1.0 85
0.3752678614367222 1.0 1.0 1.0 86
1.0 0.7515962166106291 1.0 0.0 87
1.0 1.2453048928422694 1.0 2.0 88
0.6230086051520835 1.0 0.0 1.0 89
0.2513249595263254 1.0 1.0 1.0 90
0.0 1.0 1.0 1.0 91
0.13195359406755675 1.0 1.0 1.0 92
1.0 1.0 2.0 1.0 93
-0.020307831126409326 1.0 0.0 1.0 94
0.0 1.0 0.0 2.0 95
1.0 1.0 0.0 1.0 96
1.0 1.0 0.0 1.0 97
0.0 0.8663477898710102 0.0 1.0 98
0.0 1.129682301895883 0.0 1.0 99
1.0 1.111703599326126 1.0 1.0 100
0.0 1.2362999368324123 0.0 1.0 101
0.0 0.6203063715949321 0.0 1.0 102
-0.3508851888390021 1.0 0.0 1.0 103
0.0 1.3810820094767966 0.0 1.0 104
1.0 1.3672271855232725 1.0 1.0 105
1.0 0.6195849146239525 1.0 1.0 106
1.3857860608882726 1.0 1.0 1.0 107
0.0 1.5027538897252946 0.0 1.0 108
0.0 0.3788834400094644 0.0 1.0 109
0.0 1.6353310394245208 0.0 1.0 110
1.0 1.6362691495686952 1.0 1.0 111
-0.7569247817112728 1.0 0.0 1.0 112
0.0 1.7507105952819026 0.0 1.0 113
1.0 0.25681862321065607 1.0 1.0 114
1.755927933325605 1.0 1.0 1.0 115
0.0 0.12549860670121046 0.0 1.0 116
0.0 1.8750993668387006 0.0 1.0 117
1.0 1.8698770725771112 1.0 1.0 118
*** t = 42
0.0 1.9864594790271681 0.0 2.0 18
0.8704893884964794 1.0 1.0 1.0 19
0.0 1.8767057599916321 0.0 2.0 29
0.0 0.2446411428508976 0.0 0.0 30
1.0 0.6258298845279409 1.0 0.0 33
1.0 0.6354894459528666 1.0 0.0 35
1.0 0.019633186801110356 1.0 0.0 45
0.7422563492165999 1.0 0.0 1.0 46
0.0 1.0 -1.0 1.0 48
0.26735958416186256 1.0 0.0 1.0 49
0.0 0.25443729782201574 0.0 0.0 51
1.0 0.5130035088709763 1.0 0.0 55
0.0 1.756104817020348 0.0 2.0 57
1.370572554993158 1.0 2.0 1.0 58
1.2484302309733968 1.0 2.0 1.0 62
0.4994863502571132 1.0 0.0 1.0 63
0.7477071221115974 1.0 0.0 1.0 66
0.0 1.0 0.0 0.0 70
0.0 1.0 1.0 1.0 71
0.0 1.9940279135500312 0.0 2.0 72
1.0 1.0 1.0 0.0 73
1.0 1.0 1.0 0.0 74
0.13695470937243379 1.0 0.0 1.0 75
-0.7432575903923823 1.0 -1.0 1.0 76
0.8822406604677073 1.0 1.0 1.0 77
1.0 1.748221311666621 1.0 2.0 78
1.0 0.1195252299197403 1.0 0.0 79
0.7530741499842918 1.0 1.0 1.0 80
-0.7536606940597259 1.0 -1.0 1.0 81
0.24592462541654903 1.0 0.0 1.0 82
-0.4878273852388411 1.0 -1.0 1.0 83
0.0 0.4997944296113741 0.0 0.0 84
0.5036042050381127 1.0 1.0 1.0 85
0.5003571485822963 1.0 1.0 1.0 86
1.0 0.6273943249159437 1.0 0.0 87
1.0 1.3679573392634041 1.0 2.0 88
0.4973448068694446 1.0 0.0 1.0 89
0.3769874392894881 1.0 1.0 1.0 90
0.12447700833142514 1.0 1.0 1.0 91
0.2639071881351135 1.0 1.0 1.0 92
1.1193453764746284 1.0 2.0 1.0 93
0.0 1.0 0.0 2.0 94
0.0 1.1288290583792149 0.0 2.0 95
0.874555049285819 1.0 0.0 1.0 96
0.8720554876780484 1.0 0.0 1.0 97
0.0 0.9901117598525832 0.0 1.0 98
0.0 1.0053512021667235 0.0 1.0 99
1.0 1.0 0.0 1.0 100
0.0 1.1090165929711477 0.0 1.0 101
0.0 0.7443676459139185 0.0 1.0 102
-0.22106222660680255 1.0 0.0 1.0 103
0.0 1.257298411372156 0.0 1.0 104
1.0 1.240672622627927 1.0 1.0 105
1.0 0.743501897548743 1.0 1.0 106
1.2629432730659271 1.0 1.0 1.0 107
0.0 1.3784423621566182 0.0 1.0 108
0.0 0.5051779200126192 0.0 1.0 109
0.0 1.5137747192326945 0.0 1.0 110
1.0 1.5150255327582602 1.0 1.0 111
-0.6353871725669091 1.0 0.0 1.0 112
0.0 1.626065892922854 0.0 1.0 113
1.0 0.3852279348159841 1.0 1.0 114
1.6338918999884076 1.0 1.0 1.0 115
0.0 0.2509972134024209 0.0 1.0 116
0.0 1.7501987336774012 0.0 1.0 117
1.0 1.7397541451542224 1.0 1.0 118
0.0 1.8724919121529429 0.0 1.0 119
*** t = 43
0.9948450154245478 1.0 1.0 1.0 19
0.0 0.1187479999927139 0.0 0.0 30
1.0 0.5011065127039211 1.0 0.0 33
1.0 0.5139859279371555 1.0 0.0 35
0.6133845238248998 1.0 0.0 1.0 46
-0.12651210906026783 1.0 -1.0 1.0 48
0.14525284818883966 1.0 0.0 1.0 49
0.0 0.13017684745901834 0.0 0.0 51
1.0 0.3912543860887205 1.0 0.0 55
0.0 1.8821222865237393 0.0 2.0 57
1.4940967399908773 1.0 2.0 1.0 58
1.3726453464600952 1.0 2.0 1.0 62
0.3743579378213915 1.0 0.0 1.0 63
0.6215606831673961 1.0 0.0 1.0 66
0.0 0.8783820447662726 0.0 0.0 70
0.12496789204670548 1.0 1.0 1.0 71
1.0 0.8734415750034252 1.0 0.0 73
1.0 0.8749211890646285 1.0 0.0 74
0.01366252499706716 1.0 0.0 1.0 75
-0.8671338554577793 1.0 -1.0 1.0 76
1.0 1.0 1.0 0.0 77
1.0 1.8729248636110578 1.0 2.0 78
0.8785865083150071 1.0 1.0 1.0 80
-0.8792708097363469 1.0 -1.0 1.0 81
0.1202453963193072 1.0 0.0 1.0 82
-0.6097842315485514 1.0 -1.0 1.0 83
0.0 0.37474303701421763 0.0 0.0 84
0.6295052562976409 1.0 1.0 1.0 85
0.6254464357278704 1.0 1.0 1.0 86
1.0 0.5031924332212583 1.0 0.0 87
1.0 1.4906097856845388 1.0 2.0 88
0.37168100858680575 1.0 0.0 1.0 89
0.5026499190526508 1.0 1.0 1.0 90
0.24895401666285027 1.0 1.0 1.0 91
0.39586078220267024 1.0 1.0 1.0 92
1.2386907529492568 1.0 2.0 1.0 93
0.0 1.1224615211091988 0.0 2.0 94
0.0 1.2576581167584298 0.0 2.0 95
0.7491100985716379 1.0 0.0 1.0 96
0.7441109753560968 1.0 0.0 1.0 97
0.0 1.0 -1.0 1.0 98
0.0 1.0 1.0 1.0 99
0.8731005141894466 1.0 0.0 1.0 100
0.0 1.0 0.0 2.0 101
0.0 0.8684289202329049 0.0 1.0 102
-0.091239264374603 1.0 0.0 1.0 103
0.0 1.1335148132675152 0.0 1.0 104
1.0 1.1141180597325815 1.0 1.0 105
1.0 0.8674188804735334 1.0 1.0 106
1.1401004852435817 1.0 1.0 1.0 107
0.0 1.2541308345879418 0.0 1.0 108
0.0 0.631472400015774 0.0 1.0 109
0.0 1.392218399040868 0.0 1.0 110
1.0 1.3937819159478253 1.0 1.0 111
-0.5138495634225455 1.0 0.0 1.0 112
0.0 1.5014211905638053 0.0 1.0 113
1.0 0.5136372464213121 1.0 1.0 114
1.51185586665121 1.0 1.0 1.0 115
0.0 0.37649582010363136 0.0 1.0 116
0.0 1.6252981005161018 0.0 1.0 117
1.0 1.6096312177313337 1.0 1.0 118
0.0 1.7449838243058857 0.0 1.0 119
0.0 0.12698813778688753 0.0 1.0 120
-0.876437700159565 1.0 0.0 1.0 121
0.0 1.8752519338919136 0.0 1.0 122
1.0 1.8698589146816031 1.0 1.0 123
1.0 0.12684419721646573 1.0 1.0 124
1.8767244466240227 1.0 1.0 1.0 125
*** t = 44
1.0 1.0 1.0 0.0 19
1.0 0.3763831408799014 1.0 0.0 33
1.0 0.3924824099214444 1.0 0.0 35
0.4845126984331998 1.0 0.0 1.0 46
-0.25302421812053566 1.0 -1.0 1.0 48
0.023146112215816764 1.0 0.0 1.0 49
0.0 0.005916397096020931 0.0 0.0 51
1.0 0.2695052633064646 1.0 0.0 55
1.6176209249885967 1.0 2.0 1.0 58
1.4968604619467936 1.0 2.0 1.0 62
0.24922952538566975 1.0 0.0 1.0 63
0.4954142442231948 1.0 0.0 1.0 66
0.0 0.7567640895325451 0.0 0.0 70
0.24993578409341097 1.0 1.0 1.0 71
1.0 0.7468831500068505 1.0 0.0 73
1.0 0.7498423781292569 1.0 0.0 74
0.0 1.0 1.0 1.0 75
-0.9910101205231764 1.0 -1.0 1.0 76
1.0 0.8739656199331847 1.0 0.0 77
1.0 1.9976284155554946 1.0 2.0 78
1.0 1.0 2.0 1.0 80
0.0 1.0 1.0 1.0 82
-0.7317410778582617 1.0 -1.0 1.0 83
0.0 0.24969164441706115 0.0 0.0 84
0.7554063075571691 1.0 1.0 1.0 85
0.7505357228734445 1.0 1.0 1.0 86
1.0 0.37899054152657285 1.0 0.0 87
1.0 1.6132622321056735 1.0 2.0 88
0.2460172103041669 1.0 0.0 1.0 89
0.6283123988158135 1.0 1.0 1.0 90
0.3734310249942754 1.0 1.0 1.0 91
0.527814376270227 1.0 1.0 1.0 92
1.3580361294238852 1.0 2.0 1.0 93
0.0 1.2449230422183977 0.0 2.0 94
0.0 1.3864871751376446 0.0 2.0 95
0.6236651478574569 1.0 0.0 1.0 96
0.6161664630341452 1.0 0.0 1.0 97
-0.12376396998157288 1.0 -1.0 1.0 98
0.12433109972915966 1.0 1.0 1.0 99
0.7462010283788931 1.0 0.0 1.0 100
0.0 1.1272833438612646 0.0 2.0 101
0.0 0.9924901945518912 0.0 1.0 102
0.0 1.0 1.0 1.0 103
0.0 1.0097312151628746 0.0 1.0 104
1.0 1.0 0.0 1.0 105
1.0 0.9913358633983239 1.0 1.0 106
1.0172576974212362 1.0 1.0 1.0 107
0.0 1.1298193070192655 0.0 1.0 108
0.0 0.7577668800189288 0.0 1.0 109
0.0 1.2706620788490417 0.0 1.0 110
1.0 1.2725382991373904 1.0 1.0 111
-0.3923119542781819 1.0 0.0 1.0 112
0.0 1.3767764882047566 0.0 1.0 113
1.0 0.6420465580266401 1.0 1.0 114
1.3898198333140126 1.0 1.0 1.0 115
0.0 0.5019944268048419 0.0 1.0 116
0.0 1.5003974673548024 0.0 1.0 117
1.0 1.4795082903084449 1.0 1.0 118
0.0 1.6174757364588286 0.0 1.0 119
0.0 0.25397627557377506 0.0 1.0 120
-0.75287540031913 1.0 0.0 1.0 121
0.0 1.7505038677838272 0.0 1.0 122
1.0 1.7397178293632063 1.0 1.0 123
1.0 0.25368839443293145 1.0 1.0 124
1.7534488932480454 1.0 1.0 1.0 125
0.0 1.879640633161071 0.0 1.0 126
*** t = 45
1.0 0.8756443730719315 1.0 0.0 19
1.0 0.2516597690558816 1.0 0.0 33
1.0 0.2709788919057333 1.0 0.0 35
0.3556408730414997 1.0 0.0 1.0 46
-0.3795363271808035 1.0 -1.0 1.0 48
0.0 1.0 0.0 2.0 49
1.0 0.14775614052420877 1.0 0.0 55
1.741145109986316 1.0 2.0 1.0 58
1.621075577433492 1.0 2.0 1.0 62
0.12410111294994802 1.0 0.0 1.0 63
0.3692678052789935 1.0 0.0 1.0 66
0.0 0.6351461342988177 0.0 0.0 70
0.37490367614011644 1.0 1.0 1.0 71
1.0 0.6203247250102757 1.0 0.0 73
1.0 0.6247635671938854 1.0 0.0 74
0.12329218437536663 1.0 1.0 1.0 75
1.0 0.7479312398663693 1.0 0.0 77
1.1255123583307154 1.0 2.0 1.0 80
0.12567922909724183 1.0 1.0 1.0 82
-0.853697924167972 1.0 -1.0 1.0 83
0.0 0.12464025181990468 0.0 0.0 84
0.8813073588166973 1.0 1.0 1.0 85
0.8756250100190186 1.0 1.0 1.0 86
1.0 0.2547886498318874 1.0 0.0 87
1.0 1.7359146785268083 1.0 2.0 88
0.12035341202152805 1.0 0.0 1.0 89
0.7539748785789762 1.0 1.0 1.0 90
0.49790803332570055 1.0 1.0 1.0 91
0.6597679703377837 1.0 1.0 1.0 92
1.4773815058985136 1.0 2.0 1.0 93
0.0 1.3673845633275965 0.0 2.0 94
0.0 1.5153162335168595 0.0 2.0 95
0.4982201971432758 1.0 0.0 1.0 96
0.4882219507121937 1.0 0.0 1.0 97
-0.24752793996314576 1.0 -1.0 1.0 98
0.24866219945831933 1.0 1.0 1.0 99
0.6193015425683397 1.0 0.0 1.0 100
0.0 1.2545666877225292 0.0 2.0 101
0.0 1.0 -1.0 1.0 102
0.12982296223219955 1.0 1.0 1.0 103
0.0 1.0 1.0 1.0 104
0.8734454371046544 1.0 0.0 1.0 105
1.0 1.0 0.0 1.0 106
1.0 1.0 2.0 1.0 107
0.0 1.0055077794505891 0.0 1.0 108
0.0 0.8840613600220836 0.0 1.0 109
0.0 1.1491057586572153 0.0 1.0 110
1.0 1.1512946823269554 1.0 1.0 111
-0.27077434513381826 1.0 0.0 1.0 112
0.0 1.252131785845708 0.0 1.0 113
1.0 0.7704558696319681 1.0 1.0 114
1.2677837999768151 1.0 1.0 1.0 115
0.0 0.6274930335060523 0.0 1.0 116
0.0 1.375496834193503 0.0 1.0 117
1.0 1.349385362885556 1.0 1.0 118
0.0 1.4899676486117714 0.0 1.0 119
0.0 0.38096441336066256 0.0 1.0 120
-0.629313100478695 1.0 0.0 1.0 121
0.0 1.6257558016757407 0.0 1.0 122
1.0 1.6095767440448094 1.0 1.0 123
1.0 0.3805325916493972 1.0 1.0 124
1.6301733398720681 1.0 1.0 1.0 125
0.0 1.7592812663221422 0.0 1.0 126
0.0 0.12487094816676288 0.0 1.0 127
0.0 1.8734008225865892 0.0 1.0 128
1.0 1.8740538569342986 1.0 1.0 129
*** t = 46
1.0 0.7512887461438631 1.0 0.0 19
1.0 0.12693639723186184 1.0 0.0 33
1.0 0.14947537389002225 1.0 0.0 35
0.22676904764979966 1.0 0.0 1.0 46
-0.5060484362410713 1.0 -1.0 1.0 48
0.0 1.1221067359730228 0.0 2.0 49
1.0 0.026007017741952895 1.0 0.0 55
1.8646692949840353 1.0 2.0 1.0 58
1.7452906929201903 1.0 2.0 1.0 62
0.0 1.0 1.0 1.0 63
0.24312136633479217 1.0 0.0 1.0 66
0.0 0.5135281790650903 0.0 0.0 70
0.49987156818682194 1.0 1.0 1.0 71
1.0 0.49376630001370087 1.0 0.0 73
1.0 0.49968475625851383 1.0 0.0 74
0.24658436875073325 1.0 1.0 1.0 75
1.0 0.621896859799554 1.0 0.0 77
1.2510247166614308 1.0 2.0 1.0 80
0.25135845819448366 1.0 1.0 1.0 82
-0.9756547704776822 1.0 -1.0 1.0 83
1.0 1.0 0.0 1.0 85
1.0 1.0 0.0 1.0 86
1.0 0.130586758137202 1.0 0.0 87
1.0 1.858567124947943 1.0 2.0 88
0.0 1.0 1.0 1.0 89
0.8796373583421389 1.0 1.0 1.0 90
0.6223850416571257 1.0 1.0 1.0 91
0.7917215644053404 1.0 1.0 1.0 92
1.596726882373142 1.0 2.0 1.0 93
0.0 1.4898460844367953 0.0 2.0 94
0.0 1.6441452918960744 0.0 2.0 95
0.37277524642909476 1.0 0.0 1.0 96
0.3602774383902422 1.0 0.0 1.0 97
-0.3712919099447186 1.0 -1.0 1.0 98
0.372993299187479 1.0 1.0 1.0 99
0.49240205675778626 1.0 0.0 1.0 100
0.0 1.3818500315837938 0.0 2.0 101
-0.1240612743189864 1.0 -1.0 1.0 102
0.2596459244643991 1.0 1.0 1.0 103
0.12378359810464072 1.0 1.0 1.0 104
0.7468908742093088 1.0 0.0 1.0 105
0.8760830170752095 1.0 0.0 1.0 106
1.1228427878223455 1.0 2.0 1.0 107
0.0 1.0 -1.0 1.0 108
0.0 1.0 0.0 2.0 109
0.0 1.027549438465389 0.0 1.0 110
1.0 1.0300510655165205 1.0 1.0 111
-0.1492367359894546 1.0 0.0 1.0 112
0.0 1.1274870834866593 0.0 1.0 113
1.0 0.8988651812372961 1.0 1.0 114
1.1457477666396176 1.0 1.0 1.0 115
0.0 0.7529916402072628 0.0 1.0 116
0.0 1.2505962010322036 0.0 1.0 117
1.0 1.2192624354626673 1.0 1.0 118
0.0 1.3624595607647143 0.0 1.0 119
0.0 0.5079525511475501 0.0 1.0 120
-0.5057508006382601 1.0 0.0 1.0 121
0.0 1.5010077355676543 0.0 1.0 122
1.0 1.4794356587264126 1.0 1.0 123
1.0 0.5073767888658629 1.0 1.0 124
1.5068977864960909 1.0 1.0 1.0 125
0.0 1.6389218994832133 0.0 1.0 126
0.0 0.24974189633352575 0.0 1.0 127
0.0 1.7468016451731785 0.0 1.0 128
1.0 1.7481077138685972 1.0 1.0 129
-0.8741740281770324 1.0 0.0 1.0 130
0.0 1.8748851834196607 0.0 1.0 131
1.0 0.12467239520387839 1.0 1.0 132
1.8724699460704228 1.0 1.0 1.0 133
*** t = 47
1.0 0.6269331192157946 1.0 0.0 19
1.0 0.002213025407842073 1.0 0.0 33
1.0 0.02797185587431117 1.0 0.0 35
0.0978972222580996 1.0 0.0 1.0 46
-0.6325605453013392 1.0 -1.0 1.0 48
0.0 1.2442134719460456 0.0 2.0 49
1.9881934799817547 1.0 2.0 1.0 58
1.8695058084068887 1.0 2.0 1.0 62
0.12512841243572173 1.0 1.0 1.0 63
0.11697492739059084 1.0 0.0 1.0 66
0.0 0.39191022383136287 0.0 0.0 70
0.6248394602335274 1.0 1.0 1.0 71
1.0 0.36720787501712604 1.0 0.0 73
1.0 0.3746059453231423 1.0 0.0 74
0.3698765531260999 1.0 1.0 1.0 75
1.0 0.49586247973273867 1.0 0.0 77
1.3765370749921462 1.0 2.0 1.0 80
0.3770376872917255 1.0 1.0 1.0 82
0.8740989487404718 1.0 0.0 1.0 85
0.8749107128544259 1.0 0.0 1.0 86
1.0 0.006384866442516568 1.0 0.0 87
1.0 1.9812195713690777 1.0 2.0 88
0.12566379828263885 1.0 1.0 1.0 89
1.0 1.0 1.0 0.0 90
0.7468620499885509 1.0 1.0 1.0 91
0.923675158472897 1.0 1.0 1.0 92
1.7160722588477704 1.0 2.0 1.0 93
0.0 1.6123076055459942 0.0 2.0 94
0.0 1.7729743502752893 0.0 2.0 95
0.2473302957149137 1.0 0.0 1.0 96
0.23233292606829065 1.0 0.0 1.0 97
-0.4950558799262915 1.0 -1.0 1.0 98
0.49732439891663865 1.0 1.0 1.0 99
0.3655025709472328 1.0 0.0 1.0 100
0.0 1.5091333754450584 0.0 2.0 101
-0.2481225486379728 1.0 -1.0 1.0 102
0.3894688866965986 1.0 1.0 1.0 103
0.24756719620928144 1.0 1.0 1.0 104
0.6203363113139632 1.0 0.0 1.0 105
0.752166034150419 1.0 0.0 1.0 106
1.245685575644691 1.0 2.0 1.0 107
-0.12431152756867635 1.0 -1.0 1.0 108
0.0 1.1262944800031547 0.0 2.0 109
0.0 1.0 1.0 1.0 110
1.0 1.0 1.0 0.0 111
-0.02769912684509096 1.0 0.0 1.0 112
0.0 1.0028423811276106 0.0 1.0 113
1.0 1.0 0.0 1.0 114
1.0237117333024202 1.0 1.0 1.0 115
0.0 0.8784902469084733 0.0 1.0 116
0.0 1.1256955678709042 0.0 1.0 117
1.0 1.0891395080397785 1.0 1.0 118
0.0 1.2349514729176572 0.0 1.0 119
0.0 0.6349406889344377 0.0 1.0 120
-0.38218850079782507 1.0 0.0 1.0 121
0.0 1.376259669459568 0.0 1.0 122
1.0 1.3492945734080157 1.0 1.0 123
1.0 0.6342209860823287 1.0 1.0 124
1.3836222331201136 1.0 1.0 1.0 125
0.0 1.5185625326442844 0.0 1.0 126
0.0 0.37461284450028864 0.0 1.0 127
0.0 1.6202024677597677 0.0 1.0 128
1.0 1.6221615708028958 1.0 1.0 129
-0.7483480563540648 1.0 0.0 1.0 130
0.0 1.7497703668393214 0.0 1.0 131
1.0 0.24934479040775678 1.0 1.0 132
1.7449398921408457 1.0 1.0 1.0 133
0.0 0.11979964796587594 0.0 1.0 134
0.0 1.8743961555166024 0.0 1.0 135
1.0 1.874131000495849 1.0 1.0 136
*** t = 48
1.0 0.5025774922877262 1.0 0.0 19
0.0 1.0 1.0 1.0 46
-0.7590726543616071 1.0 -1.0 1.0 48
0.0 1.3663202079190684 0.0 2.0 49
1.9937209238935871 1.0 2.0 1.0 62
0.25025682487144346 1.0 1.0 1.0 63
0.0 1.0 1.0 1.0 66
0.0 0.27029226859763544 0.0 0.0 70
0.7498073522802329 1.0 1.0 1.0 71
1.0 0.24064945002055121 1.0 0.0 73
1.0 0.24952713438777072 1.0 0.0 74
0.4931687375014665 1.0 1.0 1.0 75
1.0 0.36982809966592334 1.0 0.0 77
1.5020494333228616 1.0 2.0 1.0 80
0.5027169163889673 1.0 1.0 1.0 82
0.7481978974809436 1.0 0.0 1.0 85
0.7498214257088518 1.0 0.0 1.0 86
0.2513275965652777 1.0 1.0 1.0 89
1.0 0.8743375202368373 1.0 0.0 90
0.871339058319976 1.0 1.0 1.0 91
1.0 1.0 1.0 2.0 92
1.8354176353223988 1.0 2.0 1.0 93
0.0 1.734769126655193 0.0 2.0 94
0.0 1.9018034086545041 0.0 2.0 95
0.12188534500073261 1.0 0.0 1.0 96
0.10438841374633911 1.0 0.0 1.0 97
-0.6188198499078644 1.0 -1.0 1.0 98
0.6216554986457983 1.0 1.0 1.0 99
0.23860308513667938 1.0 0.0 1.0 100
0.0 1.636416719306323 0.0 2.0 101
-0.37218382295695923 1.0 -1.0 1.0 102
0.5192918489287982 1.0 1.0 1.0 103
0.37135079431392215 1.0 1.0 1.0 104
0.49378174841861755 1.0 0.0 1.0 105
0.6282490512256286 1.0 0.0 1.0 106
1.3685283634670364 1.0 2.0 1.0 107
-0.2486230551373527 1.0 -1.0 1.0 108
0.0 1.2525889600063094 0.0 2.0 109
0.12155632019182633 1.0 1.0 1.0 110
1.0 0.878756383189565 1.0 0.0 111
0.0 1.0 -1.0 1.0 112
0.0 1.0 1.0 1.0 113
0.871590688394672 1.0 0.0 1.0 114
1.0 1.0 0.0 1.0 115
0.0 1.0 1.0 1.0 116
0.0 1.0007949347096048 0.0 1.0 117
1.0 1.0 1.0 0.0 118
0.0 1.1074433850706 0.0 1.0 119
0.0 0.7619288267213252 0.0 1.0 120
-0.2586262009573901 1.0 0.0 1.0 121
0.0 1.2515116033514815 0.0 1.0 122
1.0 1.2191534880896189 1.0 1.0 123
1.0 0.7610651832987945 1.0 1.0 124
1.2603466797441363 1.0 1.0 1.0 125
0.0 1.3982031658053555 0.0 1.0 126
0.0 0.4994837926670515 0.0 1.0 127
0.0 1.493603290346357 0.0 1.0 128
1.0 1.4962154277371944 1.0 1.0 129
-0.6225220845310971 1.0 0.0 1.0 130
0.0 1.6246555502589821 0.0 1.0 131
1.0 0.37401718561163516 1.0 1.0 132
1.6174098382112685 1.0 1.0 1.0 133
0.0 0.2395992959317519 0.0 1.0 134
0.0 1.7487923110332049 0.0 1.0 135
1.0 1.7482620009916978 1.0 1.0 136
0.0 1.8789027380034469 0.0 1.0 137
*** t = 49
1.0 0.3782218653596577 1.0 0.0 19
0.12887182539170006 1.0 1.0 1.0 46
-0.885584763421875 1.0 -1.0 1.0 48
0.0 1.4884269438920912 0.0 2.0 49
0.3753852373071652 1.0 1.0 1.0 63
0.12614643894420133 1.0 1.0 1.0 66
0.0 0.148674313363908 0.0 0.0 70
0.8747752443269383 1.0 1.0 1.0 71
1.0 0.11409102502397639 1.0 0.0 73
1.0 0.12444832345239915 1.0 0.0 74
0.6164609218768331 1.0 1.0 1.0 75
1.0 0.243793719599108 1.0 0.0 77
1.627561791653577 1.0 2.0 1.0 80
0.6283961454862091 1.0 1.0 1.0 82
0.6222968462214153 1.0 0.0 1.0 85
0.6247321385632777 1.0 0.0 1.0 86
0.37699139484791655 1.0 1.0 1.0 89
1.0 0.7486750404736746 1.0 0.0 90
0.9958160666514012 1.0 1.0 1.0 91
1.0 1.1319535940675567 1.0 2.0 92
1.9547630117970272 1.0 2.0 1.0 93
0.0 1.8572306477643918 0.0 2.0 94
0.0 1.0 1.0 1.0 96
0.0 1.0 0.0 0.0 97
-0.7425838198894373 1.0 -1.0 1.0 98
0.745986598374958 1.0 1.0 1.0 99
0.11170359932612595 1.0 0.0 1.0 100
0.0 1.7637000631675877 0.0 2.0 101
-0.4962450972759456 1.0 -1.0 1.0 102
0.6491148111609978 1.0 1.0 1.0 103
0.4951343924185629 1.0 1.0 1.0 104
0.36722718552327194 1.0 0.0 1.0 105
0.5043320683008381 1.0 0.0 1.0 106
1.491371151289382 1.0 2.0 1.0 107
-0.372934582706029 1.0 -1.0 1.0 108
0.0 1.378883440009464 0.0 2.0 109
0.24311264038365266 1.0 1.0 1.0 110
1.0 0.7575127663791299 1.0 0.0 111
-0.12153760914436365 1.0 -1.0 1.0 112
0.12464470235904869 1.0 1.0 1.0 113
0.743181376789344 1.0 0.0 1.0 114
0.8779639666628024 1.0 0.0 1.0 115
0.12549860670121046 1.0 1.0 1.0 116
0.0 1.0 0.0 0.0 117
1.0 0.8698770725771112 1.0 0.0 118
0.0 1.0 0.0 0.0 119
0.0 0.8889169645082128 0.0 1.0 120
-0.13506390111695513 1.0 0.0 1.0 121
0.0 1.126763537243395 0.0 1.0 122
1.0 1.089012402771222 1.0 1.0 123
1.0 0.8879093805152602 1.0 1.0 124
1.137071126368159 1.0 1.0 1.0 125
0.0 1.2778437989664266 0.0 1.0 126
0.0 0.6243547408338144 0.0 1.0 127
0.0 1.3670041129329462 0.0 1.0 128
1.0 1.370269284671493 1.0 1.0 129
-0.4966961127081295 1.0 0.0 1.0 130
0.0 1.4995407336786428 0.0 1.0 131
1.0 0.49868958081551357 1.0 1.0 132
1.4898797842816913 1.0 1.0 1.0 133
0.0 0.35939894389762783 0.0 1.0 134
0.0 1.6231884665498073 0.0 1.0 135
1.0 1.6223930014875467 1.0 1.0 136
0.0 1.7578054760068937 0.0 1.0 137
0.0 0.1282519351646643 0.0 1.0 138
-0.8748407866620284 1.0 0.0 1.0 139
0.0 1.877748115664095 0.0 1.0 140
1.0 1.8718252034785279 1.0 1.0 141
1.0 0.12000868796342377 1.0 1.0 142
1.8767744222643195 1.0 1.0 1.0 143
*** t = 50
1.0 0.2538662384315892 1.0 0.0 19
0.2577436507834001 1.0 1.0 1.0 46
0.0 1.610533679865114 0.0 2.0 49
0.5005136497428869 1.0 1.0 1.0 63
0.25229287788840266 1.0 1.0 1.0 66
0.0 0.027056358130180536 0.0 0.0 70
0.9997431363736438 1.0 1.0 1.0 71
0.7397531062521997 1.0 1.0 1.0 75
1.0 0.11775933953229267 1.0 0.0 77
1.7530741499842923 1.0 2.0 1.0 80
0.754075374583451 1.0 1.0 1.0 82
0.4963957949618872 1.0 0.0 1.0 85
0.4996428514177036 1.0 0.0 1.0 86
0.5026551931305554 1.0 1.0 1.0 89
1.0 0.6230125607105119 1.0 0.0 90
1.0 1.0 0.0 1.0 91
1.0 1.2639071881351134 1.0 2.0 92
0.0 1.9796921688735907 0.0 2.0 94
0.12544495071418107 1.0 1.0 1.0 96
0.0 0.8720554876780484 0.0 0.0 97
-0.8663477898710102 1.0 -1.0 1.0 98
0.8703176981041176 1.0 1.0 1.0 99
0.0 1.0 0.0 0.0 100
0.0 1.8909834070288523 0.0 2.0 101
-0.6203063715949321 1.0 -1.0 1.0 102
0.7789377733931974 1.0 1.0 1.0 103
0.6189179905232036 1.0 1.0 1.0 104
0.24067262262792635 1.0 0.0 1.0 105
0.3804150853760476 1.0 0.0 1.0 106
1.6142139391117274 1.0 2.0 1.0 107
-0.4972461102747054 1.0 -1.0 1.0 108
0.0 1.5051779200126187 0.0 2.0 109
0.364668960575479 1.0 1.0 1.0 110
1.0 0.6362691495686948 1.0 0.0 111
-0.2430752182887273 1.0 -1.0 1.0 112
0.24928940471809738 1.0 1.0 1.0 113
0.6147720651840161 1.0 0.0 1.0 114
0.7559279333256048 1.0 0.0 1.0 115
0.2509972134024209 1.0 1.0 1.0 116
0.0 0.8750993668387006 0.0 0.0 117
1.0 0.7397541451542224 1.0 0.0 118
0.0 0.8724919121529429 0.0 0.0 119
0.0 1.0 0.0 0.0 120
-0.011501601276520168 1.0 0.0 1.0 121
0.0 1.0020154711353086 0.0 1.0 122
1.0 1.0 2.0 1.0 123
1.0 1.0 2.0 1.0 124
1.0137955729921817 1.0 1.0 1.0 125
0.0 1.1574844321274977 0.0 1.0 126
0.0 0.7492256890005773 0.0 1.0 127
0.0 1.2404049355195355 0.0 1.0 128
1.0 1.2443231416057916 1.0 1.0 129
-0.3708701408851619 1.0 0.0 1.0 130
0.0 1.3744259170983035 0.0 1.0 131
1.0 0.6233619760193919 1.0 1.0 132
1.3623497303521142 1.0 1.0 1.0 133
0.0 0.4791985918635038 0.0 1.0 134
0.0 1.4975846220664097 0.0 1.0 135
1.0 1.4965240019833956 1.0 1.0 136
0.0 1.6367082140103406 0.0 1.0 137
0.0 0.2565038703293286 0.0 1.0 138
-0.7496815733240567 1.0 0.0 1.0 139
0.0 1.7554962313281899 0.0 1.0 140
1.0 1.7436504069570558 1.0 1.0 141
1.0 0.24001737592684755 1.0 1.0 142
1.753548844528639 1.0 1.0 1.0 143
0.0 1.8801788133061985 0.0 1.0 144
*** t = 51
1.0 0.12951061150352067 1.0 0.0 19
0.38661547617510017 1.0 1.0 1.0 46
0.0 1.7326404158381368 0.0 2.0 49
0.6256420621786086 1.0 1.0 1.0 63
0.378439316832604 1.0 1.0 1.0 66
1.0 1.0 1.0 0.0 71
0.8630452906275663 1.0 1.0 1.0 75
1.8785865083150077 1.0 2.0 1.0 80
0.8797546036806928 1.0 1.0 1.0 82
0.370494743702359 1.0 0.0 1.0 85
0.3745535642721295 1.0 0.0 1.0 86
0.6283189914131942 1.0 1.0 1.0 89
1.0 0.4973500809473492 1.0 0.0 90
0.8755229916685748 1.0 0.0 1.0 91
1.0 1.39586078220267 1.0 2.0 92
0.25088990142836215 1.0 1.0 1.0 96
0.0 0.7441109753560968 0.0 0.0 97
-0.9901117598525832 1.0 -1.0 1.0 98
0.9946487978332773 1.0 1.0 1.0 99
0.0 0.8731005141894466 0.0 0.0 100
-0.7443676459139185 1.0 -1.0 1.0 102
0.9087607356253969 1.0 1.0 1.0 103
0.7427015886278443 1.0 1.0 1.0 104
0.11411805973258077 1.0 0.0 1.0 105
0.25649810245125715 1.0 0.0 1.0 106
1.7370567269340729 1.0 2.0 1.0 107
-0.6215576378433817 1.0 -1.0 1.0 108
0.0 1.6314724000157734 0.0 2.0 109
0.4862252807673053 1.0 1.0 1.0 110
1.0 0.5150255327582598 1.0 0.0 111
-0.364612827433091 1.0 -1.0 1.0 112
0.3739341070771461 1.0 1.0 1.0 113
0.486362753578688 1.0 0.0 1.0 114
0.6338918999884072 1.0 0.0 1.0 115
0.37649582010363136 1.0 1.0 1.0 116
0.0 0.7501987336774012 0.0 0.0 117
1.0 0.6096312177313337 1.0 0.0 118
0.0 0.7449838243058857 0.0 0.0 119
0.0 0.8730118622131124 0.0 0.0 120
0.0 1.0 -1.0 1.0 121
0.0 1.0 1.0 1.0 122
1.1301410853183969 1.0 2.0 1.0 123
1.1268441972164658 1.0 2.0 1.0 124
1.0 1.0 2.0 1.0 125
0.0 1.0371250652885688 0.0 1.0 126
0.0 0.8740966371673402 0.0 1.0 127
0.0 1.1138057581061247 0.0 1.0 128
1.0 1.1183769985400902 1.0 1.0 129
-0.24504416906219426 1.0 0.0 1.0 130
0.0 1.2493111005179642 0.0 1.0 131
1.0 0.7480343712232703 1.0 1.0 132
1.234819676422537 1.0 1.0 1.0 133
0.0 0.5989982398293797 0.0 1.0 134
0.0 1.3719807775830122 0.0 1.0 135
1.0 1.3706550024792445 1.0 1.0 136
0.0 1.5156109520137875 0.0 1.0 137
0.0 0.3847558054939929 0.0 1.0 138
-0.6245223599860851 1.0 0.0 1.0 139
0.0 1.6332443469922848 0.0 1.0 140
1.0 1.6154756104355836 1.0 1.0 141
1.0 0.3600260638902713 1.0 1.0 142
1.6303232667929584 1.0 1.0 1.0 143
0.0 1.760357626612397 0.0 1.0 144
0.0 0.13130436842092308 0.0 1.0 145
0.0 1.8733004501359332 0.0 1.0 146
1.0 1.8748541534119894 1.0 1.0 147
*** t = 52
1.0 0.005154984575452173 1.0 0.0 19
0.5154873015668002 1.0 1.0 1.0 46
0.0 1.8547471518111596 0.0 2.0 49
0.7507704746143303 1.0 1.0 1.0 63
0.5045857557768053 1.0 1.0 1.0 66
1.0 0.8750321079532946 1.0 0.0 71
0.9863374750029329 1.0 1.0 1.0 75
1.0 1.0 2.0 1.0 82
0.24459369244283086 1.0 0.0 1.0 85
0.24946427712655542 1.0 0.0 1.0 86
0.7539827896958331 1.0 1.0 1.0 89
1.0 0.37168760118418653 1.0 0.0 90
0.7510459833371497 1.0 0.0 1.0 91
1.0 1.5278143762702268 1.0 2.0 92
0.37633485214254325 1.0 1.0 1.0 96
0.0 0.6161664630341452 0.0 0.0 97
1.0 1.0 0.0 1.0 99
0.0 0.7462010283788931 0.0 0.0 100
-0.8684289202329049 1.0 -1.0 1.0 102
1.0 1.0 0.0 1.0 103
0.866485186732485 1.0 1.0 1.0 104
0.0 1.0 0.0 2.0 105
0.13258111952646667 1.0 0.0 1.0 106
1.8598995147564183 1.0 2.0 1.0 107
-0.745869165412058 1.0 -1.0 1.0 108
0.0 1.7577668800189281 0.0 2.0 109
0.6077816009591317 1.0 1.0 1.0 110
1.0 0.3937819159478248 1.0 0.0 111
-0.4861504365774546 1.0 -1.0 1.0 112
0.49857880943619476 1.0 1.0 1.0 113
0.35795344197336 1.0 0.0 1.0 114
0.5118558666512096 1.0 0.0 1.0 115
0.5019944268048419 1.0 1.0 1.0 116
0.0 0.6252981005161018 0.0 0.0 117
1.0 0.4795082903084449 1.0 0.0 118
0.0 0.6174757364588286 0.0 0.0 119
0.0 0.7460237244262249 0.0 0.0 120
-0.12356229984043496 1.0 -1.0 1.0 121
0.12474806610808642 1.0 1.0 1.0 122
1.2602821706367937 1.0 2.0 1.0 123
1.2536883944329316 1.0 2.0 1.0 124
1.1232755533759773 1.0 2.0 1.0 125
0.0 1.0 0.0 0.0 126
0.0 0.9989675853341031 0.0 1.0 127
0.0 1.0 1.0 1.0 128
1.0 1.0 2.0 1.0 129
-0.11921819723922661 1.0 0.0 1.0 130
0.0 1.124196283937625 0.0 1.0 131
1.0 0.8727067664271487 1.0 1.0 132
1.1072896224929598 1.0 1.0 1.0 133
0.0 0.7187978877952557 0.0 1.0 134
0.0 1.2463769330996146 0.0 1.0 135
1.0 1.2447860029750935 1.0 1.0 136
0.0 1.3945136900172344 0.0 1.0 137
0.0 0.5130077406586572 0.0 1.0 138
-0.49936314664811343 1.0 0.0 1.0 139
0.0 1.5109924626563798 0.0 1.0 140
1.0 1.4873008139141115 1.0 1.0 141
1.0 0.4800347518536951 1.0 1.0 142
1.5070976890572778 1.0 1.0 1.0 143
0.0 1.6405364399185955 0.0 1.0 144
0.0 0.26260873684184616 0.0 1.0 145
0.0 1.7466009002718663 0.0 1.0 146
1.0 1.7497083068239787 1.0 1.0 147
-0.873607272946415 1.0 0.0 1.0 148
0.0 1.8713400960467865 0.0 1.0 149
1.0 0.12422990087036169 1.0 1.0 150
1.8737375932374962 1.0 1.0 1.0 151
*** t = 53
0.6443591269585003 1.0 1.0 1.0 46
0.0 1.9768538877841824 0.0 2.0 49
0.875898887050052 1.0 1.0 1.0 63
0.6307321947210066 1.0 1.0 1.0 66
1.0 0.7500642159065891 1.0 0.0 71
1.0 1.0 0.0 1.0 75
1.125679229097242 1.0 2.0 1.0 82
0.1186926411833027 1.0 0.0 1.0 85
0.12437498998098134 1.0 0.0 1.0 86
0.879646587978472 1.0 1.0 1.0 89
1.0 0.24602512142102384 1.0 0.0 90
0.6265689750057245 1.0 0.0 1.0 91
1.0 1.6597679703377834 1.0 2.0 92
0.5017798028567243 1.0 1.0 1.0 96
0.0 0.4882219507121937 0.0 0.0 97
0.8756689002708403 1.0 0.0 1.0 99
0.0 0.6193015425683397 0.0 0.0 100
-0.9924901945518912 1.0 -1.0 1.0 102
0.8701770377678004 1.0 0.0 1.0 103
0.9902687848371257 1.0 1.0 1.0 104
0.0 1.1265545628953455 0.0 2.0 105
0.008664136601676184 1.0 0.0 1.0 106
1.9827423025787638 1.0 2.0 1.0 107
-0.8701806929807344 1.0 -1.0 1.0 108
0.0 1.8840613600220828 0.0 2.0 109
0.7293379211509581 1.0 1.0 1.0 110
1.0 0.2725382991373898 1.0 0.0 111
-0.6076880457218182 1.0 -1.0 1.0 112
0.6232235117952435 1.0 1.0 1.0 113
0.22954413036803195 1.0 0.0 1.0 114
0.38981983331401204 1.0 0.0 1.0 115
0.6274930335060523 1.0 1.0 1.0 116
0.0 0.5003974673548024 0.0 0.0 117
1.0 0.3493853628855561 1.0 0.0 118
0.0 0.48996764861177144 0.0 0.0 119
0.0 0.6190355866393373 0.0 0.0 120
-0.24712459968086992 1.0 -1.0 1.0 121
0.24949613221617284 1.0 1.0 1.0 122
1.3904232559551906 1.0 2.0 1.0 123
1.3805325916493973 1.0 2.0 1.0 124
1.2465511067519546 1.0 2.0 1.0 125
0.0 0.8796406331610711 0.0 0.0 126
0.0 1.0 1.0 1.0 127
0.12659917741341076 1.0 1.0 1.0 128
1.1259461430657014 1.0 2.0 1.0 129
0.0 1.0 -1.0 1.0 130
0.0 1.0 0.0 2.0 131
1.0 0.9973791616310271 1.0 1.0 132
1.0 1.0 0.0 1.0 133
0.0 0.8385975357611316 0.0 1.0 134
0.0 1.120773088616217 0.0 1.0 135
1.0 1.1189170034709424 1.0 1.0 136
0.0 1.2734164280206812 0.0 1.0 137
0.0 0.6412596758233214 0.0 1.0 138
-0.3742039333101418 1.0 0.0 1.0 139
0.0 1.3887405783204747 0.0 1.0 140
1.0 1.3591260173926394 1.0 1.0 141
1.0 0.6000434398171188 1.0 1.0 142
1.3838721113215973 1.0 1.0 1.0 143
0.0 1.520715253224794 0.0 1.0 144
0.0 0.39391310526276924 0.0 1.0 145
0.0 1.6199013504077995 0.0 1.0 146
1.0 1.624562460235968 1.0 1.0 147
-0.7472145458928301 1.0 0.0 1.0 148
0.0 1.742680192093573 0.0 1.0 149
1.0 0.24845980174072338 1.0 1.0 150
1.7474751864749924 1.0 1.0 1.0 151
0.0 0.12565545888390697 0.0 1.0 152
0.0 1.8746904451692556 0.0 1.0 153
1.0 1.8696924846219232 1.0 1.0 154
*** t = 54
0.7732309523502003 1.0 1.0 1.0 46
1.0 1.0 0.0 1.0 63
0.7568786336652079 1.0 1.0 1.0 66
1.0 0.6250963238598837 1.0 0.0 71
0.8767078156246334 1.0 0.0 1.0 75
1.2513584581944839 1.0 2.0 1.0 82
0.0 1.0 0.0 2.0 85
0.0 1.0 0.0 0.0 86
1.0 1.0 0.0 1.0 89
1.0 0.12036264165786115 1.0 0.0 90
0.5020919666742993 1.0 0.0 1.0 91
1.0 1.7917215644053401 1.0 2.0 92
0.6272247535709053 1.0 1.0 1.0 96
0.0 0.3602774383902422 0.0 0.0 97
0.7513378005416806 1.0 0.0 1.0 99
0.0 0.49240205675778626 0.0 0.0 100
0.7403540755356008 1.0 0.0 1.0 103
1.0 1.0 2.0 1.0 104
0.0 1.253109125790691 0.0 2.0 105
0.0 1.0 0.0 2.0 106
-0.9944922205494108 1.0 -1.0 1.0 108
0.8508942413427845 1.0 1.0 1.0 110
1.0 0.1512946823269548 1.0 0.0 111
-0.7292256548661818 1.0 -1.0 1.0 112
0.7478682141542922 1.0 1.0 1.0 113
0.10113481876270392 1.0 0.0 1.0 114
0.26778379997681445 1.0 0.0 1.0 115
0.7529916402072628 1.0 1.0 1.0 116
0.0 0.37549683419350305 0.0 0.0 117
1.0 0.21926243546266733 1.0 0.0 118
0.0 0.3624595607647143 0.0 0.0 119
0.0 0.4920474488524498 0.0 0.0 120
-0.37068689952130485 1.0 -1.0 1.0 121
0.37424419832425926 1.0 1.0 1.0 122
1.5205643412735874 1.0 2.0 1.0 123
1.5073767888658631 1.0 2.0 1.0 124
1.3698266601279319 1.0 2.0 1.0 125
0.0 0.7592812663221422 0.0 0.0 126
0.12487094816676288 1.0 1.0 1.0 127
0.2531983548268215 1.0 1.0 1.0 128
1.2518922861314028 1.0 2.0 1.0 129
-0.12582597182296765 1.0 -1.0 1.0 130
0.0 1.1251148165803393 0.0 2.0 131
1.0 1.0 1.0 0.0 132
0.8724699460704228 1.0 0.0 1.0 133
0.0 0.9583971837270076 0.0 1.0 134
0.0 1.0 1.0 1.0 135
1.0 1.0 1.0 0.0 136
0.0 1.152319166024128 0.0 1.0 137
0.0 0.7695116109879857 0.0 1.0 138
-0.24904471997217015 1.0 0.0 1.0 139
0.0 1.2664886939845696 0.0 1.0 140
1.0 1.2309512208711673 1.0 1.0 141
1.0 0.7200521277805426 1.0 1.0 142
1.2606465335859167 1.0 1.0 1.0 143
0.0 1.4008940665309926 0.0 1.0 144
0.0 0.5252174736836923 0.0 1.0 145
0.0 1.4932018005437326 0.0 1.0 146
1.0 1.4994166136479574 1.0 1.0 147
-0.6208218188392451 1.0 0.0 1.0 148
0.0 1.6140202881403596 0.0 1.0 149
1.0 0.3726897026110851 1.0 1.0 150
1.6212127797124887 1.0 1.0 1.0 151
0.0 0.25131091776781395 0.0 1.0 152
0.0 1.7493808903385113 0.0 1.0 153
1.0 1.7393849692438463 1.0 1.0 154
0.0 1.8768856000079146 0.0 1.0 155
*** t = 55
0.9021027777419004 1.0 1.0 1.0 46
0.8748715875642783 1.0 0.0 1.0 63
0.8830250726094092 1.0 1.0 1.0 66
1.0 0.5001284318131782 1.0 0.0 71
0.7534156312492668 1.0 0.0 1.0 75
1.3770376872917258 1.0 2.0 1.0 82
0.0 1.1259010512595282 0.0 2.0 85
0.0 0.8749107128544259 0.0 0.0 86
0.8743362017173612 1.0 0.0 1.0 89
0.3776149583428742 1.0 0.0 1.0 91
1.0 1.9236751584728968 1.0 2.0 92
0.7526697042850864 1.0 1.0 1.0 96
0.0 0.23233292606829065 0.0 0.0 97
0.627006700812521 1.0 0.0 1.0 99
0.0 0.3655025709472328 0.0 0.0 100
0.6105311133034013 1.0 0.0 1.0 103
1.1237835981046407 1.0 2.0 1.0 104
0.0 1.3796636886860365 0.0 2.0 105
0.0 1.1239169829247906 0.0 2.0 106
0.9724505615346108 1.0 1.0 1.0 110
1.0 0.0300510655165198 1.0 0.0 111
-0.8507632640105455 1.0 -1.0 1.0 112
0.8725129165133408 1.0 1.0 1.0 113
0.0 1.0 -1.0 1.0 114
0.14574776663961686 1.0 0.0 1.0 115
0.8784902469084733 1.0 1.0 1.0 116
0.0 0.2505962010322037 0.0 0.0 117
1.0 0.08913950803977855 1.0 0.0 118
0.0 0.23495147291765717 0.0 0.0 119
0.0 0.3650593110655622 0.0 0.0 120
-0.49424919936173983 1.0 -1.0 1.0 121
0.4989922644323457 1.0 1.0 1.0 122
1.6507054265919843 1.0 2.0 1.0 123
1.634220986082329 1.0 2.0 1.0 124
1.4931022135039091 1.0 2.0 1.0 125
0.0 0.6389218994832133 0.0 0.0 126
0.24974189633352575 1.0 1.0 1.0 127
0.37979753224023227 1.0 1.0 1.0 128
1.3778384291971042 1.0 2.0 1.0 129
-0.2516519436459353 1.0 -1.0 1.0 130
0.0 1.2502296331606786 0.0 2.0 131
1.0 0.8753276047961216 1.0 0.0 132
0.7449398921408457 1.0 0.0 1.0 133
0.0 1.0 0.0 2.0 134
0.12560384448339748 1.0 1.0 1.0 135
1.0 0.8741310004958488 1.0 0.0 136
0.0 1.031221904027575 0.0 1.0 137
0.0 0.89776354615265 0.0 1.0 138
-0.1238855066341985 1.0 0.0 1.0 139
0.0 1.1442368096486646 0.0 1.0 140
1.0 1.1027764243496951 1.0 1.0 141
1.0 0.8400608157439664 1.0 1.0 142
1.1374209558502362 1.0 1.0 1.0 143
0.0 1.281072879837191 0.0 1.0 144
0.0 0.6565218421046154 0.0 1.0 145
0.0 1.3665022506796658 0.0 1.0 146
1.0 1.3742707670599468 1.0 1.0 147
-0.49442909178566014 1.0 0.0 1.0 148
0.0 1.485360384187146 0.0 1.0 149
1.0 0.49691960348144676 1.0 1.0 150
1.494950372949985 1.0 1.0 1.0 151
0.0 0.37696637665172095 0.0 1.0 152
0.0 1.624071335507767 0.0 1.0 153
1.0 1.6090774538657695 1.0 1.0 154
0.0 1.7537712000158292 0.0 1.0 155
0.0 0.13038480603350794 0.0 1.0 156
-0.8751179000890713 1.0 0.0 1.0 157
0.0 1.870880974157124 0.0 1.0 158
1.0 1.876637425557264 1.0 1.0 159
1.0 0.1244906162231718 1.0 1.0 160
1.8746099221353387 1.0 1.0 1.0 161
*** t = 56
1.0 1.0 2.0 1.0 46
0.7497431751285566 1.0 0.0 1.0 63
1.0 1.0 1.0 2.0 66
1.0 0.37516053976647273 1.0 0.0 71
0.6301234468739002 1.0 0.0 1.0 75
1.5027169163889678 1.0 2.0 1.0 82
0.0 1.2518021025190564 0.0 2.0 85
0.0 0.7498214257088518 0.0 0.0 86
0.7486724034347223 1.0 0.0 1.0 89
0.253137950011449 1.0 0.0 1.0 91
0.8781146549992674 1.0 1.0 1.0 96
0.0 0.10438841374633911 0.0 0.0 97
0.5026756010833613 1.0 0.0 1.0 99
0.0 0.23860308513667938 0.0 0.0 100
0.4807081510712017 1.0 0.0 1.0 103
1.2475671962092814 1.0 2.0 1.0 104
0.0 1.506218251581382 0.0 2.0 105
0.0 1.2478339658495812 0.0 2.0 106
1.0 1.0 1.0 2.0 110
-0.9723008731549091 1.0 -1.0 1.0 112
0.9971576188723895 1.0 1.0 1.0 113
-0.12840931160532804 1.0 -1.0 1.0 114
0.02371173330241927 1.0 0.0 1.0 115
1.0 1.0 1.0 0.0 116
0.0 0.12569556787090436 0.0 0.0 117
0.0 0.10744338507060003 0.0 0.0 119
0.0 0.2380711732786747 0.0 0.0 120
-0.6178114992021748 1.0 -1.0 1.0 121
0.6237403305404321 1.0 1.0 1.0 122
1.7808465119103811 1.0 2.0 1.0 123
1.7610651832987947 1.0 2.0 1.0 124
1.6163777668798864 1.0 2.0 1.0 125
0.0 0.5185625326442844 0.0 0.0 126
0.37461284450028864 1.0 1.0 1.0 127
0.506396709653643 1.0 1.0 1.0 128
1.5037845722628056 1.0 2.0 1.0 129
-0.37747791546890297 1.0 -1.0 1.0 130
0.0 1.3753444497410179 0.0 2.0 131
1.0 0.7506552095922432 1.0 0.0 132
0.6174098382112685 1.0 0.0 1.0 133
0.0 1.119799647965876 0.0 2.0 134
0.25120768896679496 1.0 1.0 1.0 135
1.0 0.7482620009916976 1.0 0.0 136
0.0 1.0 0.0 2.0 137
0.0 1.0 1.0 1.0 138
0.0 1.0 -1.0 1.0 139
0.0 1.0219849253127595 0.0 1.0 140
1.0 1.0 0.0 1.0 141
1.0 0.9600695037073902 1.0 1.0 142
1.0141953781145556 1.0 1.0 1.0 143
0.0 1.1612516931433896 0.0 1.0 144
0.0 0.7878262105255385 0.0 1.0 145
0.0 1.239802700815599 0.0 1.0 146
1.0 1.2491249204719361 1.0 1.0 147
-0.3680363647320751 1.0 0.0 1.0 148
0.0 1.3567004802339326 0.0 1.0 149
1.0 0.6211495043518085 1.0 1.0 150
1.3686879661874811 1.0 1.0 1.0 151
0.0 0.5026218355356279 0.0 1.0 152
0.0 1.4987617806770226 0.0 1.0 153
1.0 1.4787699384876927 1.0 1.0 154
0.0 1.6306568000237438 0.0 1.0 155
0.0 0.2607696120670159 0.0 1.0 156
-0.7502358001781426 1.0 0.0 1.0 157
0.0 1.741761948314248 0.0 1.0 158
1.0 1.753274851114528 1.0 1.0 159
1.0 0.2489812324463436 1.0 1.0 160
1.7492198442706774 1.0 1.0 1.0 161
0.0 1.8738839640691662 0.0 1.0 162
*** t = 57
1.1288718253917 1.0 2.0 1.0 46
0.6246147626928349 1.0 0.0 1.0 63
1.0 1.1261464389442013 1.0 2.0 66
1.0 0.25019264771976724 1.0 0.0 71
0.5068312624985336 1.0 0.0 1.0 75
1.6283961454862097 1.0 2.0 1.0 82
0.0 1.3777031537785847 0.0 2.0 85
0.0 0.6247321385632777 0.0 0.0 86
0.6230086051520835 1.0 0.0 1.0 89
0.12866094168002387 1.0 0.0 1.0 91
1.0 1.0 1.0 0.0 96
0.3783445013542016 1.0 0.0 1.0 99
0.0 0.11170359932612595 0.0 0.0 100
0.3508851888390021 1.0 0.0 1.0 103
1.371350794313922 1.0 2.0 1.0 104
0.0 1.6327728144767275 0.0 2.0 105
0.0 1.3717509487743718 0.0 2.0 106
1.0 1.1215563201918264 1.0 2.0 110
1.0 1.0 0.0 1.0 113
-0.25681862321065607 1.0 -1.0 1.0 114
0.0 1.0 -1.0 1.0 115
1.0 0.8745013932987895 1.0 0.0 116
0.0 0.0007949347096050108 0.0 0.0 117
0.0 0.11108303549178716 0.0 0.0 120
-0.7413737990426098 1.0 -1.0 1.0 121
0.7484883966485185 1.0 1.0 1.0 122
1.910987597228778 1.0 2.0 1.0 123
1.8879093805152605 1.0 2.0 1.0 124
1.7396533202558637 1.0 2.0 1.0 125
0.0 0.39820316580535553 0.0 0.0 126
0.4994837926670515 1.0 1.0 1.0 127
0.6329958870670538 1.0 1.0 1.0 128
1.629730715328507 1.0 2.0 1.0 129
-0.5033038872918706 1.0 -1.0 1.0 130
0.0 1.5004592663213572 0.0 2.0 131
1.0 0.6259828143883648 1.0 0.0 132
0.4898797842816914 1.0 0.0 1.0 133
0.0 1.239599295931752 0.0 2.0 134
0.37681153345019247 1.0 1.0 1.0 135
1.0 0.6223930014875464 1.0 0.0 136
0.0 1.1210972619965531 0.0 2.0 137
0.1282519351646643 1.0 1.0 1.0 138
-0.12515921333797164 1.0 -1.0 1.0 139
0.0 1.0 -1.0 1.0 140
0.8718252034785278 1.0 0.0 1.0 141
1.0 1.0 1.0 0.0 142
1.0 1.0 0.0 1.0 143
0.0 1.0414305064495881 0.0 1.0 144
0.0 0.9191305789464616 0.0 1.0 145
0.0 1.1131031509515321 0.0 1.0 146
1.0 1.1239790738839255 1.0 1.0 147
-0.24164363767849012 1.0 0.0 1.0 148
0.0 1.2280405762807192 0.0 1.0 149
1.0 0.7453794052221702 1.0 1.0 150
1.2424255594249773 1.0 1.0 1.0 151
0.0 0.6282772944195348 0.0 1.0 152
0.0 1.3734522258462782 0.0 1.0 153
1.0 1.3484624231096158 1.0 1.0 154
0.0 1.5075424000316584 0.0 1.0 155
0.0 0.3911544181005238 0.0 1.0 156
-0.6253537002672139 1.0 0.0 1.0 157
0.0 1.6126429224713719 0.0 1.0 158
1.0 1.629912276671792 1.0 1.0 159
1.0 0.3734718486695154 1.0 1.0 160
1.6238297664060162 1.0 1.0 1.0 161
0.0 1.7477679281383325 0.0 1.0 162
0.0 0.12880807093041877 0.0 1.0 163
0.0 1.8738015470966687 0.0 1.0 164
1.0 1.8691648789833717 1.0 1.0 165
*** t = 58
1.2577436507834001 1.0 2.0 1.0 46
0.4994863502571132 1.0 0.0 1.0 63
1.0 1.2522928778884026 1.0 2.0 66
1.0 0.12522475567306174 1.0 0.0 71
0.383539078123167 1.0 0.0 1.0 75
1.7540753745834516 1.0 2.0 1.0 82
0.0 1.5036042050381129 0.0 2.0 85
0.0 0.4996428514177036 0.0 0.0 86
0.4973448068694446 1.0 0.0 1.0 89
0.004183933348598734 1.0 0.0 1.0 91
1.0 0.874555049285819 1.0 0.0 96
0.25401340162504193 1.0 0.0 1.0 99
0.22106222660680255 1.0 0.0 1.0 103
1.4951343924185627 1.0 2.0 1.0 104
0.0 1.759327377372073 0.0 2.0 105
0.0 1.4956679316991623 0.0 2.0 106
1.0 1.2431126403836528 1.0 2.0 110
0.8753552976409513 1.0 0.0 1.0 113
-0.3852279348159841 1.0 -1.0 1.0 114
-0.12203603333719759 1.0 -1.0 1.0 115
1.0 0.749002786597579 1.0 0.0 116
-0.8649360988830448 1.0 -1.0 1.0 121
0.8732364627566049 1.0 1.0 1.0 122
1.862928873631841 1.0 2.0 1.0 125
0.0 0.27784379896642664 0.0 0.0 126
0.6243547408338144 1.0 1.0 1.0 127
0.7595950644804645 1.0 1.0 1.0 128
1.7556768583942084 1.0 2.0 1.0 129
-0.6291298591148382 1.0 -1.0 1.0 130
0.0 1.6255740829016965 0.0 2.0 131
1.0 0.5013104191844864 1.0 0.0 132
0.36234973035211426 1.0 0.0 1.0 133
0.0 1.3593989438976282 0.0 2.0 134
0.5024153779335899 1.0 1.0 1.0 135
1.0 0.4965240019833952 1.0 0.0 136
0.0 1.2421945239931063 0.0 2.0 137
0.2565038703293286 1.0 1.0 1.0 138
-0.2503184266759433 1.0 -1.0 1.0 139
-0.12225188433590514 1.0 -1.0 1.0 140
0.7436504069570555 1.0 0.0 1.0 141
1.0 0.8799913120365762 1.0 0.0 142
0.8767744222643196 1.0 0.0 1.0 143
0.0 1.0 0.0 0.0 144
0.0 1.0 -1.0 1.0 145
0.0 1.0 1.0 1.0 146
1.0 1.0 0.0 1.0 147
-0.11525091062490511 1.0 0.0 1.0 148
0.0 1.0993806723275057 0.0 1.0 149
1.0 0.8696093060925318 1.0 1.0 150
1.1161631526624736 1.0 1.0 1.0 151
0.0 0.7539327533034418 0.0 1.0 152
0.0 1.2481426710155339 0.0 1.0 153
1.0 1.218154907731539 1.0 1.0 154
0.0 1.384428000039573 0.0 1.0 155
0.0 0.5215392241340318 0.0 1.0 156
-0.5004716003562852 1.0 0.0 1.0 157
0.0 1.4835238966284958 0.0 1.0 158
1.0 1.506549702229056 1.0 1.0 159
1.0 0.4979624648926872 1.0 1.0 160
1.498439688541355 1.0 1.0 1.0 161
0.0 1.6216518922074987 0.0 1.0 162
0.0 0.25761614186083753 0.0 1.0 163
0.0 1.7476030941933374 0.0 1.0 164
1.0 1.7383297579667434 1.0 1.0 165
-0.8735074652739069 1.0 0.0 1.0 166
0.0 1.87039934398309 0.0 1.0 167
1.0 0.12518653069479938 1.0 1.0 168
1.8755032004245056 1.0 1.0 1.0 169
*** t = 59
1.3866154761751002 1.0 2.0 1.0 46
0.3743579378213915 1.0 0.0 1.0 63
1.0 1.378439316832604 1.0 2.0 66
1.0 0.0002568636263562546 1.0 0.0 71
0.2602468937478004 1.0 0.0 1.0 75
1.8797546036806936 1.0 2.0 1.0 82
0.0 1.629505256297641 0.0 2.0 85
0.0 0.3745535642721295 0.0 0.0 86
0.37168100858680575 1.0 0.0 1.0 89
0.0 1.0 1.0 1.0 91
1.0 0.7491100985716379 1.0 0.0 96
0.12968230189588226 1.0 0.0 1.0 99
0.091239264374603 1.0 0.0 1.0 103
1.6189179905232034 1.0 2.0 1.0 104
0.0 1.8858819402674185 0.0 2.0 105
0.0 1.619584914623953 0.0 2.0 106
1.0 1.3646689605754792 1.0 2.0 110
0.7507105952819026 1.0 0.0 1.0 113
-0.5136372464213121 1.0 -1.0 1.0 114
-0.24407206667439518 1.0 -1.0 1.0 115
1.0 0.6235041798963685 1.0 0.0 116
-0.9884983987234798 1.0 -1.0 1.0 121
0.9979845288646914 1.0 1.0 1.0 122
1.9862044270078183 1.0 2.0 1.0 125
0.0 0.15748443212749774 0.0 0.0 126
0.7492256890005773 1.0 1.0 1.0 127
0.8861942418938753 1.0 1.0 1.0 128
1.8816230014599098 1.0 2.0 1.0 129
-0.7549558309378058 1.0 -1.0 1.0 130
0.0 1.7506888994820358 0.0 2.0 131
1.0 0.37663802398060797 1.0 0.0 132
0.23481967642253715 1.0 0.0 1.0 133
0.0 1.4791985918635042 0.0 2.0 134
0.6280192224169874 1.0 1.0 1.0 135
1.0 0.370655002479244 1.0 0.0 136
0.0 1.3632917859896594 0.0 2.0 137
0.3847558054939929 1.0 1.0 1.0 138
-0.3754776400139149 1.0 -1.0 1.0 139
-0.24450376867181028 1.0 -1.0 1.0 140
0.6154756104355833 1.0 0.0 1.0 141
1.0 0.7599826240731524 1.0 0.0 142
0.7535488445286391 1.0 0.0 1.0 143
0.0 0.8801788133061984 0.0 0.0 144
-0.13130436842092308 1.0 -1.0 1.0 145
0.12669954986406687 1.0 1.0 1.0 146
0.8748541534119892 1.0 0.0 1.0 147
0.0 1.0 0.0 0.0 148
0.0 1.0 1.0 1.0 149
1.0 0.9938392069628935 1.0 1.0 150
1.0 1.0 0.0 1.0 151
0.0 0.8795882121873487 0.0 1.0 152
0.0 1.1228331161847895 0.0 1.0 153
1.0 1.0878473923534622 1.0 1.0 154
0.0 1.2613136000474876 0.0 1.0 155
0.0 0.6519240301675397 0.0 1.0 156
-0.37558950044535655 1.0 0.0 1.0 157
0.0 1.3544048707856198 0.0 1.0 158
1.0 1.38318712778632 1.0 1.0 159
1.0 0.622453081115859 1.0 1.0 160
1.3730496106766936 1.0 1.0 1.0 161
0.0 1.495535856276665 0.0 1.0 162
0.0 0.38642421279125627 0.0 1.0 163
0.0 1.621404641290006 0.0 1.0 164
1.0 1.607494636950115 1.0 1.0 165
-0.7470149305478138 1.0 0.0 1.0 166
0.0 1.7407986879661799 0.0 1.0 167
1.0 0.25037306138959875 1.0 1.0 168
1.7510064008490112 1.0 1.0 1.0 169
0.0 0.12682917472061508 0.0 1.0 170
0.0 1.8740317227346 0.0 1.0 171
1.0 1.8722898655163283 1.0 1.0 172
*** t = 60
1.5154873015668002 1.0 2.0 1.0 46
0.24922952538566975 1.0 0.0 1.0 63
1.0 1.5045857557768052 1.0 2.0 66
0.13695470937243379 1.0 0.0 1.0 75
0.0 1.7554063075571693 0.0 2.0 85
0.0 0.24946427712655542 0.0 0.0 86
0.2460172103041669 1.0 0.0 1.0 89
0.12447700833142514 1.0 1.0 1.0 91
1.0 0.6236651478574569 1.0 0.0 96
0.005351202166722593 1.0 0.0 1.0 99
0.0 1.0 0.0 2.0 103
1.742701588627844 1.0 2.0 1.0 104
0.0 1.7435018975487435 0.0 2.0 106
1.0 1.4862252807673055 1.0 2.0 110
0.626065892922854 1.0 0.0 1.0 113
-0.6420465580266401 1.0 -1.0 1.0 114
-0.3661081000115928 1.0 -1.0 1.0 115
1.0 0.49800557319515804 1.0 0.0 116
1.0 1.0 0.0 1.0 122
0.0 0.03712506528856886 0.0 0.0 126
0.8740966371673402 1.0 1.0 1.0 127
1.0 1.0 0.0 1.0 128
-0.8807818027607734 1.0 -1.0 1.0 130
0.0 1.875803716062375 0.0 2.0 131
1.0 0.25196562877672957 1.0 0.0 132
0.10728962249296004 1.0 0.0 1.0 133
0.0 1.5989982398293803 0.0 2.0 134
0.7536230669003848 1.0 1.0 1.0 135
1.0 0.24478600297509281 1.0 0.0 136
0.0 1.4843890479862125 0.0 2.0 137
0.5130077406586572 1.0 1.0 1.0 138
-0.5006368533518866 1.0 -1.0 1.0 139
-0.3667556530077154 1.0 -1.0 1.0 140
0.48730081391411106 1.0 0.0 1.0 141
1.0 0.6399739361097286 1.0 0.0 142
0.6303232667929587 1.0 0.0 1.0 143
0.0 0.7603576266123968 0.0 0.0 144
-0.26260873684184616 1.0 -1.0 1.0 145
0.25339909972813374 1.0 1.0 1.0 146
0.7497083068239785 1.0 0.0 1.0 147
0.0 0.873607272946415 0.0 0.0 148
0.12865990395321344 1.0 1.0 1.0 149
1.0 1.0 0.0 1.0 150
0.8737375932374961 1.0 0.0 1.0 151
0.0 1.0 1.0 1.0 152
0.0 1.0 1.0 1.0 153
1.0 1.0 1.0 2.0 154
0.0 1.1381992000554022 0.0 1.0 155
0.0 0.7823088362010477 0.0 1.0 156
-0.25070740053442786 1.0 0.0 1.0 157
0.0 1.2252858449427437 0.0 1.0 158
1.0 1.259824553343584 1.0 1.0 159
1.0 0.7469436973390308 1.0 1.0 160
1.2476595328120323 1.0 1.0 1.0 161
0.0 1.3694198203458312 0.0 1.0 162
0.0 0.5152322837216751 0.0 1.0 163
0.0 1.4952061883866747 0.0 1.0 164
1.0 1.4766595159334868 1.0 1.0 165
-0.6205223958217206 1.0 0.0 1.0 166
0.0 1.6111980319492698 0.0 1.0 167
1.0 0.37555959208439815 1.0 1.0 168
1.6265096012735167 1.0 1.0 1.0 169
0.0 0.25365834944123017 0.0 1.0 170
0.0 1.7480634454692 0.0 1.0 171
1.0 1.7445797310326565 1.0 1.0 172
0.0 1.8786176108963715 0.0 1.0 173
*** t = 61
1.6443591269585003 1.0 2.0 1.0 46
0.12410111294994802 1.0 0.0 1.0 63
1.0 1.6307321947210065 1.0 2.0 66
0.01366252499706716 1.0 0.0 1.0 75
0.0 1.8813073588166975 0.0 2.0 85
0.0 0.12437498998098134 0.0 0.0 86
0.12035341202152805 1.0 0.0 1.0 89
0.24895401666285027 1.0 1.0 1.0 91
1.0 0.4982201971432758 1.0 0.0 96
0.0 1.0 1.0 1.0 99
0.0 1.1298229622321996 0.0 2.0 103
1.8664851867324848 1.0 2.0 1.0 104
0.0 1.867418880473534 0.0 2.0 106
1.0 1.607781600959132 1.0 2.0 110
0.5014211905638053 1.0 0.0 1.0 113
-0.7704558696319681 1.0 -1.0 1.0 114
-0.48814413334879037 1.0 -1.0 1.0 115
1.0 0.37250696649394754 1.0 0.0 116
0.8752519338919136 1.0 0.0 1.0 122
0.9989675853341031 1.0 1.0 1.0 127
0.8734008225865892 1.0 0.0 1.0 128
1.0 0.12729323357285116 1.0 0.0 132
0.0 1.0 1.0 1.0 133
0.0 1.7187978877952563 0.0 2.0 134
0.8792269113837823 1.0 1.0 1.0 135
1.0 0.11891700347094164 1.0 0.0 136
0.0 1.6054863099827656 0.0 2.0 137
0.6412596758233214 1.0 1.0 1.0 138
-0.6257960666898582 1.0 -1.0 1.0 139
-0.48900753734362057 1.0 -1.0 1.0 140
0.35912601739263883 1.0 0.0 1.0 141
1.0 0.5199652481463048 1.0 0.0 142
0.5070976890572783 1.0 0.0 1.0 143
0.0 0.6405364399185952 0.0 0.0 144
-0.39391310526276924 1.0 -1.0 1.0 145
0.38009864959220063 1.0 1.0 1.0 146
0.6245624602359677 1.0 0.0 1.0 147
0.0 0.7472145458928301 0.0 0.0 148
0.2573198079064269 1.0 1.0 1.0 149
0.8757700991296383 1.0 0.0 1.0 150
0.7474751864749922 1.0 0.0 1.0 151
0.12565545888390697 1.0 1.0 1.0 152
0.1253095548307443 1.0 1.0 1.0 153
1.0 1.1303075153780768 1.0 2.0 154
0.0 1.0150848000633168 0.0 1.0 155
0.0 0.9126936422345557 0.0 1.0 156
-0.12582530062349914 1.0 0.0 1.0 157
0.0 1.0961668190998677 0.0 1.0 158
1.0 1.1364619789008479 1.0 1.0 159
1.0 0.8714343135622026 1.0 1.0 160
1.122269454947371 1.0 1.0 1.0 161
0.0 1.2433037844149974 0.0 1.0 162
0.0 0.6440403546520939 0.0 1.0 163
0.0 1.3690077354833434 0.0 1.0 164
1.0 1.3458243949168585 1.0 1.0 165
-0.4940298610956275 1.0 0.0 1.0 166
0.0 1.4815973759323597 0.0 1.0 167
1.0 0.5007461227791975 1.0 1.0 168
1.5020128016980223 1.0 1.0 1.0 169
0.0 0.3804875241618453 0.0 1.0 170
0.0 1.6220951682037998 0.0 1.0 171
1.0 1.6168695965489848 1.0 1.0 172
0.0 1.757235221792743 0.0 1.0 173
0.0 0.12434519364128903 0.0 1.0 174
-0.8732422081990296 1.0 0.0 1.0 175
0.0 1.876625579506301 0.0 1.0 176
1.0 1.877008032844218 1.0 1.0 177
1.0 0.12431852409596435 1.0 1.0 178
1.8700264610730326 1.0 1.0 1.0 179
*** t = 62
1.7732309523502003 1.0 2.0 1.0 46
0.0 1.0 1.0 1.0 63
1.0 1.7568786336652078 1.0 2.0 66
0.0 1.0 -1.0 1.0 75
0.0 1.0 0.0 2.0 89
0.3734310249942754 1.0 1.0 1.0 91
1.0 0.37277524642909476 1.0 0.0 96
0.12433109972915966 1.0 1.0 1.0 99
0.0 1.2596459244643992 0.0 2.0 103
1.9902687848371254 1.0 2.0 1.0 104
0.0 1.9913358633983247 0.0 2.0 106
1.0 1.7293379211509583 1.0 2.0 110
0.3767764882047566 1.0 0.0 1.0 113
-0.8988651812372961 1.0 -1.0 1.0 114
-0.610180166685988 1.0 -1.0 1.0 115
1.0 0.24700835979273708 1.0 0.0 116
0.7505038677838272 1.0 0.0 1.0 122
1.0 1.0 2.0 1.0 127
0.7468016451731785 1.0 0.0 1.0 128
1.0 0.0026208383689727693 1.0 0.0 132
0.12753005392957711 1.0 1.0 1.0 133
0.0 1.8385975357611324 0.0 2.0 134
1.0 1.0 0.0 1.0 135
0.0 1.7265835719793188 0.0 2.0 137
0.7695116109879857 1.0 1.0 1.0 138
-0.7509552800278299 1.0 -1.0 1.0 139
-0.6112594216795257 1.0 -1.0 1.0 140
0.23095122087116662 1.0 0.0 1.0 141
1.0 0.39995656018288106 1.0 0.0 142
0.3838721113215978 1.0 0.0 1.0 143
0.0 0.5207152532247936 0.0 0.0 144
-0.5252174736836923 1.0 -1.0 1.0 145
0.5067981994562675 1.0 1.0 1.0 146
0.499416613647957 1.0 0.0 1.0 147
0.0 0.6208218188392451 0.0 0.0 148
0.3859797118596403 1.0 1.0 1.0 149
0.7515401982592766 1.0 0.0 1.0 150
0.6212127797124883 1.0 0.0 1.0 151
0.25131091776781395 1.0 1.0 1.0 152
0.2506191096614886 1.0 1.0 1.0 153
1.0 1.2606150307561537 1.0 2.0 154
0.0 1.0 -1.0 1.0 155
0.0 1.0 1.0 1.0 156
-0.0009432007125704245 1.0 0.0 1.0 157
0.0 1.0 1.0 1.0 158
1.0 1.0130994044581119 1.0 1.0 159
1.0 0.9959249297853744 1.0 1.0 160
1.0 1.0 0.0 1.0 161
0.0 1.1171877484841637 0.0 1.0 162
0.0 0.7728484255825127 0.0 1.0 163
0.0 1.242809282580012 0.0 1.0 164
1.0 1.2149892739002301 1.0 1.0 165
-0.3675373263695344 1.0 0.0 1.0 166
0.0 1.3519967199154497 0.0 1.0 167
1.0 0.6259326534739968 1.0 1.0 168
1.377516002122528 1.0 1.0 1.0 169
0.0 0.5073166988824603 0.0 1.0 170
0.0 1.4961268909383998 0.0 1.0 171
1.0 1.489159462065313 1.0 1.0 172
0.0 1.6358528326891144 0.0 1.0 173
0.0 0.24869038728257806 0.0 1.0 174
-0.7464844163980593 1.0 0.0 1.0 175
0.0 1.7532511590126019 0.0 1.0 176
1.0 1.754016065688436 1.0 1.0 177
1.0 0.2486370481919287 1.0 1.0 178
1.7400529221460652 1.0 1.0 1.0 179
0.0 1.8749663570588473 0.0 1.0 180
*** t = 63
1.9021027777419004 1.0 2.0 1.0 46
0.12512841243572173 1.0 1.0 1.0 63
1.0 1.883025072609409 1.0 2.0 66
-0.12329218437536663 1.0 -1.0 1.0 75
0.0 1.125663798282639 0.0 2.0 89
0.49790803332570055 1.0 1.0 1.0 91
1.0 0.2473302957149137 1.0 0.0 96
0.24866219945831933 1.0 1.0 1.0 99
0.0 1.3894688866965987 0.0 2.0 103
1.0 1.8508942413427847 1.0 2.0 110
0.25213178584570795 1.0 0.0 1.0 113
-0.7322162000231855 1.0 -1.0 1.0 115
1.0 0.12150975309152662 1.0 0.0 116
0.6257558016757407 1.0 0.0 1.0 122
1.124870948166763 1.0 2.0 1.0 127
0.6202024677597677 1.0 0.0 1.0 128
0.25506010785915423 1.0 1.0 1.0 133
0.0 1.9583971837270084 0.0 2.0 134
0.8743961555166025 1.0 0.0 1.0 135
0.0 1.847680833975872 0.0 2.0 137
0.89776354615265 1.0 1.0 1.0 138
-0.8761144933658015 1.0 -1.0 1.0 139
-0.7335113060154309 1.0 -1.0 1.0 140
0.10277642434969442 1.0 0.0 1.0 141
1.0 0.27994787221945727 1.0 0.0 142
0.2606465335859174 1.0 0.0 1.0 143
0.0 0.400894066530992 0.0 0.0 144
-0.6565218421046154 1.0 -1.0 1.0 145
0.6334977493203343 1.0 1.0 1.0 146
0.3742707670599462 1.0 0.0 1.0 147
0.0 0.49442909178566014 0.0 0.0 148
0.5146396158128538 1.0 1.0 1.0 149
0.627310297388915 1.0 0.0 1.0 150
0.49495037294998445 1.0 0.0 1.0 151
0.37696637665172095 1.0 1.0 1.0 152
0.3759286644922329 1.0 1.0 1.0 153
1.0 1.3909225461342305 1.0 2.0 154
-0.12311439999208529 1.0 -1.0 1.0 155
0.13038480603350794 1.0 1.0 1.0 156
0.0 1.0 1.0 1.0 157
0.1291190258428761 1.0 1.0 1.0 158
1.0 1.0 1.0 0.0 159
1.0 1.0 1.0 2.0 160
0.8746099221353387 1.0 0.0 1.0 161
0.0 1.0 -1.0 1.0 162
0.0 0.9016564965129314 0.0 1.0 163
0.0 1.1166108296766808 0.0 1.0 164
1.0 1.0841541528836018 1.0 1.0 165
-0.24104479164344128 1.0 0.0 1.0 166
0.0 1.2223960638985396 0.0 1.0 167
1.0 0.7511191841687962 1.0 1.0 168
1.2530192025470335 1.0 1.0 1.0 169
0.0 0.6341458736030754 0.0 1.0 170
0.0 1.3701586136729997 0.0 1.0 171
1.0 1.3614493275816413 1.0 1.0 172
0.0 1.5144704435854859 0.0 1.0 173
0.0 0.37303558092386707 0.0 1.0 174
-0.6197266245970889 1.0 0.0 1.0 175
0.0 1.6298767385189028 0.0 1.0 176
1.0 1.631024098532654 1.0 1.0 177
1.0 0.37295557228789306 1.0 1.0 178
1.6100793832190978 1.0 1.0 1.0 179
0.0 1.7499327141176946 0.0 1.0 180
0.0 0.1254887474994536 0.0 1.0 181
0.0 1.8785892207839567 0.0 1.0 182
1.0 1.8735388076126078 1.0 1.0 183
*** t = 64
0.25025682487144346 1.0 1.0 1.0 63
-0.24658436875073325 1.0 -1.0 1.0 75
0.0 1.251327596565278 0.0 2.0 89
0.6223850416571257 1.0 1.0 1.0 91
1.0 0.12188534500073261 1.0 0.0 96
0.372993299187479 1.0 1.0 1.0 99
0.0 1.5192918489287983 0.0 2.0 103
1.0 1.972450561534611 1.0 2.0 110
0.12748708348665927 1.0 0.0 1.0 113
-0.8542522333603831 1.0 -1.0 1.0 115
0.5010077355676543 1.0 0.0 1.0 122
1.2497418963335258 1.0 2.0 1.0 127
0.49360329034635697 1.0 0.0 1.0 128
0.38259016178873134 1.0 1.0 1.0 133
0.7487923110332051 1.0 0.0 1.0 135
0.0 1.968778095972425 0.0 2.0 137
1.0 1.0 0.0 1.0 138
-0.8557631903513361 1.0 -1.0 1.0 140
0.0 1.0 1.0 1.0 141
1.0 0.15993918425603348 1.0 0.0 142
0.13742095585023692 1.0 0.0 1.0 143
0.0 0.2810728798371904 0.0 0.0 144
-0.7878262105255385 1.0 -1.0 1.0 145
0.7601972991844012 1.0 1.0 1.0 146
0.2491249204719355 1.0 0.0 1.0 147
0.0 0.3680363647320751 0.0 0.0 148
0.6432995197660673 1.0 1.0 1.0 149
0.5030803965185533 1.0 0.0 1.0 150
0.36868796618748056 1.0 0.0 1.0 151
0.5026218355356279 1.0 1.0 1.0 152
0.5012382193229772 1.0 1.0 1.0 153
1.0 1.5212300615123073 1.0 2.0 154
-0.24622879998417058 1.0 -1.0 1.0 155
0.2607696120670159 1.0 1.0 1.0 156
0.12488209991092872 1.0 1.0 1.0 157
0.2582380516857522 1.0 1.0 1.0 158
1.0 0.8766374255572639 1.0 0.0 159
1.0 1.1244906162231718 1.0 2.0 160
0.7492198442706774 1.0 0.0 1.0 161
-0.12611603593083381 1.0 -1.0 1.0 162
0.0 1.0 1.0 1.0 163
0.0 1.0 0.0 0.0 164
1.0 1.0 0.0 1.0 165
-0.11455225691734816 1.0 0.0 1.0 166
0.0 1.0927954078816295 0.0 1.0 167
1.0 0.8763057148635955 1.0 1.0 168
1.128522402971539 1.0 1.0 1.0 169
0.0 0.7609750483236905 0.0 1.0 170
0.0 1.2441903364075997 0.0 1.0 171
1.0 1.2337391930979695 1.0 1.0 172
0.0 1.3930880544818574 0.0 1.0 173
0.0 0.4973807745651561 0.0 1.0 174
-0.4929688327961186 1.0 0.0 1.0 175
0.0 1.5065023180252037 0.0 1.0 176
1.0 1.508032131376872 1.0 1.0 177
1.0 0.4972740963838574 1.0 1.0 178
1.4801058442921304 1.0 1.0 1.0 179
0.0 1.6248990711765419 0.0 1.0 180
0.0 0.2509774949989072 0.0 1.0 181
0.0 1.7571784415679135 0.0 1.0 182
1.0 1.7470776152252157 1.0 1.0 183
-0.8790089172569264 1.0 0.0 1.0 184
0.0 1.8724966042075881 0.0 1.0 185
1.0 0.1241735266683553 1.0 1.0 186
1.8745530467307572 1.0 1.0 1.0 187
*** t = 65
0.3753852373071652 1.0 1.0 1.0 63
-0.3698765531260999 1.0 -1.0 1.0 75
0.0 1.3769913948479169 0.0 2.0 89
0.7468620499885509 1.0 1.0 1.0 91
0.49732439891663865 1.0 1.0 1.0 99
0.0 1.649114811160998 0.0 2.0 103
0.00284238112761058 1.0 0.0 1.0 113
-0.9762882666975807 1.0 -1.0 1.0 115
0.3762596694595679 1.0 0.0 1.0 122
1.3746128445002888 1.0 2.0 1.0 127
0.3670041129329462 1.0 0.0 1.0 128
0.5101202157183085 1.0 1.0 1.0 133
0.6231884665498076 1.0 0.0 1.0 135
0.8717480648353357 1.0 0.0 1.0 138
-0.9780150746872412 1.0 -1.0 1.0 140
0.1281747965214722 1.0 1.0 1.0 141
1.0 0.03993049629260971 1.0 0.0 142
0.014195378114556456 1.0 0.0 1.0 143
0.0 0.16125169314338886 0.0 0.0 144
-0.9191305789464616 1.0 -1.0 1.0 145
0.886896849048468 1.0 1.0 1.0 146
0.12397907388392476 1.0 0.0 1.0 147
0.0 0.24164363767849012 0.0 0.0 148
0.7719594237192807 1.0 1.0 1.0 149
0.3788504956481916 1.0 0.0 1.0 150
0.24242555942497668 1.0 0.0 1.0 151
0.6282772944195348 1.0 1.0 1.0 152
0.6265477741537215 1.0 1.0 1.0 153
1.0 1.6515375768903842 1.0 2.0 154
-0.36934319997625586 1.0 -1.0 1.0 155
0.3911544181005238 1.0 1.0 1.0 156
0.24976419982185744 1.0 1.0 1.0 157
0.3873570775286283 1.0 1.0 1.0 158
1.0 0.7532748511145277 1.0 0.0 159
1.0 1.2489812324463436 1.0 2.0 160
0.6238297664060162 1.0 0.0 1.0 161
-0.25223207186166763 1.0 -1.0 1.0 162
0.12880807093041877 1.0 1.0 1.0 163
0.0 0.8738015470966687 0.0 0.0 164
0.8691648789833717 1.0 0.0 1.0 165
0.0 1.0 -1.0 1.0 166
0.0 1.0 0.0 0.0 167
1.0 1.0 1.0 2.0 168
1.0040256033960446 1.0 1.0 1.0 169
0.0 0.8878042230443055 0.0 1.0 170
0.0 1.1182220591421996 0.0 1.0 171
1.0 1.1060290586142978 1.0 1.0 172
0.0 1.2717056653782288 0.0 1.0 173
0.0 0.6217259682064451 0.0 1.0 174
-0.36621104099514823 1.0 0.0 1.0 175
0.0 1.3831278975315047 0.0 1.0 176
1.0 1.38504016422109 1.0 1.0 177
1.0 0.6215926204798218 1.0 1.0 178
1.350132305365163 1.0 1.0 1.0 179
0.0 1.4998654282353892 0.0 1.0 180
0.0 0.3764662424983608 0.0 1.0 181
0.0 1.6357676623518702 0.0 1.0 182
1.0 1.6206164228378235 1.0 1.0 183
-0.7580178345138529 1.0 0.0 1.0 184
0.0 1.7449932084151762 0.0 1.0 185
1.0 0.2483470533367106 1.0 1.0 186
1.7491060934615144 1.0 1.0 1.0 187
0.0 0.12251037213386239 0.0 1.0 188
0.0 1.8767616888585517 0.0 1.0 189
1.0 1.8799415768519603 1.0 1.0 190
*** t = 66
0.5005136497428869 1.0 1.0 1.0 63
-0.4931687375014665 1.0 -1.0 1.0 75
0.0 1.5026551931305558 0.0 2.0 89
0.871339058319976 1.0 1.0 1.0 91
0.6216554986457983 1.0 1.0 1.0 99
0.0 1.7789377733931975 0.0 2.0 103
0.0 1.0 -1.0 1.0 113
0.2515116033514815 1.0 0.0 1.0 122
1.4994837926670517 1.0 2.0 1.0 127
0.24040493551953546 1.0 0.0 1.0 128
0.6376502696478856 1.0 1.0 1.0 133
0.4975846220664102 1.0 0.0 1.0 135
0.7434961296706715 1.0 0.0 1.0 138
0.2563495930429444 1.0 1.0 1.0 141
0.0 1.0 0.0 2.0 143
0.0 0.04143050644958729 0.0 0.0 144
1.0 1.0 1.0 0.0 146
0.0 1.0 1.0 1.0 147
0.0 0.11525091062490511 0.0 0.0 148
0.9006193276724942 1.0 1.0 1.0 149
0.25462059477782994 1.0 0.0 1.0 150
0.11616315266247279 1.0 0.0 1.0 151
0.7539327533034418 1.0 1.0 1.0 152
0.7518573289844659 1.0 1.0 1.0 153
1.0 1.781845092268461 1.0 2.0 154
-0.49245759996834115 1.0 -1.0 1.0 155
0.5215392241340318 1.0 1.0 1.0 156
0.3746462997327862 1.0 1.0 1.0 157
0.5164761033715044 1.0 1.0 1.0 158
1.0 0.6299122766717916 1.0 0.0 159
1.0 1.3734718486695154 1.0 2.0 160
0.4984396885413549 1.0 0.0 1.0 161
-0.37834810779250144 1.0 -1.0 1.0 162
0.25761614186083753 1.0 1.0 1.0 163
0.0 0.7476030941933374 0.0 0.0 164
0.7383297579667434 1.0 0.0 1.0 165
-0.12649253472609312 1.0 -1.0 1.0 166
0.0 0.87039934398309 0.0 0.0 167
1.0 1.1251865306947995 1.0 2.0 168
1.0 1.0 2.0 1.0 169
0.0 1.0 -1.0 1.0 170
0.0 1.0 0.0 2.0 171
1.0 1.0 0.0 1.0 172
0.0 1.1503232762746003 0.0 1.0 173
0.0 0.7460711618477341 0.0 1.0 174
-0.2394532491941779 1.0 0.0 1.0 175
0.0 1.2597534770378056 0.0 1.0 176
1.0 1.2620481970653081 1.0 1.0 177
1.0 0.7459111445757861 1.0 1.0 178
1.2201587664381957 1.0 1.0 1.0 179
0.0 1.3748317852942364 0.0 1.0 180
0.0 0.5019549899978144 0.0 1.0 181
0.0 1.514356883135827 0.0 1.0 182
1.0 1.4941552304504313 1.0 1.0 183
-0.6370267517707793 1.0 0.0 1.0 184
0.0 1.6174898126227644 0.0 1.0 185
1.0 0.3725205800050659 1.0 1.0 186
1.6236591401922715 1.0 1.0 1.0 187
0.0 0.24502074426772477 0.0 1.0 188
0.0 1.7535233777171033 0.0 1.0 189
1.0 1.7598831537039206 1.0 1.0 190
0.0 1.876457868817532 0.0 1.0 191
*** t = 67
0.6256420621786086 1.0 1.0 1.0 63
-0.6164609218768331 1.0 -1.0 1.0 75
0.0 1.6283189914131948 0.0 2.0 89
0.9958160666514012 1.0 1.0 1.0 91
0.745986598374958 1.0 1.0 1.0 99
0.0 1.908760735625397 0.0 2.0 103
-0.12464470235904869 1.0 -1.0 1.0 113
0.12676353724339506 1.0 0.0 1.0 122
1.6243547408338146 1.0 2.0 1.0 127
0.1138057581061247 1.0 0.0 1.0 128
0.7651803235774628 1.0 1.0 1.0 133
0.37198077758301273 1.0 0.0 1.0 135
0.6152441945060072 1.0 0.0 1.0 138
0.3845243895644166 1.0 1.0 1.0 141
0.0 1.1232255777356805 0.0 2.0 143
1.0 0.8733004501359332 1.0 0.0 146
0.12514584658801073 1.0 1.0 1.0 147
1.0 1.0 0.0 1.0 149
0.13039069390746827 1.0 0.0 1.0 150
0.0 1.0 1.0 1.0 151
0.8795882121873487 1.0 1.0 1.0 152
0.8771668838152102 1.0 1.0 1.0 153
1.0 1.9121526076465378 1.0 2.0 154
-0.6155719999604264 1.0 -1.0 1.0 155
0.6519240301675397 1.0 1.0 1.0 156
0.49952839964371487 1.0 1.0 1.0 157
0.6455951292143804 1.0 1.0 1.0 158
1.0 0.5065497022290555 1.0 0.0 159
1.0 1.4979624648926873 1.0 2.0 160
0.3730496106766936 1.0 0.0 1.0 161
-0.5044641437233353 1.0 -1.0 1.0 162
0.38642421279125627 1.0 1.0 1.0 163
0.0 0.621404641290006 0.0 0.0 164
0.6074946369501151 1.0 0.0 1.0 165
-0.25298506945218624 1.0 -1.0 1.0 166
0.0 0.7407986879661801 0.0 0.0 167
1.0 1.250373061389599 1.0 2.0 168
1.1244967995754944 1.0 2.0 1.0 169
-0.12682917472061508 1.0 -1.0 1.0 170
0.0 1.1259682772654 0.0 2.0 171
0.8722898655163281 1.0 0.0 1.0 172
0.0 1.0289408871709718 0.0 1.0 173
0.0 0.8704163554890232 0.0 1.0 174
-0.11269545739320758 1.0 0.0 1.0 175
0.0 1.1363790565441065 0.0 1.0 176
1.0 1.1390562299095262 1.0 1.0 177
1.0 0.8702296686717504 1.0 1.0 178
1.0901852275112283 1.0 1.0 1.0 179
0.0 1.2497981423530837 0.0 1.0 180
0.0 0.627443737497268 0.0 1.0 181
0.0 1.3929461039197837 0.0 1.0 182
1.0 1.3676940380630391 1.0 1.0 183
-0.5160356690277057 1.0 0.0 1.0 184
0.0 1.4899864168303525 0.0 1.0 185
1.0 0.4966941066734212 1.0 1.0 186
1.4982121869230287 1.0 1.0 1.0 187
0.0 0.36753111640158714 0.0 1.0 188
0.0 1.630285066575655 0.0 1.0 189
1.0 1.6398247305558808 1.0 1.0 190
0.0 1.752915737635064 0.0 1.0 191
0.0 0.12417828661405297 0.0 1.0 192
-0.8751715133838842 1.0 0.0 1.0 193
0.0 1.8766791668278364 0.0 1.0 194
1.0 1.874369996346922 1.0 1.0 195
1.0 0.12961907173394438 1.0 1.0 196
1.8734069938528557 1.0 1.0 1.0 197
*** t = 68
0.7507704746143303 1.0 1.0 1.0 63
-0.7397531062521997 1.0 -1.0 1.0 75
0.0 1.7539827896958338 0.0 2.0 89
1.0 1.0 1.0 0.0 91
0.8703176981041176 1.0 1.0 1.0 99
-0.24928940471809738 1.0 -1.0 1.0 113
0.002015471135308644 1.0 0.0 1.0 122
1.7492256890005775 1.0 2.0 1.0 127
0.0 1.0 1.0 1.0 128
0.89271037750704 1.0 1.0 1.0 133
0.24637693309961525 1.0 0.0 1.0 135
0.48699225934134294 1.0 0.0 1.0 138
0.5126991860858888 1.0 1.0 1.0 141
0.0 1.246451155471361 0.0 2.0 143
1.0 0.7466009002718663 1.0 0.0 146
0.25029169317602146 1.0 1.0 1.0 147
0.8713400960467865 1.0 0.0 1.0 149
0.0061607930371065794 1.0 0.0 1.0 150
0.1262624067625039 1.0 1.0 1.0 151
1.0 1.0 2.0 1.0 152
1.0 1.0 1.0 0.0 153
-0.7386863999525117 1.0 -1.0 1.0 155
0.7823088362010477 1.0 1.0 1.0 156
0.6244104995546436 1.0 1.0 1.0 157
0.7747141550572565 1.0 1.0 1.0 158
1.0 0.38318712778631936 1.0 0.0 159
1.0 1.622453081115859 1.0 2.0 160
0.24765953281203237 1.0 0.0 1.0 161
-0.630580179654169 1.0 -1.0 1.0 162
0.5152322837216751 1.0 1.0 1.0 163
0.0 0.4952061883866747 0.0 0.0 164
0.4766595159334867 1.0 0.0 1.0 165
-0.37947760417827936 1.0 -1.0 1.0 166
0.0 0.6111980319492701 0.0 0.0 167
1.0 1.3755595920843984 1.0 2.0 168
1.2489935991509888 1.0 2.0 1.0 169
-0.25365834944123017 1.0 -1.0 1.0 170
0.0 1.2519365545308 0.0 2.0 171
0.7445797310326563 1.0 0.0 1.0 172
0.0 1.0 0.0 2.0 173
0.0 0.9947615491303122 0.0 1.0 174
0.0 1.0 1.0 1.0 175
0.0 1.0130046360504075 0.0 1.0 176
1.0 1.0160642627537442 1.0 1.0 177
1.0 0.9945481927677148 1.0 1.0 178
1.0 1.0 1.0 2.0 179
0.0 1.124764499411931 0.0 1.0 180
0.0 0.7529324849967216 0.0 1.0 181
0.0 1.2715353247037404 0.0 1.0 182
1.0 1.241232845675647 1.0 1.0 183
-0.3950445862846322 1.0 0.0 1.0 184
0.0 1.3624830210379406 0.0 1.0 185
1.0 0.6208676333417764 1.0 1.0 186
1.3727652336537859 1.0 1.0 1.0 187
0.0 0.49004148853544954 0.0 1.0 188
0.0 1.5070467554342066 0.0 1.0 189
1.0 1.5197663074078411 1.0 1.0 190
0.0 1.6293736064525959 0.0 1.0 191
0.0 0.24835657322810595 0.0 1.0 192
-0.7503430267677684 1.0 0.0 1.0 193
0.0 1.7533583336556728 0.0 1.0 194
1.0 1.748739992693844 1.0 1.0 195
1.0 0.25923814346788876 1.0 1.0 196
1.7468139877057114 1.0 1.0 1.0 197
0.0 1.8683055360253231 0.0 1.0 198
*** t = 69
0.875898887050052 1.0 1.0 1.0 63
-0.8630452906275663 1.0 -1.0 1.0 75
0.0 1.8796465879784727 0.0 2.0 89
1.0 0.8755229916685748 1.0 0.0 91
0.9946487978332773 1.0 1.0 1.0 99
-0.3739341070771461 1.0 -1.0 1.0 113
0.0 1.0 1.0 1.0 122
1.8740966371673404 1.0 2.0 1.0 127
0.12659917741341076 1.0 1.0 1.0 128
1.0 1.0 0.0 1.0 133
0.12077308861621777 1.0 0.0 1.0 135
0.35874032417667867 1.0 0.0 1.0 138
0.6408739826073611 1.0 1.0 1.0 141
0.0 1.3696767332070416 0.0 2.0 143
1.0 0.6199013504077995 1.0 0.0 146
0.37543753976403216 1.0 1.0 1.0 147
0.742680192093573 1.0 0.0 1.0 149
0.0 1.0 1.0 1.0 150
0.2525248135250078 1.0 1.0 1.0 151
1.125655458883907 1.0 2.0 1.0 152
1.0 0.8746904451692556 1.0 0.0 153
-0.861800799944597 1.0 -1.0 1.0 155
0.9126936422345557 1.0 1.0 1.0 156
0.7492925994655723 1.0 1.0 1.0 157
0.9038331809001325 1.0 1.0 1.0 158
1.0 0.25982455334358323 1.0 0.0 159
1.0 1.7469436973390309 1.0 2.0 160
0.12226945494737113 1.0 0.0 1.0 161
-0.7566962155850028 1.0 -1.0 1.0 162
0.6440403546520939 1.0 1.0 1.0 163
0.0 0.3690077354833433 0.0 0.0 164
0.34582439491685835 1.0 0.0 1.0 165
-0.5059701389043725 1.0 -1.0 1.0 166
0.0 0.4815973759323602 0.0 0.0 167
1.0 1.5007461227791978 1.0 2.0 168
1.3734903987264833 1.0 2.0 1.0 169
-0.3804875241618453 1.0 -1.0 1.0 170
0.0 1.3779048317962002 0.0 2.0 171
0.6168695965489844 1.0 0.0 1.0 172
0.0 1.1213823891036285 0.0 2.0 173
0.0 1.0 -1.0 1.0 174
0.12675779180097033 1.0 1.0 1.0 175
0.0 1.0 0.0 0.0 176
1.0 1.0 2.0 1.0 177
1.0 1.0 1.0 0.0 178
1.0 1.1299735389269674 1.0 2.0 179
0.0 1.0 1.0 1.0 180
0.0 0.8784212324961752 0.0 1.0 181
0.0 1.1501245454876972 0.0 1.0 182
1.0 1.1147716532882548 1.0 1.0 183
-0.27405350354155866 1.0 0.0 1.0 184
0.0 1.2349796252455287 0.0 1.0 185
1.0 0.7450411600101317 1.0 1.0 186
1.247318280384543 1.0 1.0 1.0 187
0.0 0.6125518606693119 0.0 1.0 188
0.0 1.3838084442927583 0.0 1.0 189
1.0 1.3997078842598014 1.0 1.0 190
0.0 1.5058314752701278 0.0 1.0 191
0.0 0.37253485984215895 0.0 1.0 192
-0.6255145401516526 1.0 0.0 1.0 193
0.0 1.6300375004835093 0.0 1.0 194
1.0 1.623109989040766 1.0 1.0 195
1.0 0.38885721520183314 1.0 1.0 196
1.620220981558567 1.0 1.0 1.0 197
0.0 1.7366110720506462 0.0 1.0 198
0.0 0.12620495238689908 0.0 1.0 199
0.0 1.8721590135957709 0.0 1.0 200
1.0 1.8750368516550262 1.0 1.0 201
*** t = 70
1.0 1.0 0.0 1.0 63
-0.9863374750029329 1.0 -1.0 1.0 75
1.0 0.7510459833371497 1.0 0.0 91
1.0 1.0 1.0 2.0 99
-0.49857880943619476 1.0 -1.0 1.0 113
0.12474806610808642 1.0 1.0 1.0 122
1.9989675853341033 1.0 2.0 1.0 127
0.2531983548268215 1.0 1.0 1.0 128
0.8724699460704228 1.0 0.0 1.0 133
0.0 1.0 -1.0 1.0 135
0.23048838901201438 1.0 0.0 1.0 138
0.7690487791288333 1.0 1.0 1.0 141
0.0 1.4929023109427222 0.0 2.0 143
1.0 0.49320180054373264 1.0 0.0 146
0.5005833863520429 1.0 1.0 1.0 147
0.6140202881403596 1.0 0.0 1.0 149
0.12422990087036169 1.0 1.0 1.0 150
0.37878722028751166 1.0 1.0 1.0 151
1.251310917767814 1.0 2.0 1.0 152
1.0 0.7493808903385113 1.0 0.0 153
-0.9849151999366823 1.0 -1.0 1.0 155
1.0 1.0 1.0 2.0 156
0.8741746993765009 1.0 1.0 1.0 157
1.0 1.0 0.0 1.0 158
1.0 0.13646197890084713 1.0 0.0 159
1.0 1.8714343135622027 1.0 2.0 160
0.0 1.0 0.0 0.0 161
-0.8828122515158365 1.0 -1.0 1.0 162
0.7728484255825127 1.0 1.0 1.0 163
0.0 0.24280928258001194 0.0 0.0 164
0.21498927390022998 1.0 0.0 1.0 165
-0.6324626736304656 1.0 -1.0 1.0 166
0.0 0.35199671991545023 0.0 0.0 167
1.0 1.6259326534739973 1.0 2.0 168
1.4979871983019777 1.0 2.0 1.0 169
-0.5073166988824603 1.0 -1.0 1.0 170
0.0 1.5038731090616002 0.0 2.0 171
0.4891594620653126 1.0 0.0 1.0 172
0.0 1.242764778207257 0.0 2.0 173
-0.12434519364128903 1.0 -1.0 1.0 174
0.25351558360194065 1.0 1.0 1.0 175
0.0 0.8766255795063009 0.0 0.0 176
1.122991967155782 1.0 2.0 1.0 177
1.0 0.8756814759040357 1.0 0.0 178
1.0 1.2599470778539348 1.0 2.0 179
0.1250336429411527 1.0 1.0 1.0 180
0.0 1.0 1.0 1.0 181
0.0 1.028713766271654 0.0 1.0 182
1.0 1.0 0.0 1.0 183
-0.15306242079848514 1.0 0.0 1.0 184
0.0 1.1074762294531169 0.0 1.0 185
1.0 0.8692146866784869 1.0 1.0 186
1.1218713271153002 1.0 1.0 1.0 187
0.0 0.7350622328031743 0.0 1.0 188
0.0 1.26057013315131 0.0 1.0 189
1.0 1.2796494611117617 1.0 1.0 190
0.0 1.3822893440876598 0.0 1.0 191
0.0 0.4967131464562119 0.0 1.0 192
-0.5006860535355369 1.0 0.0 1.0 193
0.0 1.5067166673113457 0.0 1.0 194
1.0 1.4974799853876881 1.0 1.0 195
1.0 0.5184762869357775 1.0 1.0 196
1.4936279754114228 1.0 1.0 1.0 197
0.0 1.6049166080759694 0.0 1.0 198
0.0 0.25240990477379815 0.0 1.0 199
0.0 1.7443180271915417 0.0 1.0 200
1.0 1.7500737033100524 1.0 1.0 201
-0.876269477844326 1.0 0.0 1.0 202
0.0 1.8730435580488698 0.0 1.0 203
1.0 0.12274550658443603 1.0 1.0 204
1.8748096427732381 1.0 1.0 1.0 205
*** t = 71
0.8748715875642783 1.0 0.0 1.0 63
1.0 0.6265689750057245 1.0 0.0 91
1.0 1.1243310997291596 1.0 2.0 99
-0.6232235117952435 1.0 -1.0 1.0 113
0.24949613221617284 1.0 1.0 1.0 122
0.37979753224023227 1.0 1.0 1.0 128
0.7449398921408457 1.0 0.0 1.0 133
-0.12560384448339748 1.0 -1.0 1.0 135
0.10223645384735008 1.0 0.0 1.0 138
0.8972235756503055 1.0 1.0 1.0 141
0.0 1.6161278886784027 0.0 2.0 143
1.0 0.3665022506796658 1.0 0.0 146
0.6257292329400537 1.0 1.0 1.0 147
0.4853603841871461 1.0 0.0 1.0 149
0.24845980174072338 1.0 1.0 1.0 150
0.5050496270500155 1.0 1.0 1.0 151
1.3769663766517208 1.0 2.0 1.0 152
1.0 0.6240713355077669 1.0 0.0 153
1.0 1.130384806033508 1.0 2.0 156
0.9990567992874296 1.0 1.0 1.0 157
0.870880974157124 1.0 0.0 1.0 158
1.0 0.01309940445811103 1.0 0.0 159
1.0 1.9959249297853745 1.0 2.0 160
0.0 0.8746099221353387 0.0 0.0 161
0.9016564965129314 1.0 1.0 1.0 163
0.0 0.11661082967668057 0.0 0.0 164
0.08415415288360162 1.0 0.0 1.0 165
-0.7589552083565587 1.0 -1.0 1.0 166
0.0 0.22239606389854027 0.0 0.0 167
1.0 1.7511191841687967 1.0 2.0 168
1.622483997877472 1.0 2.0 1.0 169
-0.6341458736030754 1.0 -1.0 1.0 170
0.0 1.6298413863270003 0.0 2.0 171
0.3614493275816407 1.0 0.0 1.0 172
0.0 1.3641471673108856 0.0 2.0 173
-0.24869038728257806 1.0 -1.0 1.0 174
0.38027337540291095 1.0 1.0 1.0 175
0.0 0.7532511590126019 0.0 0.0 176
1.245983934311564 1.0 2.0 1.0 177
1.0 0.7513629518080713 1.0 0.0 178
1.0 1.3899206167809022 1.0 2.0 179
0.2500672858823054 1.0 1.0 1.0 180
0.1254887474994536 1.0 1.0 1.0 181
0.0 1.0 -1.0 1.0 182
0.8735388076126078 1.0 0.0 1.0 183
-0.032071338055411625 1.0 0.0 1.0 184
0.0 1.0 -1.0 1.0 185
1.0 0.9933882133468421 1.0 1.0 186
1.0 1.0 1.0 2.0 187
0.0 0.8575726049370367 0.0 1.0 188
0.0 1.1373318220098616 0.0 1.0 189
1.0 1.159591037963722 1.0 1.0 190
0.0 1.2587472129051918 0.0 1.0 191
0.0 0.6208914330702648 0.0 1.0 192
-0.3758575669194211 1.0 0.0 1.0 193
0.0 1.383395834139182 0.0 1.0 194
1.0 1.3718499817346101 1.0 1.0 195
1.0 0.6480953586697219 1.0 1.0 196
1.3670349692642785 1.0 1.0 1.0 197
0.0 1.4732221441012925 0.0 1.0 198
0.0 0.3786148571606972 0.0 1.0 199
0.0 1.6164770407873126 0.0 1.0 200
1.0 1.6251105549650786 1.0 1.0 201
-0.7525389556886519 1.0 0.0 1.0 202
0.0 1.7460871160977396 0.0 1.0 203
1.0 0.24549101316887206 1.0 1.0 204
1.7496192855464763 1.0 1.0 1.0 205
0.0 0.12539184830129502 0.0 1.0 206
0.0 1.880411730330809 0.0 1.0 207
1.0 1.8753263897786634 1.0 1.0 208
*** t = 72
0.7497431751285566 1.0 0.0 1.0 63
1.0 0.5020919666742993 1.0 0.0 91
1.0 1.2486621994583191 1.0 2.0 99
-0.7478682141542922 1.0 -1.0 1.0 113
0.37424419832425926 1.0 1.0 1.0 122
0.506396709653643 1.0 1.0 1.0 128
0.6174098382112685 1.0 0.0 1.0 133
-0.25120768896679496 1.0 -1.0 1.0 135
0.0 1.0 1.0 1.0 138
1.0 1.0 1.0 2.0 141
0.0 1.7393534664140833 0.0 2.0 143
1.0 0.23980270081559893 1.0 0.0 146
0.7508750795280644 1.0 1.0 1.0 147
0.35670048023393264 1.0 0.0 1.0 149
0.3726897026110851 1.0 1.0 1.0 150
0.6313120338125194 1.0 1.0 1.0 151
1.5026218355356278 1.0 2.0 1.0 152
1.0 0.49876178067702265 1.0 0.0 153
1.0 1.260769612067016 1.0 2.0 156
1.0 1.0 0.0 1.0 157
0.7417619483142479 1.0 0.0 1.0 158
0.0 0.7492198442706774 0.0 0.0 161
1.0 1.0 0.0 1.0 163
0.0 1.0 1.0 1.0 165
-0.8854477430826518 1.0 -1.0 1.0 166
0.0 0.09279540788163032 0.0 0.0 167
1.0 1.8763057148635962 1.0 2.0 168
1.7469807974529665 1.0 2.0 1.0 169
-0.7609750483236905 1.0 -1.0 1.0 170
0.0 1.7558096635924003 0.0 2.0 171
0.23373919309796887 1.0 0.0 1.0 172
0.0 1.4855295564145141 0.0 2.0 173
-0.37303558092386707 1.0 -1.0 1.0 174
0.5070311672038813 1.0 1.0 1.0 175
0.0 0.6298767385189028 0.0 0.0 176
1.368975901467346 1.0 2.0 1.0 177
1.0 0.627044427712107 1.0 0.0 178
1.0 1.5198941557078696 1.0 2.0 179
0.37510092882345814 1.0 1.0 1.0 180
0.2509774949989072 1.0 1.0 1.0 181
-0.12141077921604321 1.0 -1.0 1.0 182
0.7470776152252157 1.0 0.0 1.0 183
0.0 1.0 -1.0 1.0 184
-0.12750339579241193 1.0 -1.0 1.0 185
1.0 1.0 1.0 2.0 186
1.0 1.1254469532692428 1.0 2.0 187
0.0 0.9800829770708991 0.0 1.0 188
0.0 1.0140935108684133 0.0 1.0 189
1.0 1.0395326148156823 1.0 1.0 190
0.0 1.1352050817227237 0.0 1.0 191
0.0 0.7450697196843178 0.0 1.0 192
-0.2510290803033054 1.0 0.0 1.0 193
0.0 1.2600750009670185 0.0 1.0 194
1.0 1.2462199780815322 1.0 1.0 195
1.0 0.7777144304036663 1.0 1.0 196
1.2404419631171342 1.0 1.0 1.0 197
0.0 1.3415276801266156 0.0 1.0 198
0.0 0.5048198095475963 0.0 1.0 199
0.0 1.4886360543830834 0.0 1.0 200
1.0 1.5001474066201048 1.0 1.0 201
-0.6288084335329779 1.0 0.0 1.0 202
0.0 1.6191306741466094 0.0 1.0 203
1.0 0.36823651975330807 1.0 1.0 204
1.6244289283197144 1.0 1.0 1.0 205
0.0 0.25078369660259003 0.0 1.0 206
0.0 1.760823460661618 0.0 1.0 207
1.0 1.7506527795573268 1.0 1.0 208
0.0 1.8759425343136003 0.0 1.0 209
*** t = 73
0.6246147626928349 1.0 0.0 1.0 63
1.0 0.3776149583428742 1.0 0.0 91
1.0 1.3729932991874787 1.0 2.0 99
-0.8725129165133408 1.0 -1.0 1.0 113
0.4989922644323457 1.0 1.0 1.0 122
0.6329958870670538 1.0 1.0 1.0 128
0.4898797842816914 1.0 0.0 1.0 133
-0.37681153345019247 1.0 -1.0 1.0 135
0.1282519351646643 1.0 1.0 1.0 138
1.0 1.1281747965214721 1.0 2.0 141
0.0 1.8625790441497638 0.0 2.0 143
1.0 0.11310315095153206 1.0 0.0 146
0.8760209261160752 1.0 1.0 1.0 147
0.2280405762807192 1.0 0.0 1.0 149
0.49691960348144676 1.0 1.0 1.0 150
0.7575744405750233 1.0 1.0 1.0 151
1.6282772944195347 1.0 2.0 1.0 152
1.0 0.37345222584627835 1.0 0.0 153
1.0 1.391154418100524 1.0 2.0 156
0.8751179000890713 1.0 0.0 1.0 157
0.6126429224713719 1.0 0.0 1.0 158
0.0 0.6238297664060162 0.0 0.0 161
0.8711919290695812 1.0 0.0 1.0 163
0.13083512101662836 1.0 1.0 1.0 165
1.871477597028461 1.0 2.0 1.0 169
-0.8878042230443055 1.0 -1.0 1.0 170
0.0 1.8817779408578004 0.0 2.0 171
0.10602905861429701 1.0 0.0 1.0 172
0.0 1.6069119455181426 0.0 2.0 173
-0.4973807745651561 1.0 -1.0 1.0 174
0.6337889590048517 1.0 1.0 1.0 175
0.0 0.5065023180252037 0.0 0.0 176
1.491967868623128 1.0 2.0 1.0 177
1.0 0.5027259036161427 1.0 0.0 178
1.0 1.649867694634837 1.0 2.0 179
0.5001345717646108 1.0 1.0 1.0 180
0.3764662424983608 1.0 1.0 1.0 181
-0.24282155843208642 1.0 -1.0 1.0 182
0.6206164228378235 1.0 0.0 1.0 183
-0.12099108274307352 1.0 -1.0 1.0 184
-0.25500679158482387 1.0 -1.0 1.0 185
1.0 1.1241735266683552 1.0 2.0 186
1.0 1.2508939065384856 1.0 2.0 187
0.0 1.0 1.0 1.0 188
0.0 1.0 -1.0 1.0 189
1.0 1.0 2.0 1.0 190
0.0 1.0116629505402557 0.0 1.0 191
0.0 0.8692480062983707 0.0 1.0 192
-0.12620059368718967 1.0 0.0 1.0 193
0.0 1.136754167794855 0.0 1.0 194
1.0 1.1205899744284542 1.0 1.0 195
1.0 0.9073335021376107 1.0 1.0 196
1.1138489569699899 1.0 1.0 1.0 197
0.0 1.2098332161519387 0.0 1.0 198
0.0 0.6310247619344954 0.0 1.0 199
0.0 1.3607950679788543 0.0 1.0 200
1.0 1.375184258275131 1.0 1.0 201
-0.5050779113773038 1.0 0.0 1.0 202
0.0 1.4921742321954792 0.0 1.0 203
1.0 0.4909820263377441 1.0 1.0 204
1.4992385710929526 1.0 1.0 1.0 205
0.0 0.37617554490388505 0.0 1.0 206
0.0 1.641235190992427 0.0 1.0 207
1.0 1.6259791693359902 1.0 1.0 208
0.0 1.7518850686272005 0.0 1.0 209
0.0 0.128100031683 0.0 1.0 210
-0.8753438186739109 1.0 0.0 1.0 211
0.0 1.87731205583567 0.0 1.0 212
1.0 1.8736742068050352 1.0 1.0 213
1.0 0.12125894763966469 1.0 1.0 214
1.8755286843593557 1.0 1.0 1.0 215
*** t = 74
0.4994863502571132 1.0 0.0 1.0 63
1.0 0.253137950011449 1.0 0.0 91
1.0 1.4973243989166383 1.0 2.0 99
-0.9971576188723895 1.0 -1.0 1.0 113
0.6237403305404321 1.0 1.0 1.0 122
0.7595950644804645 1.0 1.0 1.0 128
0.36234973035211426 1.0 0.0 1.0 133
-0.5024153779335899 1.0 -1.0 1.0 135
0.2565038703293286 1.0 1.0 1.0 138
1.0 1.2563495930429442 1.0 2.0 141
0.0 1.9858046218854444 0.0 2.0 143
1.0 1.0 1.0 2.0 147
0.09938067232750575 1.0 0.0 1.0 149
0.6211495043518085 1.0 1.0 1.0 150
0.8838368473375272 1.0 1.0 1.0 151
1.7539327533034417 1.0 2.0 1.0 152
1.0 0.24814267101553406 1.0 0.0 153
1.0 1.521539224134032 1.0 2.0 156
0.7502358001781426 1.0 0.0 1.0 157
0.48352389662849576 1.0 0.0 1.0 158
0.0 0.4984396885413549 0.0 0.0 161
0.7423838581391624 1.0 0.0 1.0 163
0.26167024203325673 1.0 1.0 1.0 165
1.9959743966039554 1.0 2.0 1.0 169
0.0 1.0 1.0 1.0 172
0.0 1.7282943346217712 0.0 2.0 173
-0.6217259682064451 1.0 -1.0 1.0 174
0.760546750805822 1.0 1.0 1.0 175
0.0 0.3831278975315046 0.0 0.0 176
1.61495983577891 1.0 2.0 1.0 177
1.0 0.37840737952017833 1.0 0.0 178
1.0 1.7798412335618043 1.0 2.0 179
0.6251682147057636 1.0 1.0 1.0 180
0.5019549899978144 1.0 1.0 1.0 181
-0.3642323376481296 1.0 -1.0 1.0 182
0.4941552304504313 1.0 0.0 1.0 183
-0.24198216548614704 1.0 -1.0 1.0 184
-0.3825101873772358 1.0 -1.0 1.0 185
1.0 1.2483470533367105 1.0 2.0 186
1.0 1.3763408598077285 1.0 2.0 187
0.12251037213386239 1.0 1.0 1.0 188
-0.1232383111414484 1.0 -1.0 1.0 189
1.1200584231480397 1.0 2.0 1.0 190
0.0 1.0 1.0 1.0 191
0.0 0.9934262929124237 0.0 1.0 192
-0.0013721070710739358 1.0 0.0 1.0 193
0.0 1.0134333346226914 0.0 1.0 194
1.0 1.0 2.0 1.0 195
1.0 1.0 0.0 1.0 196
1.0 1.0 0.0 1.0 197
0.0 1.0781387521772618 0.0 1.0 198
0.0 0.7572297143213945 0.0 1.0 199
0.0 1.2329540815746252 0.0 1.0 200
1.0 1.2502211099301572 1.0 1.0 201
-0.3813473892216298 1.0 0.0 1.0 202
0.0 1.365217790244349 0.0 1.0 203
1.0 0.6137275329221802 1.0 1.0 204
1.3740482138661907 1.0 1.0 1.0 205
0.0 0.5015673932051801 0.0 1.0 206
0.0 1.521646921323236 0.0 1.0 207
1.0 1.5013055591146536 1.0 1.0 208
0.0 1.6278276029408008 0.0 1.0 209
0.0 0.256200063366 0.0 1.0 210
-0.7506876373478217 1.0 0.0 1.0 211
0.0 1.75462411167134 0.0 1.0 212
1.0 1.7473484136100703 1.0 1.0 213
1.0 0.24251789527932938 1.0 1.0 214
1.7510573687187114 1.0 1.0 1.0 215
0.0 1.8767833864204686 0.0 1.0 216
*** t = 75
0.3743579378213915 1.0 0.0 1.0 63
1.0 0.12866094168002387 1.0 0.0 91
1.0 1.6216554986457978 1.0 2.0 99
0.7484883966485185 1.0 1.0 1.0 122
0.8861942418938753 1.0 1.0 1.0 128
0.23481967642253715 1.0 0.0 1.0 133
-0.6280192224169874 1.0 -1.0 1.0 135
0.3847558054939929 1.0 1.0 1.0 138
1.0 1.3845243895644164 1.0 2.0 141
1.0 1.1251458465880106 1.0 2.0 147
0.0 1.0 1.0 1.0 149
0.7453794052221702 1.0 1.0 1.0 150
1.0 1.0 0.0 1.0 151
1.8795882121873486 1.0 2.0 1.0 152
1.0 0.12283311618478976 1.0 0.0 153
1.0 1.65192403016754 1.0 2.0 156
0.6253537002672139 1.0 0.0 1.0 157
0.35440487078561966 1.0 0.0 1.0 158
0.0 0.3730496106766936 0.0 0.0 161
0.6135757872087436 1.0 0.0 1.0 163
0.3925053630498851 1.0 1.0 1.0 165
0.12771013448367186 1.0 1.0 1.0 172
0.0 1.8496767237253997 0.0 2.0 173
-0.7460711618477341 1.0 -1.0 1.0 174
0.8873045426067924 1.0 1.0 1.0 175
0.0 0.2597534770378055 0.0 0.0 176
1.7379518029346919 1.0 2.0 1.0 177
1.0 0.254088855424214 1.0 0.0 178
1.0 1.9098147724887717 1.0 2.0 179
0.7502018576469163 1.0 1.0 1.0 180
0.627443737497268 1.0 1.0 1.0 181
-0.48564311686417283 1.0 -1.0 1.0 182
0.36769403806303913 1.0 0.0 1.0 183
-0.36297324822922056 1.0 -1.0 1.0 184
-0.5100135831696477 1.0 -1.0 1.0 185
1.0 1.3725205800050657 1.0 2.0 186
1.0 1.5017878130769713 1.0 2.0 187
0.24502074426772477 1.0 1.0 1.0 188
-0.2464766222828968 1.0 -1.0 1.0 189
1.2401168462960794 1.0 2.0 1.0 190
0.12354213118246805 1.0 1.0 1.0 191
0.0 1.0 1.0 1.0 192
0.0 1.0 -1.0 1.0 193
0.0 1.0 0.0 2.0 194
1.125630003653078 1.0 2.0 1.0 195
0.8703809282660556 1.0 0.0 1.0 196
0.8734069938528556 1.0 0.0 1.0 197
0.0 1.0 -1.0 1.0 198
0.0 0.8834346667082936 0.0 1.0 199
0.0 1.105113095170396 0.0 1.0 200
1.0 1.1252579615851834 1.0 1.0 201
-0.25761686706595577 1.0 0.0 1.0 202
0.0 1.2382613482932188 0.0 1.0 203
1.0 0.7364730395066162 1.0 1.0 204
1.2488578566394288 1.0 1.0 1.0 205
0.0 0.6269592415064751 0.0 1.0 206
0.0 1.402058651654045 0.0 1.0 207
1.0 1.376631948893317 1.0 1.0 208
0.0 1.503770137254401 0.0 1.0 209
0.0 0.384300095049 0.0 1.0 210
-0.6260314560217326 1.0 0.0 1.0 211
0.0 1.6319361675070099 0.0 1.0 212
1.0 1.6210226204151055 1.0 1.0 213
1.0 0.36377684291899404 1.0 1.0 214
1.6265860530780671 1.0 1.0 1.0 215
0.0 1.7535667728409372 0.0 1.0 216
0.0 0.12640747300432642 0.0 1.0 217
0.0 1.876667258784549 0.0 1.0 218
1.0 1.8740610200031949 1.0 1.0 219
*** t = 76
0.24922952538566975 1.0 0.0 1.0 63
1.0 0.004183933348598734 1.0 0.0 91
1.0 1.7459865983749574 1.0 2.0 99
0.8732364627566049 1.0 1.0 1.0 122
1.0 1.0 0.0 1.0 128
0.10728962249296004 1.0 0.0 1.0 133
-0.7536230669003848 1.0 -1.0 1.0 135
0.5130077406586572 1.0 1.0 1.0 138
1.0 1.5126991860858885 1.0 2.0 141
1.0 1.2502916931760213 1.0 2.0 147
0.12865990395321344 1.0 1.0 1.0 149
0.8696093060925318 1.0 1.0 1.0 150
0.8737375932374961 1.0 0.0 1.0 151
1.0 1.782308836201048 1.0 2.0 156
0.5004716003562852 1.0 0.0 1.0 157
0.22528584494274356 1.0 0.0 1.0 158
0.0 0.24765953281203237 0.0 0.0 161
0.4847677162783248 1.0 0.0 1.0 163
0.5233404840665135 1.0 1.0 1.0 165
0.2554202689673437 1.0 1.0 1.0 172
0.0 1.9710591128290282 0.0 2.0 173
-0.8704163554890232 1.0 -1.0 1.0 174
1.0 1.0 0.0 1.0 175
0.0 0.13637905654410637 0.0 0.0 176
1.8609437700904738 1.0 2.0 1.0 177
1.0 0.12977033132824967 1.0 0.0 178
0.875235500588069 1.0 1.0 1.0 180
0.7529324849967216 1.0 1.0 1.0 181
-0.6070538960802161 1.0 -1.0 1.0 182
0.24123284567564698 1.0 0.0 1.0 183
-0.4839643309722941 1.0 -1.0 1.0 184
-0.6375169789620596 1.0 -1.0 1.0 185
1.0 1.496694106673421 1.0 2.0 186
1.0 1.6272347663462141 1.0 2.0 187
0.36753111640158714 1.0 1.0 1.0 188
-0.3697149334243452 1.0 -1.0 1.0 189
1.3601752694441192 1.0 2.0 1.0 190
0.2470842623649361 1.0 1.0 1.0 191
0.12417828661405297 1.0 1.0 1.0 192
-0.12482848661611573 1.0 -1.0 1.0 193
0.0 1.1233208331721636 0.0 2.0 194
1.251260007306156 1.0 2.0 1.0 195
0.7407618565321112 1.0 0.0 1.0 196
0.7468139877057112 1.0 0.0 1.0 197
-0.13169446397467688 1.0 -1.0 1.0 198
0.0 1.0 0.0 2.0 199
0.0 1.0 1.0 1.0 200
1.0 1.0002948132402096 1.0 1.0 201
-0.13388634491028173 1.0 0.0 1.0 202
0.0 1.1113049063420886 0.0 1.0 203
1.0 0.8592185460910523 1.0 1.0 204
1.123667499412667 1.0 1.0 1.0 205
0.0 0.7523510898077701 0.0 1.0 206
0.0 1.282470381984854 0.0 1.0 207
1.0 1.2519583386719804 1.0 1.0 208
0.0 1.3797126715680013 0.0 1.0 209
0.0 0.512400126732 0.0 1.0 210
-0.5013752746956435 1.0 0.0 1.0 211
0.0 1.5092482233426798 0.0 1.0 212
1.0 1.4946968272201406 1.0 1.0 213
1.0 0.48503579055865875 1.0 1.0 214
1.5021147374374229 1.0 1.0 1.0 215
0.0 1.6303501592614058 0.0 1.0 216
0.0 0.25281494600865284 0.0 1.0 217
0.0 1.753334517569098 0.0 1.0 218
1.0 1.7481220400063897 1.0 1.0 219
-0.8757341828769456 1.0 0.0 1.0 220
0.0 1.873526543185597 0.0 1.0 221
1.0 0.12461774355897949 1.0 1.0 222
1.8699470739893804 1.0 1.0 1.0 223
*** t = 77
0.12410111294994802 1.0 0.0 1.0 63
1.0 1.870317698104117 1.0 2.0 99
0.9979845288646914 1.0 1.0 1.0 122
0.8734008225865892 1.0 0.0 1.0 128
0.0 1.0 0.0 0.0 133
-0.8792269113837823 1.0 -1.0 1.0 135
0.6412596758233214 1.0 1.0 1.0 138
1.0 1.6408739826073606 1.0 2.0 141
1.0 1.375437539764032 1.0 2.0 147
0.2573198079064269 1.0 1.0 1.0 149
0.9938392069628935 1.0 1.0 1.0 150
0.7474751864749922 1.0 0.0 1.0 151
1.0 1.912693642234556 1.0 2.0 156
0.37558950044535655 1.0 0.0 1.0 157
0.09616681909986746 1.0 0.0 1.0 158
0.0 0.12226945494737113 0.0 0.0 161
0.35595964534790603 1.0 0.0 1.0 163
0.6541756050831418 1.0 1.0 1.0 165
0.38313040345101557 1.0 1.0 1.0 172
-0.9947615491303122 1.0 -1.0 1.0 174
0.8732422081990296 1.0 0.0 1.0 175
0.0 0.013004636050407248 0.0 0.0 176
1.9839357372462558 1.0 2.0 1.0 177
1.0 0.005451807232285319 1.0 0.0 178
1.0 1.0 1.0 2.0 180
0.8784212324961752 1.0 1.0 1.0 181
-0.7284646752962594 1.0 -1.0 1.0 182
0.11477165328825484 1.0 0.0 1.0 183
-0.6049554137153677 1.0 -1.0 1.0 184
-0.7650203747544715 1.0 -1.0 1.0 185
1.0 1.6208676333417762 1.0 2.0 186
1.0 1.752681719615457 1.0 2.0 187
0.49004148853544954 1.0 1.0 1.0 188
-0.4929532445657936 1.0 -1.0 1.0 189
1.4802336925921589 1.0 2.0 1.0 190
0.3706263935474042 1.0 1.0 1.0 191
0.24835657322810595 1.0 1.0 1.0 192
-0.24965697323223146 1.0 -1.0 1.0 193
0.0 1.2466416663443272 0.0 2.0 194
1.376890010959234 1.0 2.0 1.0 195
0.6111427847981669 1.0 0.0 1.0 196
0.6202209815585668 1.0 0.0 1.0 197
-0.26338892794935376 1.0 -1.0 1.0 198
0.0 1.126204952386899 0.0 2.0 199
0.12784098640422908 1.0 1.0 1.0 200
1.0 1.0 1.0 2.0 201
-0.010155822754607677 1.0 0.0 1.0 202
0.0 1.0 1.0 1.0 203
1.0 0.9819640526754884 1.0 1.0 204
1.0 1.0 0.0 1.0 205
0.0 0.8777429381090651 0.0 1.0 206
0.0 1.162882112315663 0.0 1.0 207
1.0 1.1272847284506438 1.0 1.0 208
0.0 1.2556552058816015 0.0 1.0 209
0.0 0.640500158415 0.0 1.0 210
-0.37671909336955434 1.0 0.0 1.0 211
0.0 1.3865602791783498 0.0 1.0 212
1.0 1.3683710340251758 1.0 1.0 213
1.0 0.6062947381983235 1.0 1.0 214
1.3776434217967786 1.0 1.0 1.0 215
0.0 1.5071335456818744 0.0 1.0 216
0.0 0.37922241901297926 0.0 1.0 217
0.0 1.630001776353647 0.0 1.0 218
1.0 1.6221830600095846 1.0 1.0 219
-0.7514683657538912 1.0 0.0 1.0 220
0.0 1.747053086371194 0.0 1.0 221
1.0 0.24923548711795898 1.0 1.0 222
1.7398941479787609 1.0 1.0 1.0 223
0.0 0.1256862123653056 0.0 1.0 224
0.0 1.8764319390886066 0.0 1.0 225
1.0 1.8752395317359798 1.0 1.0 226
*** t = 78
0.0 1.0 0.0 2.0 63
1.0 1.9946487978332765 1.0 2.0 99
1.0 1.0 1.0 2.0 122
0.7468016451731785 1.0 0.0 1.0 128
0.0 0.8724699460704228 0.0 0.0 133
0.7695116109879857 1.0 1.0 1.0 138
1.0 1.7690487791288327 1.0 2.0 141
1.0 1.5005833863520426 1.0 2.0 147
0.3859797118596403 1.0 1.0 1.0 149
1.0 1.0 1.0 2.0 150
0.6212127797124883 1.0 0.0 1.0 151
0.25070740053442786 1.0 0.0 1.0 157
0.0 1.0 1.0 1.0 158
0.22715157441748726 1.0 0.0 1.0 163
0.7850107260997701 1.0 1.0 1.0 165
0.5108405379346874 1.0 1.0 1.0 172
0.7464844163980593 1.0 0.0 1.0 175
1.0 1.1250336429411527 1.0 2.0 180
1.0 1.0 2.0 1.0 181
-0.8498754545123026 1.0 -1.0 1.0 182
0.0 1.0 0.0 2.0 183
-0.7259464964584412 1.0 -1.0 1.0 184
-0.8925237705468834 1.0 -1.0 1.0 185
1.0 1.7450411600101314 1.0 2.0 186
1.0 1.8781286728846998 1.0 2.0 187
0.6125518606693119 1.0 1.0 1.0 188
-0.6161915557072419 1.0 -1.0 1.0 189
1.6002921157401986 1.0 2.0 1.0 190
0.4941685247298722 1.0 1.0 1.0 191
0.37253485984215895 1.0 1.0 1.0 192
-0.3744854598483472 1.0 -1.0 1.0 193
0.0 1.3699624995164907 0.0 2.0 194
1.5025200146123119 1.0 2.0 1.0 195
0.4815237130642225 1.0 0.0 1.0 196
0.49362797541142234 1.0 0.0 1.0 197
-0.39508339192403064 1.0 -1.0 1.0 198
0.0 1.2524099047737982 0.0 2.0 199
0.25568197280845817 1.0 1.0 1.0 200
1.0 1.1249631483449738 1.0 2.0 201
0.0 1.0 0.0 0.0 202
0.1269564419511301 1.0 1.0 1.0 203
1.0 1.0 1.0 0.0 204
0.8748096427732382 1.0 0.0 1.0 205
0.0 1.0 1.0 1.0 206
0.0 1.043293842646472 0.0 1.0 207
1.0 1.0026111182293072 1.0 1.0 208
0.0 1.1315977401952018 0.0 1.0 209
0.0 0.768600190098 0.0 1.0 210
-0.2520629120434652 1.0 0.0 1.0 211
0.0 1.2638723350140197 0.0 1.0 212
1.0 1.242045240830211 1.0 1.0 213
1.0 0.7275536858379882 1.0 1.0 214
1.2531721061561343 1.0 1.0 1.0 215
0.0 1.383916932102343 0.0 1.0 216
0.0 0.5056298920173057 0.0 1.0 217
0.0 1.506669035138196 0.0 1.0 218
1.0 1.4962440800127794 1.0 1.0 219
-0.6272025486308368 1.0 0.0 1.0 220
0.0 1.620579629556791 0.0 1.0 221
1.0 0.3738532306769385 1.0 1.0 222
1.6098412219681413 1.0 1.0 1.0 223
0.0 0.2513724247306112 0.0 1.0 224
0.0 1.7528638781772132 0.0 1.0 225
1.0 1.7504790634719596 1.0 1.0 226
0.0 1.876470775576206 0.0 1.0 227
*** t = 79
0.0 1.1251284124357217 0.0 2.0 63
1.0 1.1247480661080864 1.0 2.0 122
0.6202024677597677 1.0 0.0 1.0 128
0.0 0.7449398921408457 0.0 0.0 133
0.89776354615265 1.0 1.0 1.0 138
1.0 1.8972235756503049 1.0 2.0 141
1.0 1.6257292329400532 1.0 2.0 147
0.5146396158128538 1.0 1.0 1.0 149
1.0 1.1242299008703618 1.0 2.0 150
0.49495037294998445 1.0 0.0 1.0 151
0.12582530062349914 1.0 0.0 1.0 157
0.1291190258428761 1.0 1.0 1.0 158
0.0983435034870685 1.0 0.0 1.0 163
0.9158458471163984 1.0 1.0 1.0 165
0.6385506724183593 1.0 1.0 1.0 172
0.6197266245970889 1.0 0.0 1.0 175
1.0 1.2500672858823054 1.0 2.0 180
1.1254887474994537 1.0 2.0 1.0 181
-0.9712862337283459 1.0 -1.0 1.0 182
0.0 1.1264611923873922 0.0 2.0 183
-0.8469375792015148 1.0 -1.0 1.0 184
1.0 1.8692146866784867 1.0 2.0 186
0.7350622328031743 1.0 1.0 1.0 188
-0.7394298668486903 1.0 -1.0 1.0 189
1.7203505388882383 1.0 2.0 1.0 190
0.6177106559123403 1.0 1.0 1.0 191
0.4967131464562119 1.0 1.0 1.0 192
-0.4993139464644629 1.0 -1.0 1.0 193
0.0 1.4932833326886543 0.0 2.0 194
1.6281500182653899 1.0 2.0 1.0 195
0.3519046413302781 1.0 0.0 1.0 196
0.3670349692642779 1.0 0.0 1.0 197
-0.5267778558987075 1.0 -1.0 1.0 198
0.0 1.3786148571606973 0.0 2.0 199
0.38352295921268725 1.0 1.0 1.0 200
1.0 1.2499262966899476 1.0 2.0 201
0.0 0.876269477844326 0.0 0.0 202
0.2539128839022602 1.0 1.0 1.0 203
1.0 0.8772544934155639 1.0 0.0 204
0.7496192855464765 1.0 0.0 1.0 205
0.12539184830129502 1.0 1.0 1.0 206
0.0 1.0 0.0 2.0 207
1.0 1.0 1.0 0.0 208
0.0 1.007540274508802 0.0 1.0 209
0.0 0.896700221781 0.0 1.0 210
-0.12740673071737607 1.0 0.0 1.0 211
0.0 1.1411843908496897 0.0 1.0 212
1.0 1.115719447635246 1.0 1.0 213
1.0 0.8488126334776529 1.0 1.0 214
1.12870079051549 1.0 1.0 1.0 215
0.0 1.2607003185228116 0.0 1.0 216
0.0 0.6320373650216321 0.0 1.0 217
0.0 1.383336293922745 0.0 1.0 218
1.0 1.3703051000159743 1.0 1.0 219
-0.5029367315077824 1.0 0.0 1.0 220
0.0 1.4941061727423879 0.0 1.0 221
1.0 0.49847097423591796 1.0 1.0 222
1.4797882959575217 1.0 1.0 1.0 223
0.0 0.3770586370959168 0.0 1.0 224
0.0 1.6292958172658198 0.0 1.0 225
1.0 1.6257185952079394 1.0 1.0 226
0.0 1.752941551152412 0.0 1.0 227
0.0 0.12777521272852016 0.0 1.0 228
-0.8738993832286807 1.0 0.0 1.0 229
0.0 1.878672906217525 0.0 1.0 230
1.0 1.8738372551600198 1.0 1.0 231
1.0 0.1271949934971472 1.0 1.0 232
1.8793551161228865 1.0 1.0 1.0 233
*** t = 80
0.0 1.2502568248714434 0.0 2.0 63
1.0 1.2494961322161728 1.0 2.0 122
0.49360329034635697 1.0 0.0 1.0 128
0.0 0.6174098382112685 0.0 0.0 133
1.0 1.0 2.0 1.0 138
1.0 1.7508750795280639 1.0 2.0 147
0.6432995197660673 1.0 1.0 1.0 149
1.0 1.2484598017407236 1.0 2.0 150
0.36868796618748056 1.0 0.0 1.0 151
0.0009432007125704245 1.0 0.0 1.0 157
0.2582380516857522 1.0 1.0 1.0 158
0.0 1.0 0.0 2.0 163
1.0 1.0 0.0 1.0 165
0.7662608069020311 1.0 1.0 1.0 172
0.4929688327961186 1.0 0.0 1.0 175
1.0 1.3751009288234581 1.0 2.0 180
1.2509774949989074 1.0 2.0 1.0 181
0.0 1.2529223847747843 0.0 2.0 183
-0.9679286619445884 1.0 -1.0 1.0 184
1.0 1.993388213346842 1.0 2.0 186
0.8575726049370367 1.0 1.0 1.0 188
-0.8626681779901386 1.0 -1.0 1.0 189
1.840408962036278 1.0 2.0 1.0 190
0.7412527870948084 1.0 1.0 1.0 191
0.6208914330702648 1.0 1.0 1.0 192
-0.6241424330805787 1.0 -1.0 1.0 193
0.0 1.616604165860818 0.0 2.0 194
1.7537800219184678 1.0 2.0 1.0 195
0.22228556959633372 1.0 0.0 1.0 196
0.2404419631171335 1.0 0.0 1.0 197
-0.6584723198733844 1.0 -1.0 1.0 198
0.0 1.5048198095475964 0.0 2.0 199
0.5113639456169163 1.0 1.0 1.0 200
1.0 1.3748894450349214 1.0 2.0 201
0.0 0.7525389556886519 0.0 0.0 202
0.3808693258533903 1.0 1.0 1.0 203
1.0 0.7545089868311279 1.0 0.0 204
0.6244289283197147 1.0 0.0 1.0 205
0.25078369660259003 1.0 1.0 1.0 206
0.0 1.119588269669191 0.0 2.0 207
1.0 0.8753263897786633 1.0 0.0 208
0.0 1.0 -1.0 1.0 209
0.0 1.0 1.0 1.0 210
-0.0027505493912869244 1.0 0.0 1.0 211
0.0 1.0184964466853597 0.0 1.0 212
1.0 1.0 0.0 1.0 213
1.0 0.9700715811173176 1.0 1.0 214
1.0042294748748457 1.0 1.0 1.0 215
0.0 1.1374837049432802 0.0 1.0 216
0.0 0.7584448380259585 0.0 1.0 217
0.0 1.260003552707294 0.0 1.0 218
1.0 1.2443661200191691 1.0 1.0 219
-0.378670914384728 1.0 0.0 1.0 220
0.0 1.3676327159279849 0.0 1.0 221
1.0 0.6230887177948975 1.0 1.0 222
1.3497353699469021 1.0 1.0 1.0 223
0.0 0.5027448494612224 0.0 1.0 224
0.0 1.5057277563544265 0.0 1.0 225
1.0 1.5009581269439192 1.0 1.0 226
0.0 1.629412326728618 0.0 1.0 227
0.0 0.2555504254570403 0.0 1.0 228
-0.7477987664573613 1.0 0.0 1.0 229
0.0 1.7573458124350498 0.0 1.0 230
1.0 1.7476745103200395 1.0 1.0 231
1.0 0.2543899869942944 1.0 1.0 232
1.758710232245773 1.0 1.0 1.0 233
0.0 1.8761799662894325 0.0 1.0 234
*** t = 81
0.0 1.375385237307165 0.0 2.0 63
1.0 1.3742441983242593 1.0 2.0 122
0.3670041129329462 1.0 0.0 1.0 128
0.0 0.4898797842816914 0.0 0.0 133
1.1282519351646643 1.0 2.0 1.0 138
1.0 1.8760209261160745 1.0 2.0 147
0.7719594237192807 1.0 1.0 1.0 149
1.0 1.3726897026110854 1.0 2.0 150
0.24242555942497668 1.0 0.0 1.0 151
0.0 1.0 -1.0 1.0 157
0.3873570775286283 1.0 1.0 1.0 158
0.0 1.1288080709304187 0.0 2.0 163
0.8691648789833717 1.0 0.0 1.0 165
0.893970941385703 1.0 1.0 1.0 172
0.36621104099514823 1.0 0.0 1.0 175
1.0 1.5001345717646108 1.0 2.0 180
1.3764662424983611 1.0 2.0 1.0 181
0.0 1.3793835771621765 0.0 2.0 183
0.9800829770708991 1.0 1.0 1.0 188
-0.985906489131587 1.0 -1.0 1.0 189
1.9604673851843177 1.0 2.0 1.0 190
0.8647949182772764 1.0 1.0 1.0 191
0.7450697196843178 1.0 1.0 1.0 192
-0.7489709196966945 1.0 -1.0 1.0 193
0.0 1.7399249990329815 0.0 2.0 194
1.8794100255715458 1.0 2.0 1.0 195
0.09266649786238934 1.0 0.0 1.0 196
0.11384895696998909 1.0 0.0 1.0 197
-0.7901667838480613 1.0 -1.0 1.0 198
0.0 1.6310247619344955 0.0 2.0 199
0.6392049320211455 1.0 1.0 1.0 200
1.0 1.4998525933798952 1.0 2.0 201
0.0 0.6288084335329779 0.0 0.0 202
0.5078257678045204 1.0 1.0 1.0 203
1.0 0.6317634802466918 1.0 0.0 204
0.499238571092953 1.0 0.0 1.0 205
0.37617554490388505 1.0 1.0 1.0 206
0.0 1.239176539338382 0.0 2.0 207
1.0 0.7506527795573266 1.0 0.0 208
-0.12405746568639966 1.0 -1.0 1.0 209
0.128100031683 1.0 1.0 1.0 210
0.0 1.0 1.0 1.0 211
0.0 1.0 -1.0 1.0 212
0.8736742068050352 1.0 0.0 1.0 213
1.0 1.0 1.0 0.0 214
1.0 1.0 0.0 1.0 215
0.0 1.0142670913637488 0.0 1.0 216
0.0 0.8848523110302849 0.0 1.0 217
0.0 1.136670811491843 0.0 1.0 218
1.0 1.118427140022364 1.0 1.0 219
-0.2544050972616736 1.0 0.0 1.0 220
0.0 1.2411592591135818 0.0 1.0 221
1.0 0.747706461353877 1.0 1.0 222
1.2196824439362826 1.0 1.0 1.0 223
0.0 0.6284310618265281 0.0 1.0 224
0.0 1.382159695443033 0.0 1.0 225
1.0 1.376197658679899 1.0 1.0 226
0.0 1.505883102304824 0.0 1.0 227
0.0 0.3833256381855605 0.0 1.0 228
-0.621698149686042 1.0 0.0 1.0 229
0.0 1.6360187186525748 0.0 1.0 230
1.0 1.6215117654800593 1.0 1.0 231
1.0 0.38158498049144157 1.0 1.0 232
1.6380653483686596 1.0 1.0 1.0 233
0.0 1.752359932578865 0.0 1.0 234
0.0 0.12307669843571808 0.0 1.0 235
0.0 1.8771824383244176 0.0 1.0 236
1.0 1.8740307121042488 1.0 1.0 237
*** t = 82
0.0 1.5005136497428868 0.0 2.0 63
1.0 1.4989922644323457 1.0 2.0 122
0.24040493551953546 1.0 0.0 1.0 128
0.0 0.36234973035211426 0.0 0.0 133
1.2565038703293285 1.0 2.0 1.0 138
0.9006193276724942 1.0 1.0 1.0 149
1.0 1.4969196034814471 1.0 2.0 150
0.11616315266247279 1.0 0.0 1.0 151
-0.12488209991092872 1.0 -1.0 1.0 157
0.5164761033715044 1.0 1.0 1.0 158
0.0 1.2576161418608374 0.0 2.0 163
0.7383297579667434 1.0 0.0 1.0 165
1.0 1.0 1.0 2.0 172
0.2394532491941779 1.0 0.0 1.0 175
1.0 1.6251682147057636 1.0 2.0 180
1.5019549899978148 1.0 2.0 1.0 181
0.0 1.5058447695495687 0.0 2.0 183
1.0 1.0 0.0 1.0 188
0.9883370494597444 1.0 1.0 1.0 191
0.8692480062983707 1.0 1.0 1.0 192
-0.8737994063128103 1.0 -1.0 1.0 193
0.0 1.863245832205145 0.0 2.0 194
0.0 1.0 1.0 1.0 196
0.0 1.0 -1.0 1.0 197
-0.9218612478227382 1.0 -1.0 1.0 198
0.0 1.7572297143213946 0.0 2.0 199
0.7670459184253746 1.0 1.0 1.0 200
1.0 1.624815741724869 1.0 2.0 201
0.0 0.5050779113773038 0.0 0.0 202
0.6347822097556505 1.0 1.0 1.0 203
1.0 0.5090179736622558 1.0 0.0 204
0.37404821386619125 1.0 0.0 1.0 205
0.5015673932051801 1.0 1.0 1.0 206
0.0 1.358764809007573 0.0 2.0 207
1.0 0.6259791693359898 1.0 0.0 208
-0.24811493137279933 1.0 -1.0 1.0 209
0.256200063366 1.0 1.0 1.0 210
0.12465618132608915 1.0 1.0 1.0 211
-0.12268794416432999 1.0 -1.0 1.0 212
0.7473484136100703 1.0 0.0 1.0 213
1.0 0.8787410523603353 1.0 0.0 214
0.8755286843593557 1.0 0.0 1.0 215
0.0 1.0 1.0 1.0 216
0.0 1.0 -1.0 1.0 217
0.0 1.013338070276392 0.0 1.0 218
1.0 1.0 1.0 2.0 219
-0.1301392801386192 1.0 0.0 1.0 220
0.0 1.1146858022991788 0.0 1.0 221
1.0 0.8723242049128564 1.0 1.0 222
1.089629517925663 1.0 1.0 1.0 223
0.0 0.7541172741918337 0.0 1.0 224
0.0 1.2585916345316397 0.0 1.0 225
1.0 1.2514371904158788 1.0 1.0 226
0.0 1.38235387788103 0.0 1.0 227
0.0 0.5111008509140806 0.0 1.0 228
-0.49559753291472264 1.0 0.0 1.0 229
0.0 1.5146916248700997 0.0 1.0 230
1.0 1.495349020640079 1.0 1.0 231
1.0 0.5087799739885888 1.0 1.0 232
1.517420464491546 1.0 1.0 1.0 233
0.0 1.6285398988682975 0.0 1.0 234
0.0 0.24615339687143617 0.0 1.0 235
0.0 1.7543648766488351 0.0 1.0 236
1.0 1.7480614242084975 1.0 1.0 237
-0.8751361134083883 1.0 0.0 1.0 238
0.0 1.8792391209204515 0.0 1.0 239
1.0 0.1205504810344815 1.0 1.0 240
1.872983827221779 1.0 1.0 1.0 241
*** t = 83
0.0 1.6256420621786085 0.0 2.0 63
1.0 1.623740330540432 1.0 2.0 122
0.1138057581061247 1.0 0.0 1.0 128
0.0 0.23481967642253715 0.0 0.0 133
1.3847558054939928 1.0 2.0 1.0 138
1.0 1.0 0.0 1.0 149
1.0 1.621149504351809 1.0 2.0 150
0.0 1.0 0.0 0.0 151
-0.24976419982185744 1.0 -1.0 1.0 157
0.6455951292143804 1.0 1.0 1.0 158
0.0 1.386424212791256 0.0 2.0 163
0.6074946369501151 1.0 0.0 1.0 165
1.0 1.1277101344836717 1.0 2.0 172
0.11269545739320758 1.0 0.0 1.0 175
1.0 1.7502018576469163 1.0 2.0 180
1.6274437374972686 1.0 2.0 1.0 181
0.0 1.6323059619369609 0.0 2.0 183
0.8774896278661376 1.0 0.0 1.0 188
1.0 1.0 0.0 1.0 191
0.9934262929124237 1.0 1.0 1.0 192
-0.9986278929289261 1.0 -1.0 1.0 193
0.0 1.9865666653773086 0.0 2.0 194
0.12961907173394438 1.0 1.0 1.0 196
-0.12659300614714442 1.0 -1.0 1.0 197
0.0 1.8834346667082937 0.0 2.0 199
0.8948869048296038 1.0 1.0 1.0 200
1.0 1.7497788900698428 1.0 2.0 201
0.0 0.3813473892216298 0.0 0.0 202
0.7617386517067806 1.0 1.0 1.0 203
1.0 0.3862724670778197 1.0 0.0 204
0.2488578566394295 1.0 0.0 1.0 205
0.6269592415064751 1.0 1.0 1.0 206
0.0 1.478353078676764 0.0 2.0 207
1.0 0.5013055591146531 1.0 0.0 208
-0.372172397059199 1.0 -1.0 1.0 209
0.384300095049 1.0 1.0 1.0 210
0.2493123626521783 1.0 1.0 1.0 211
-0.24537588832865997 1.0 -1.0 1.0 212
0.6210226204151055 1.0 0.0 1.0 213
1.0 0.7574821047206706 1.0 0.0 214
0.7510573687187114 1.0 0.0 1.0 215
0.12321661357953136 1.0 1.0 1.0 216
-0.12640747300432642 1.0 -1.0 1.0 217
0.0 1.0 0.0 2.0 218
1.0 1.1259389799968051 1.0 2.0 219
-0.005873463015564781 1.0 0.0 1.0 220
0.0 1.0 0.0 0.0 221
1.0 0.9969419484718359 1.0 1.0 222
1.0 1.0 1.0 2.0 223
0.0 0.8798034865571394 0.0 1.0 224
0.0 1.1350235736202463 0.0 1.0 225
1.0 1.1266767221518585 1.0 1.0 226
0.0 1.258824653457236 0.0 1.0 227
0.0 0.6388760636426007 0.0 1.0 228
-0.3694969161434033 1.0 0.0 1.0 229
0.0 1.3933645310876246 0.0 1.0 230
1.0 1.3691862758000988 1.0 1.0 231
1.0 0.635974967485736 1.0 1.0 232
1.3967755806144326 1.0 1.0 1.0 233
0.0 1.50471986515773 0.0 1.0 234
0.0 0.3692300953071542 0.0 1.0 235
0.0 1.6315473149732527 0.0 1.0 236
1.0 1.6220921363127463 1.0 1.0 237
-0.7502722268167765 1.0 0.0 1.0 238
0.0 1.758478241840903 0.0 1.0 239
1.0 0.241100962068963 1.0 1.0 240
1.7459676544435578 1.0 1.0 1.0 241
0.0 0.1269606911092065 0.0 1.0 242
0.0 1.8800775987492049 0.0 1.0 243
1.0 1.8723415705482747 1.0 1.0 244
*** t = 84
0.0 1.7507704746143302 0.0 2.0 63
1.0 1.7484883966485185 1.0 2.0 122
0.0 1.0 1.0 1.0 128
0.0 0.10728962249296004 0.0 0.0 133
1.513007740658657 1.0 2.0 1.0 138
0.8713400960467865 1.0 0.0 1.0 149
1.0 1.7453794052221707 1.0 2.0 150
0.0 0.8737375932374961 0.0 0.0 151
-0.3746462997327862 1.0 -1.0 1.0 157
0.7747141550572565 1.0 1.0 1.0 158
0.0 1.5152322837216747 0.0 2.0 163
0.4766595159334867 1.0 0.0 1.0 165
1.0 1.2554202689673435 1.0 2.0 172
0.0 1.0 0.0 0.0 175
1.0 1.875235500588069 1.0 2.0 180
1.7529324849967223 1.0 2.0 1.0 181
0.0 1.758767154324353 0.0 2.0 183
0.7549792557322752 1.0 0.0 1.0 188
0.876457868817532 1.0 0.0 1.0 191
1.0 1.0 0.0 1.0 192
0.25923814346788876 1.0 1.0 1.0 196
-0.25318601229428883 1.0 -1.0 1.0 197
1.0 1.0 2.0 1.0 200
1.0 1.8747420384148166 1.0 2.0 201
0.0 0.25761686706595577 0.0 0.0 202
0.8886950936579107 1.0 1.0 1.0 203
1.0 0.26352696049338364 1.0 0.0 204
0.12366749941266775 1.0 0.0 1.0 205
0.7523510898077701 1.0 1.0 1.0 206
0.0 1.597941348345955 0.0 2.0 207
1.0 0.37663194889331647 1.0 0.0 208
-0.49622986274559866 1.0 -1.0 1.0 209
0.512400126732 1.0 1.0 1.0 210
0.37396854397826745 1.0 1.0 1.0 211
-0.36806383249298996 1.0 -1.0 1.0 212
0.4946968272201407 1.0 0.0 1.0 213
1.0 0.6362231570810059 1.0 0.0 214
0.6265860530780671 1.0 0.0 1.0 215
0.2464332271590627 1.0 1.0 1.0 216
-0.25281494600865284 1.0 -1.0 1.0 217
0.0 1.123332741215451 0.0 2.0 218
1.0 1.2518779599936103 1.0 2.0 219
0.0 1.0 1.0 1.0 220
0.0 0.873526543185597 0.0 0.0 221
1.0 1.0 0.0 1.0 222
1.0 1.1300529260106196 1.0 2.0 223
0.0 1.0 0.0 2.0 224
0.0 1.011455512708853 0.0 1.0 225
1.0 1.0019162538878383 1.0 1.0 226
0.0 1.135295429033442 0.0 1.0 227
0.0 0.7666512763711208 0.0 1.0 228
-0.24339629937208399 1.0 0.0 1.0 229
0.0 1.2720374373051495 0.0 1.0 230
1.0 1.2430235309601185 1.0 1.0 231
1.0 0.7631699609828833 1.0 1.0 232
1.2761306967373192 1.0 1.0 1.0 233
0.0 1.3808998314471626 0.0 1.0 234
0.0 0.49230679374287234 0.0 1.0 235
0.0 1.5087297532976702 0.0 1.0 236
1.0 1.496122848416995 1.0 1.0 237
-0.6254083402251648 1.0 0.0 1.0 238
0.0 1.6377173627613546 0.0 1.0 239
1.0 0.3616514431034445 1.0 1.0 240
1.6189514816653368 1.0 1.0 1.0 241
0.0 0.253921382218413 0.0 1.0 242
0.0 1.7601551974984098 0.0 1.0 243
1.0 1.7446831410965493 1.0 1.0 244
0.0 1.8753554724891217 0.0 1.0 245
*** t = 85
0.0 1.875898887050052 0.0 2.0 63
1.0 1.873236462756605 1.0 2.0 122
0.12659917741341076 1.0 1.0 1.0 128
1.6412596758233213 1.0 2.0 1.0 138
0.742680192093573 1.0 0.0 1.0 149
1.0 1.8696093060925325 1.0 2.0 150
0.0 0.7474751864749922 0.0 0.0 151
-0.49952839964371487 1.0 -1.0 1.0 157
0.9038331809001325 1.0 1.0 1.0 158
0.0 1.6440403546520934 0.0 2.0 163
0.34582439491685835 1.0 0.0 1.0 165
1.0 1.3831304034510152 1.0 2.0 172
0.0 0.8732422081990296 0.0 0.0 175
1.878421232496176 1.0 2.0 1.0 181
0.0 1.8852283467117452 0.0 2.0 183
0.6324688835984128 1.0 0.0 1.0 188
0.7529157376350639 1.0 0.0 1.0 191
0.875821713385947 1.0 0.0 1.0 192
0.38885721520183314 1.0 1.0 1.0 196
-0.37977901844143325 1.0 -1.0 1.0 197
1.1278409864042291 1.0 2.0 1.0 200
1.0 1.9997051867597904 1.0 2.0 201
0.0 0.13388634491028173 0.0 0.0 202
1.0 1.0 2.0 1.0 203
1.0 0.1407814539089476 1.0 0.0 204
0.0 1.0 1.0 1.0 205
0.8777429381090651 1.0 1.0 1.0 206
0.0 1.717529618015146 0.0 2.0 207
1.0 0.2519583386719798 1.0 0.0 208
-0.6202873284319983 1.0 -1.0 1.0 209
0.640500158415 1.0 1.0 1.0 210
0.4986247253043566 1.0 1.0 1.0 211
-0.49075177665731995 1.0 -1.0 1.0 212
0.3683710340251759 1.0 0.0 1.0 213
1.0 0.5149642094413411 1.0 0.0 214
0.5021147374374229 1.0 0.0 1.0 215
0.3696498407385941 1.0 1.0 1.0 216
-0.37922241901297926 1.0 -1.0 1.0 217
0.0 1.246665482430902 0.0 2.0 218
1.0 1.3778169399904154 1.0 2.0 219
0.12426581712305441 1.0 1.0 1.0 220
0.0 0.7470530863711939 0.0 0.0 221
0.8753822564410205 1.0 0.0 1.0 222
1.0 1.2601058520212391 1.0 2.0 223
0.0 1.1256862123653055 0.0 2.0 224
0.0 1.0 -1.0 1.0 225
1.0 1.0 2.0 1.0 226
0.0 1.011766204609648 0.0 1.0 227
0.0 0.894426489099641 0.0 1.0 228
-0.11729568260076467 1.0 0.0 1.0 229
0.0 1.1507103435226744 0.0 1.0 230
1.0 1.1168607861201383 1.0 1.0 231
1.0 0.8903649544800305 1.0 1.0 232
1.1554858128602057 1.0 1.0 1.0 233
0.0 1.257079797736595 0.0 1.0 234
0.0 0.6153834921785905 0.0 1.0 235
0.0 1.3859121916220878 0.0 1.0 236
1.0 1.3701535605212438 1.0 1.0 237
-0.500544453633553 1.0 0.0 1.0 238
0.0 1.5169564836818061 0.0 1.0 239
1.0 0.482201924137926 1.0 1.0 240
1.4919353088871157 1.0 1.0 1.0 241
0.0 0.3808820733276195 0.0 1.0 242
0.0 1.6402327962476146 0.0 1.0 243
1.0 1.617024711644824 1.0 1.0 244
0.0 1.7507109449782434 0.0 1.0 245
0.0 0.12625416611017576 0.0 1.0 246
-0.8765636282919629 1.0 0.0 1.0 247
0.0 1.8785552985675618 0.0 1.0 248
1.0 1.8780241975208294 1.0 1.0 249
1.0 0.130265708006708 1.0 1.0 250
1.8741929370388508 1.0 1.0 1.0 251
*** t = 86
1.0 1.9979845288646914 1.0 2.0 122
0.2531983548268215 1.0 1.0 1.0 128
1.7695116109879856 1.0 2.0 1.0 138
0.6140202881403596 1.0 0.0 1.0 149
1.0 1.9938392069628943 1.0 2.0 150
0.0 0.6212127797124883 0.0 0.0 151
-0.6244104995546436 1.0 -1.0 1.0 157
1.0 1.0 1.0 0.0 158
0.0 1.772848425582512 0.0 2.0 163
0.21498927390022998 1.0 0.0 1.0 165
1.0 1.510840537934687 1.0 2.0 172
0.0 0.7464844163980593 0.0 0.0 175
0.5099585114645504 1.0 0.0 1.0 188
0.6293736064525959 1.0 0.0 1.0 191
0.7516434267718941 1.0 0.0 1.0 192
0.5184762869357775 1.0 1.0 1.0 196
-0.5063720245885777 1.0 -1.0 1.0 197
1.2556819728084583 1.0 2.0 1.0 200
0.0 0.010155822754607677 0.0 0.0 202
1.1269564419511302 1.0 2.0 1.0 203
1.0 0.01803594732451158 1.0 0.0 204
0.12519035722676175 1.0 1.0 1.0 205
1.0 1.0 1.0 2.0 206
0.0 1.837117887684337 0.0 2.0 207
1.0 0.12728472845064315 1.0 0.0 208
-0.7443447941183979 1.0 -1.0 1.0 209
0.768600190098 1.0 1.0 1.0 210
0.6232809066304458 1.0 1.0 1.0 211
-0.61343972082165 1.0 -1.0 1.0 212
0.24204524083021112 1.0 0.0 1.0 213
1.0 0.3937052618016764 1.0 0.0 214
0.3776434217967786 1.0 0.0 1.0 215
0.4928664543181254 1.0 1.0 1.0 216
-0.5056298920173057 1.0 -1.0 1.0 217
0.0 1.369998223646353 0.0 2.0 218
1.0 1.5037559199872206 1.0 2.0 219
0.24853163424610883 1.0 1.0 1.0 220
0.0 0.6205796295567909 0.0 0.0 221
0.750764512882041 1.0 0.0 1.0 222
1.0 1.3901587780318587 1.0 2.0 223
0.0 1.251372424730611 0.0 2.0 224
-0.12356806091139334 1.0 -1.0 1.0 225
1.1247604682640202 1.0 2.0 1.0 226
0.0 1.0 0.0 2.0 227
0.0 1.0 0.0 0.0 228
0.0 1.0 -1.0 1.0 229
0.0 1.0293832497401993 0.0 1.0 230
1.0 1.0 1.0 0.0 231
1.0 1.0 2.0 1.0 232
1.0348409289830922 1.0 1.0 1.0 233
0.0 1.1332597640260276 0.0 1.0 234
0.0 0.7384601906143086 0.0 1.0 235
0.0 1.2630946299465053 0.0 1.0 236
1.0 1.2441842726254926 1.0 1.0 237
-0.3756805670419413 1.0 0.0 1.0 238
0.0 1.3961956046022577 0.0 1.0 239
1.0 0.6027524051724075 1.0 1.0 240
1.3649191361088946 1.0 1.0 1.0 241
0.0 0.507842764436826 0.0 1.0 242
0.0 1.5203103949968195 0.0 1.0 243
1.0 1.4893662821930986 1.0 1.0 244
0.0 1.6260664174673651 0.0 1.0 245
0.0 0.2525083322203515 0.0 1.0 246
-0.7531272565839258 1.0 0.0 1.0 247
0.0 1.7571105971351235 0.0 1.0 248
1.0 1.7560483950416588 1.0 1.0 249
1.0 0.260531416013416 1.0 1.0 250
1.7483858740777016 1.0 1.0 1.0 251
0.0 1.8782673752464314 0.0 1.0 252
*** t = 87
0.37979753224023227 1.0 1.0 1.0 128
1.8977635461526499 1.0 2.0 1.0 138
0.4853603841871461 1.0 0.0 1.0 149
0.0 0.49495037294998445 0.0 0.0 151
-0.7492925994655723 1.0 -1.0 1.0 157
1.0 0.870880974157124 1.0 0.0 158
0.0 1.9016564965129308 0.0 2.0 163
0.08415415288360162 1.0 0.0 1.0 165
1.0 1.6385506724183587 1.0 2.0 172
0.0 0.6197266245970889 0.0 0.0 175
0.387448139330688 1.0 0.0 1.0 188
0.5058314752701278 1.0 0.0 1.0 191
0.6274651401578412 1.0 0.0 1.0 192
0.6480953586697219 1.0 1.0 1.0 196
-0.6329650307357221 1.0 -1.0 1.0 197
1.3835229592126874 1.0 2.0 1.0 200
1.2539128839022604 1.0 2.0 1.0 203
0.2503807144535235 1.0 1.0 1.0 205
1.0 1.125391848301295 1.0 2.0 206
0.0 1.956706157353528 0.0 2.0 207
1.0 0.002611118229306472 1.0 0.0 208
-0.8684022598047976 1.0 -1.0 1.0 209
0.896700221781 1.0 1.0 1.0 210
0.7479370879565349 1.0 1.0 1.0 211
-0.73612766498598 1.0 -1.0 1.0 212
0.11571944763524633 1.0 0.0 1.0 213
1.0 0.2724463141620117 1.0 0.0 214
0.2531721061561344 1.0 0.0 1.0 215
0.6160830678976568 1.0 1.0 1.0 216
-0.6320373650216321 1.0 -1.0 1.0 217
0.0 1.493330964861804 0.0 2.0 218
1.0 1.6296948999840257 1.0 2.0 219
0.37279745136916326 1.0 1.0 1.0 220
0.0 0.4941061727423879 0.0 0.0 221
0.6261467693230616 1.0 0.0 1.0 222
1.0 1.5202117040424783 1.0 2.0 223
0.0 1.3770586370959166 0.0 2.0 224
-0.2471361218227867 1.0 -1.0 1.0 225
1.2495209365280404 1.0 2.0 1.0 226
0.0 1.123529224423794 0.0 2.0 227
0.0 0.8722247872714799 0.0 0.0 228
-0.1261006167713193 1.0 -1.0 1.0 229
0.0 1.0 1.0 1.0 230
1.0 0.8738372551600198 1.0 0.0 231
1.1271949934971472 1.0 2.0 1.0 232
1.0 1.0 0.0 1.0 233
0.0 1.00943973031546 0.0 1.0 234
0.0 0.8615368890500267 0.0 1.0 235
0.0 1.140277068270923 0.0 1.0 236
1.0 1.1182149847297413 1.0 1.0 237
-0.25081668045032957 1.0 0.0 1.0 238
0.0 1.2754347255227092 0.0 1.0 239
1.0 0.723302886206889 1.0 1.0 240
1.2379029633306735 1.0 1.0 1.0 241
0.0 0.6348034555460325 0.0 1.0 242
0.0 1.4003879937460244 0.0 1.0 243
1.0 1.3617078527413733 1.0 1.0 244
0.0 1.5014218899564868 0.0 1.0 245
0.0 0.3787624983305273 0.0 1.0 246
-0.6296908848758886 1.0 0.0 1.0 247
0.0 1.6356658957026853 0.0 1.0 248
1.0 1.6340725925624882 1.0 1.0 249
1.0 0.390797124020124 1.0 1.0 250
1.6225788111165524 1.0 1.0 1.0 251
0.0 1.7565347504928628 0.0 1.0 252
0.0 0.12298392820150199 0.0 1.0 253
0.0 1.8770655606681708 0.0 1.0 254
1.0 1.8754394657036921 1.0 1.0 255
*** t = 88
0.506396709653643 1.0 1.0 1.0 128
0.35670048023393264 1.0 0.0 1.0 149
0.0 0.36868796618748056 0.0 0.0 151
-0.8741746993765009 1.0 -1.0 1.0 157
1.0 0.7417619483142479 1.0 0.0 158
0.0 1.0 0.0 0.0 165
1.0 1.7662608069020305 1.0 2.0 172
0.0 0.4929688327961186 0.0 0.0 175
0.2649377671968256 1.0 0.0 1.0 188
0.3822893440876598 1.0 0.0 1.0 191
0.5032868535437882 1.0 0.0 1.0 192
0.7777144304036663 1.0 1.0 1.0 196
-0.7595580368828665 1.0 -1.0 1.0 197
1.5113639456169166 1.0 2.0 1.0 200
1.3808693258533906 1.0 2.0 1.0 203
0.37557107168028525 1.0 1.0 1.0 205
1.0 1.25078369660259 1.0 2.0 206
-0.9924597254911972 1.0 -1.0 1.0 209
1.0 1.0 0.0 1.0 210
0.872593269282624 1.0 1.0 1.0 211
-0.8588156091503101 1.0 -1.0 1.0 212
0.0 1.0 -1.0 1.0 213
1.0 0.15118736652234702 1.0 0.0 214
0.12870079051549016 1.0 0.0 1.0 215
0.7392996814771882 1.0 1.0 1.0 216
-0.7584448380259585 1.0 -1.0 1.0 217
0.0 1.616663706077255 0.0 2.0 218
1.0 1.7556338799808309 1.0 2.0 219
0.49706326849221766 1.0 1.0 1.0 220
0.0 0.36763271592798485 0.0 0.0 221
0.5015290257640821 1.0 0.0 1.0 222
1.0 1.6502646300530979 1.0 2.0 223
0.0 1.502744849461222 0.0 2.0 224
-0.37070418273418004 1.0 -1.0 1.0 225
1.3742814047920606 1.0 2.0 1.0 226
0.0 1.247058448847588 0.0 2.0 227
0.0 0.7444495745429598 0.0 0.0 228
-0.2522012335426386 1.0 -1.0 1.0 229
0.12132709378247508 1.0 1.0 1.0 230
1.0 0.7476745103200395 1.0 0.0 231
1.2543899869942945 1.0 2.0 1.0 232
0.8793551161228865 1.0 0.0 1.0 233
0.0 1.0 0.0 0.0 234
0.0 0.9846135874857448 0.0 1.0 235
0.0 1.0174595065953405 0.0 1.0 236
1.0 1.0 2.0 1.0 237
-0.12595279385871783 1.0 0.0 1.0 238
0.0 1.1546738464431607 0.0 1.0 239
1.0 0.8438533672413705 1.0 1.0 240
1.1108867905524524 1.0 1.0 1.0 241
0.0 0.761764146655239 0.0 1.0 242
0.0 1.2804655924952293 0.0 1.0 243
1.0 1.234049423289648 1.0 1.0 244
0.0 1.3767773624456086 0.0 1.0 245
0.0 0.505016664440703 0.0 1.0 246
-0.5062545131678515 1.0 0.0 1.0 247
0.0 1.514221194270247 0.0 1.0 248
1.0 1.5120967900833175 1.0 1.0 249
1.0 0.521062832026832 1.0 1.0 250
1.4967717481554033 1.0 1.0 1.0 251
0.0 1.6348021257392942 0.0 1.0 252
0.0 0.24596785640300398 0.0 1.0 253
0.0 1.7541311213363415 0.0 1.0 254
1.0 1.7508789314073843 1.0 1.0 255
-0.8757091188553562 1.0 0.0 1.0 256
0.0 1.8775674794677522 0.0 1.0 257
1.0 0.12737302033559522 1.0 1.0 258
1.8706161300387039 1.0 1.0 1.0 259
*** t = 89
0.6329958870670538 1.0 1.0 1.0 128
0.2280405762807192 1.0 0.0 1.0 149
0.0 0.24242555942497668 0.0 0.0 151
-0.9990567992874296 1.0 -1.0 1.0 157
1.0 0.6126429224713719 1.0 0.0 158
0.0 0.8691648789833717 0.0 0.0 165
1.0 1.8939709413857022 1.0 2.0 172
0.0 0.36621104099514823 0.0 0.0 175
0.1424273950629632 1.0 0.0 1.0 188
0.25874721290519176 1.0 0.0 1.0 191
0.37910856692973527 1.0 0.0 1.0 192
0.9073335021376107 1.0 1.0 1.0 196
-0.8861510430300109 1.0 -1.0 1.0 197
1.6392049320211457 1.0 2.0 1.0 200
1.5078257678045208 1.0 2.0 1.0 203
0.500761428907047 1.0 1.0 1.0 205
1.0 1.376175544903885 1.0 2.0 206
0.871899968317 1.0 0.0 1.0 210
0.9972494506087132 1.0 1.0 1.0 211
-0.9815035533146401 1.0 -1.0 1.0 212
-0.12632579319496479 1.0 -1.0 1.0 213
1.0 0.02992841888268233 1.0 0.0 214
0.004229474874845915 1.0 0.0 1.0 215
0.8625162950567196 1.0 1.0 1.0 216
-0.8848523110302849 1.0 -1.0 1.0 217
0.0 1.739996447292706 0.0 2.0 218
1.0 1.881572859977636 1.0 2.0 219
0.6213290856152721 1.0 1.0 1.0 220
0.0 0.24115925911358185 0.0 0.0 221
0.3769112822051026 1.0 0.0 1.0 222
1.0 1.7803175560637174 1.0 2.0 223
0.0 1.6284310618265276 0.0 2.0 224
-0.4942722436455734 1.0 -1.0 1.0 225
1.4990418730560808 1.0 2.0 1.0 226
0.0 1.370587673271382 0.0 2.0 227
0.0 0.6166743618144397 0.0 0.0 228
-0.3783018503139579 1.0 -1.0 1.0 229
0.24265418756495016 1.0 1.0 1.0 230
1.0 0.6215117654800593 1.0 0.0 231
1.3815849804914417 1.0 2.0 1.0 232
0.758710232245773 1.0 0.0 1.0 233
0.0 0.8761799662894324 0.0 0.0 234
0.0 1.0 -1.0 1.0 235
0.0 1.0 -1.0 1.0 236
1.1259692878957512 1.0 2.0 1.0 237
-0.0010889072671060873 1.0 0.0 1.0 238
0.0 1.0339129673636123 0.0 1.0 239
1.0 0.964403848275852 1.0 1.0 240
1.0 1.0 0.0 1.0 241
0.0 0.8887248377644454 0.0 1.0 242
0.0 1.1605431912444342 0.0 1.0 243
1.0 1.1063909938379226 1.0 1.0 244
0.0 1.2521328349347303 0.0 1.0 245
0.0 0.6312708305508787 0.0 1.0 246
-0.38281814145981435 1.0 0.0 1.0 247
0.0 1.3927764928378088 0.0 1.0 248
1.0 1.390120987604147 1.0 1.0 249
1.0 0.65132854003354 1.0 1.0 250
1.370964685194254 1.0 1.0 1.0 251
0.0 1.5130695009857256 0.0 1.0 252
0.0 0.36895178460450595 0.0 1.0 253
0.0 1.6311966820045123 0.0 1.0 254
1.0 1.6263183971110764 1.0 1.0 255
-0.7514182377107124 1.0 0.0 1.0 256
0.0 1.7551349589355043 0.0 1.0 257
1.0 0.25474604067119044 1.0 1.0 258
1.7412322600774077 1.0 1.0 1.0 259
0.0 0.12408057716739766 0.0 1.0 260
0.0 1.8757148121850644 0.0 1.0 261
1.0 1.871397595301231 1.0 1.0 262
*** t = 90
0.7595950644804645 1.0 1.0 1.0 128
0.09938067232750575 1.0 0.0 1.0 149
0.0 0.11616315266247279 0.0 0.0 151
1.0 0.48352389662849576 1.0 0.0 158
0.0 0.7383297579667434 0.0 0.0 165
0.0 0.2394532491941779 0.0 0.0 175
0.019917022929100817 1.0 0.0 1.0 188
0.13520508172272372 1.0 0.0 1.0 191
0.2549302803156823 1.0 0.0 1.0 192
1.0 1.0 0.0 1.0 196
1.7670459184253748 1.0 2.0 1.0 200
1.634782209755651 1.0 2.0 1.0 203
0.6259517861338088 1.0 1.0 1.0 205
1.0 1.50156739320518 1.0 2.0 206
0.743799936634 1.0 0.0 1.0 210
1.0 1.0 0.0 1.0 211
-0.25265158638992957 1.0 -1.0 1.0 213
0.0 1.0 1.0 1.0 215
0.985732908636251 1.0 1.0 1.0 216
0.0 1.863329188508157 0.0 2.0 218
0.7455949027383265 1.0 1.0 1.0 220
0.0 0.11468580229917885 0.0 0.0 221
0.25229353864612314 1.0 0.0 1.0 222
1.0 1.910370482074337 1.0 2.0 223
0.0 1.7541172741918332 0.0 2.0 224
-0.6178403045569667 1.0 -1.0 1.0 225
1.623802341320101 1.0 2.0 1.0 226
0.0 1.494116897695176 0.0 2.0 227
0.0 0.4888991490859195 0.0 0.0 228
-0.5044024670852773 1.0 -1.0 1.0 229
0.36398128134742525 1.0 1.0 1.0 230
1.0 0.495349020640079 1.0 0.0 231
1.508779973988589 1.0 2.0 1.0 232
0.6380653483686596 1.0 0.0 1.0 233
0.0 0.7523599325788648 0.0 0.0 234
-0.12307669843571808 1.0 -1.0 1.0 235
-0.12281756167558236 1.0 -1.0 1.0 236
1.2519385757915025 1.0 2.0 1.0 237
0.0 1.0 0.0 0.0 238
0.0 1.0 -1.0 1.0 239
1.0 1.0 0.0 1.0 240
0.872983827221779 1.0 0.0 1.0 241
0.0 1.0 0.0 0.0 242
0.0 1.040620789993639 0.0 1.0 243
1.0 1.0 1.0 0.0 244
0.0 1.127488307423852 0.0 1.0 245
0.0 0.7575249966610544 0.0 1.0 246
-0.2593817697517772 1.0 0.0 1.0 247
0.0 1.2713317914053706 0.0 1.0 248
1.0 1.2681451851249763 1.0 1.0 249
1.0 0.781594248040248 1.0 1.0 250
1.2451576222331049 1.0 1.0 1.0 251
0.0 1.391336876232157 0.0 1.0 252
0.0 0.49193571280600795 0.0 1.0 253
0.0 1.508262242672683 0.0 1.0 254
1.0 1.5017578628147685 1.0 1.0 255
-0.6271273565660686 1.0 0.0 1.0 256
0.0 1.6327024384032565 0.0 1.0 257
1.0 0.38211906100678567 1.0 1.0 258
1.6118483901161116 1.0 1.0 1.0 259
0.0 0.24816115433479533 0.0 1.0 260
0.0 1.7514296243701288 0.0 1.0 261
1.0 1.742795190602462 1.0 1.0 262
0.0 1.8752989732555312 0.0 1.0 263
*** t = 91
0.8861942418938753 1.0 1.0 1.0 128
0.0 1.0 1.0 1.0 149
1.0 0.35440487078561966 1.0 0.0 158
0.0 0.6074946369501151 0.0 0.0 165
0.0 0.11269545739320758 0.0 0.0 175
0.0 1.0 0.0 0.0 188
0.011662950540255665 1.0 0.0 1.0 191
0.13075199370162935 1.0 0.0 1.0 192
0.8703809282660556 1.0 0.0 1.0 196
1.894886904829604 1.0 2.0 1.0 200
1.7617386517067812 1.0 2.0 1.0 203
0.7511421433605705 1.0 1.0 1.0 205
1.0 1.626959241506475 1.0 2.0 206
0.615699904951 1.0 0.0 1.0 210
0.8753438186739109 1.0 0.0 1.0 211
-0.37897737958489436 1.0 -1.0 1.0 213
0.12447131564064425 1.0 1.0 1.0 215
1.0 1.0 1.0 0.0 216
0.0 1.986661929723608 0.0 2.0 218
0.8698607198613809 1.0 1.0 1.0 220
0.12767579508714366 1.0 0.0 1.0 222
0.0 1.8798034865571387 0.0 2.0 224
-0.7414083654683601 1.0 -1.0 1.0 225
1.7485628095841212 1.0 2.0 1.0 226
0.0 1.61764612211897 0.0 2.0 227
0.0 0.36112393635739937 0.0 0.0 228
-0.6305030838565966 1.0 -1.0 1.0 229
0.4853083751299003 1.0 1.0 1.0 230
1.0 0.3691862758000988 1.0 0.0 231
1.6359749674857362 1.0 2.0 1.0 232
0.5174204644915461 1.0 0.0 1.0 233
0.0 0.6285398988682972 0.0 0.0 234
-0.24615339687143617 1.0 -1.0 1.0 235
-0.24563512335116472 1.0 -1.0 1.0 236
1.3779078636872537 1.0 2.0 1.0 237
0.0 0.8751361134083883 0.0 0.0 238
-0.12076087907954842 1.0 -1.0 1.0 239
0.8794495189655185 1.0 0.0 1.0 240
0.7459676544435581 1.0 0.0 1.0 241
0.0 0.8730393088907935 0.0 0.0 242
0.0 1.0 0.0 0.0 243
1.0 0.8723415705482748 1.0 0.0 244
0.0 1.0028437799129737 0.0 1.0 245
0.0 0.8837791627712301 0.0 1.0 246
-0.13594539804374 1.0 0.0 1.0 247
0.0 1.1498870899729323 0.0 1.0 248
1.0 1.1461693826458057 1.0 1.0 249
1.0 0.911859956046956 1.0 1.0 250
1.1193505592719557 1.0 1.0 1.0 251
0.0 1.2696042514785884 0.0 1.0 252
0.0 0.61491964100751 0.0 1.0 253
0.0 1.3853278033408538 0.0 1.0 254
1.0 1.3771973285184607 1.0 1.0 255
-0.5028364754214247 1.0 0.0 1.0 256
0.0 1.5102699178710086 0.0 1.0 257
1.0 0.5094920813423809 1.0 1.0 258
1.4824645201548154 1.0 1.0 1.0 259
0.0 0.372241731502193 0.0 1.0 260
0.0 1.6271444365551933 0.0 1.0 261
1.0 1.6141927859036929 1.0 1.0 262
0.0 1.7505979465110624 0.0 1.0 263
0.0 0.12334782636002158 0.0 1.0 264
-0.8734214387566975 1.0 0.0 1.0 265
0.0 1.87541409843211 0.0 1.0 266
1.0 1.8776679300318952 1.0 1.0 267
1.0 0.12526586524963976 1.0 1.0 268
1.8691964620898256 1.0 1.0 1.0 269
*** t = 92
1.0 1.0 2.0 1.0 128
0.12865990395321344 1.0 1.0 1.0 149
1.0 0.22528584494274356 1.0 0.0 158
0.0 0.4766595159334867 0.0 0.0 165
0.0 0.8774896278661376 0.0 0.0 188
0.0 1.0 -1.0 1.0 191
0.006573707087576375 1.0 0.0 1.0 192
0.7407618565321112 1.0 0.0 1.0 196
1.8886950936579114 1.0 2.0 1.0 203
0.8763325005873323 1.0 1.0 1.0 205
1.0 1.75235108980777 1.0 2.0 206
0.48759987326800003 1.0 0.0 1.0 210
0.7506876373478217 1.0 0.0 1.0 211
-0.5053031727798591 1.0 -1.0 1.0 213
0.2489426312812885 1.0 1.0 1.0 215
1.0 0.8767833864204686 1.0 0.0 216
0.9941265369844353 1.0 1.0 1.0 220
0.0030580515281641713 1.0 0.0 1.0 222
-0.8649764263797535 1.0 -1.0 1.0 225
1.8733232778481415 1.0 2.0 1.0 226
0.0 1.741175346542764 0.0 2.0 227
0.0 0.2333487236288792 0.0 0.0 228
-0.7566037006279159 1.0 -1.0 1.0 229
0.6066354689123754 1.0 1.0 1.0 230
1.0 0.2430235309601185 1.0 0.0 231
1.7631699609828835 1.0 2.0 1.0 232
0.3967755806144326 1.0 0.0 1.0 233
0.0 0.5047198651577296 0.0 0.0 234
-0.3692300953071542 1.0 -1.0 1.0 235
-0.3684526850267471 1.0 -1.0 1.0 236
1.503877151583005 1.0 2.0 1.0 237
0.0 0.7502722268167765 0.0 0.0 238
-0.24152175815909685 1.0 -1.0 1.0 239
0.758899037931037 1.0 0.0 1.0 240
0.6189514816653371 1.0 0.0 1.0 241
0.0 0.746078617781587 0.0 0.0 242
0.0 0.8800775987492049 0.0 0.0 243
1.0 0.7446831410965495 1.0 0.0 244
0.0 1.0 1.0 1.0 245
0.0 1.0 0.0 0.0 246
-0.012509026335702833 1.0 0.0 1.0 247
0.0 1.028442388540494 0.0 1.0 248
1.0 1.024193580166635 1.0 1.0 249
1.0 1.0 0.0 1.0 250
1.0 1.0 2.0 1.0 251
0.0 1.1478716267250197 0.0 1.0 252
0.0 0.7379035692090119 0.0 1.0 253
0.0 1.2623933640090246 0.0 1.0 254
1.0 1.2526367942221528 1.0 1.0 255
-0.3785455942767809 1.0 0.0 1.0 256
0.0 1.3878373973387608 0.0 1.0 257
1.0 0.636865101677976 1.0 1.0 258
1.3530806501935193 1.0 1.0 1.0 259
0.0 0.49632230866959065 0.0 1.0 260
0.0 1.5028592487402577 0.0 1.0 261
1.0 1.4855903812049238 1.0 1.0 262
0.0 1.6258969197665936 0.0 1.0 263
0.0 0.24669565272004315 0.0 1.0 264
-0.7468428775133951 1.0 0.0 1.0 265
0.0 1.7508281968642199 0.0 1.0 266
1.0 1.7553358600637905 1.0 1.0 267
1.0 0.2505317304992795 1.0 1.0 268
1.7383929241796512 1.0 1.0 1.0 269
0.0 1.874483058949192 0.0 1.0 270
*** t = 93
1.1265991774134108 1.0 2.0 1.0 128
0.2573198079064269 1.0 1.0 1.0 149
1.0 0.09616681909986746 1.0 0.0 158
0.0 0.34582439491685835 0.0 0.0 165
0.0 0.7549792557322752 0.0 0.0 188
-0.12354213118246805 1.0 -1.0 1.0 191
0.0 1.0 1.0 1.0 192
0.6111427847981669 1.0 0.0 1.0 196
1.0 1.0 0.0 1.0 205
1.0 1.8777429381090651 1.0 2.0 206
0.35949984158500004 1.0 0.0 1.0 210
0.6260314560217326 1.0 0.0 1.0 211
-0.631628965974824 1.0 -1.0 1.0 213
0.37341394692193275 1.0 1.0 1.0 215
1.0 0.7535667728409372 1.0 0.0 216
1.0 1.0 0.0 1.0 220
0.0 1.0 0.0 0.0 222
-0.9885444872911469 1.0 -1.0 1.0 225
1.9980837461121617 1.0 2.0 1.0 226
0.0 1.864704570966558 0.0 2.0 227
0.0 0.10557351090035905 0.0 0.0 228
-0.8827043173992353 1.0 -1.0 1.0 229
0.7279625626948505 1.0 1.0 1.0 230
1.0 0.11686078612013823 1.0 0.0 231
1.8903649544800307 1.0 2.0 1.0 232
0.27613069673731905 1.0 0.0 1.0 233
0.0 0.380899831447162 0.0 0.0 234
-0.49230679374287234 1.0 -1.0 1.0 235
-0.49127024670232944 1.0 -1.0 1.0 236
1.6298464394787562 1.0 2.0 1.0 237
0.0 0.6254083402251648 0.0 0.0 238
-0.3622826372386453 1.0 -1.0 1.0 239
0.6383485568965555 1.0 0.0 1.0 240
0.4919353088871161 1.0 0.0 1.0 241
0.0 0.6191179266723805 0.0 0.0 242
0.0 0.7601551974984098 0.0 0.0 243
1.0 0.6170247116448243 1.0 0.0 244
0.12464452751087823 1.0 1.0 1.0 245
0.0 0.8737458338898243 0.0 0.0 246
0.0 1.0 0.0 0.0 247
0.0 1.0 1.0 1.0 248
1.0 1.0 2.0 1.0 249
0.869734291993292 1.0 0.0 1.0 250
1.1258070629611492 1.0 2.0 1.0 251
0.0 1.0261390019714511 0.0 1.0 252
0.0 0.8608874974105138 0.0 1.0 253
0.0 1.1394589246771953 0.0 1.0 254
1.0 1.128076259925845 1.0 1.0 255
-0.2542547131321371 1.0 0.0 1.0 256
0.0 1.265404876806513 0.0 1.0 257
1.0 0.7642381220135712 1.0 1.0 258
1.2236967802322232 1.0 1.0 1.0 259
0.0 0.6204028858369883 0.0 1.0 260
0.0 1.378574060925322 0.0 1.0 261
1.0 1.3569879765061548 1.0 1.0 262
0.0 1.5011958930221247 0.0 1.0 263
0.0 0.37004347908006474 0.0 1.0 264
-0.6202643162700926 1.0 0.0 1.0 265
0.0 1.6262422952963298 0.0 1.0 266
1.0 1.6330037900956857 1.0 1.0 267
1.0 0.37579759574891924 1.0 1.0 268
1.6075893862694768 1.0 1.0 1.0 269
0.0 1.7489661178983842 0.0 1.0 270
0.0 0.12136246178247338 0.0 1.0 271
0.0 1.8730660205143654 0.0 1.0 272
1.0 1.8797476711072294 1.0 1.0 273
*** t = 94
1.2531983548268215 1.0 2.0 1.0 128
0.3859797118596403 1.0 1.0 1.0 149
0.0 0.21498927390022998 0.0 0.0 165
0.0 0.6324688835984128 0.0 0.0 188
-0.2470842623649361 1.0 -1.0 1.0 191
0.12417828661405297 1.0 1.0 1.0 192
0.4815237130642225 1.0 0.0 1.0 196
0.8748096427732382 1.0 0.0 1.0 205
0.23139980990200004 1.0 0.0 1.0 210
0.5013752746956435 1.0 0.0 1.0 211
-0.7579547591697888 1.0 -1.0 1.0 213
0.497885262562577 1.0 1.0 1.0 215
1.0 0.6303501592614058 1.0 0.0 216
0.8757341828769456 1.0 0.0 1.0 220
0.0 0.8753822564410205 0.0 0.0 222
0.0 1.988233795390352 0.0 2.0 227
0.8492896564773256 1.0 1.0 1.0 230
0.15548581286020552 1.0 0.0 1.0 233
0.0 0.2570797977365944 0.0 0.0 234
-0.6153834921785905 1.0 -1.0 1.0 235
-0.6140878083779118 1.0 -1.0 1.0 236
1.7558157273745074 1.0 2.0 1.0 237
0.0 0.500544453633553 0.0 0.0 238
-0.4830435163181937 1.0 -1.0 1.0 239
0.5177980758620739 1.0 0.0 1.0 240
0.36491913610889515 1.0 0.0 1.0 241
0.0 0.49215723556317403 0.0 0.0 242
0.0 0.6402327962476146 0.0 0.0 243
1.0 0.4893662821930991 1.0 0.0 244
0.24928905502175647 1.0 1.0 1.0 245
0.0 0.7474916677796486 0.0 0.0 246
0.0 0.8765636282919629 0.0 0.0 247
0.12144470143243816 1.0 1.0 1.0 248
1.1219758024791706 1.0 2.0 1.0 249
0.739468583986584 1.0 0.0 1.0 250
1.2516141259222984 1.0 2.0 1.0 251
0.0 1.0 -1.0 1.0 252
0.0 0.9838714256120158 0.0 1.0 253
0.0 1.016524485345366 0.0 1.0 254
1.0 1.003515725629537 1.0 1.0 255
-0.12996383198749328 1.0 0.0 1.0 256
0.0 1.142972356274265 0.0 1.0 257
1.0 0.8916111423491664 1.0 1.0 258
1.094312910270927 1.0 1.0 1.0 259
0.0 0.744483463004386 0.0 1.0 260
0.0 1.2542888731103865 0.0 1.0 261
1.0 1.2283855718073857 1.0 1.0 262
0.0 1.376494866277656 0.0 1.0 263
0.0 0.4933913054400863 0.0 1.0 264
-0.49368575502679013 1.0 0.0 1.0 265
0.0 1.5016563937284397 0.0 1.0 266
1.0 1.510671720127581 1.0 1.0 267
1.0 0.501063460998559 1.0 1.0 268
1.4767858483593024 1.0 1.0 1.0 269
0.0 1.6234491768475763 0.0 1.0 270
0.0 0.24272492356494677 0.0 1.0 271
0.0 1.7461320410287309 0.0 1.0 272
1.0 1.7594953422144588 1.0 1.0 273
-0.8706460776003965 1.0 0.0 1.0 274
0.0 1.8752651156006177 0.0 1.0 275
1.0 0.1267997922117124 1.0 1.0 276
1.8748985059447048 1.0 1.0 1.0 277
*** t = 95
1.3797975322402323 1.0 2.0 1.0 128
0.5146396158128538 1.0 1.0 1.0 149
0.0 0.08415415288360162 0.0 0.0 165
0.0 0.5099585114645504 0.0 0.0 188
-0.3706263935474042 1.0 -1.0 1.0 191
0.24835657322810595 1.0 1.0 1.0 192
0.3519046413302781 1.0 0.0 1.0 196
0.7496192855464765 1.0 0.0 1.0 205
0.10329977821900005 1.0 0.0 1.0 210
0.37671909336955434 1.0 0.0 1.0 211
-0.8842805523647537 1.0 -1.0 1.0 213
0.6223565782032212 1.0 1.0 1.0 215
1.0 0.5071335456818744 1.0 0.0 216
0.7514683657538912 1.0 0.0 1.0 220
0.0 0.750764512882041 0.0 0.0 222
0.9706167502598007 1.0 1.0 1.0 230
0.03484092898309199 1.0 0.0 1.0 233
0.0 0.1332597640260268 0.0 0.0 234
-0.7384601906143086 1.0 -1.0 1.0 235
-0.7369053700534941 1.0 -1.0 1.0 236
1.8817850152702587 1.0 2.0 1.0 237
0.0 0.3756805670419413 0.0 0.0 238
-0.6038043953977421 1.0 -1.0 1.0 239
0.3972475948275924 1.0 0.0 1.0 240
0.23790296333067415 1.0 0.0 1.0 241
0.0 0.36519654445396754 0.0 0.0 242
0.0 0.5203103949968195 0.0 0.0 243
1.0 0.36170785274137385 1.0 0.0 244
0.3739335825326347 1.0 1.0 1.0 245
0.0 0.6212375016694729 0.0 0.0 246
0.0 0.7531272565839258 0.0 0.0 247
0.2428894028648763 1.0 1.0 1.0 248
1.2439516049583412 1.0 2.0 1.0 249
0.609202875979876 1.0 0.0 1.0 250
1.3774211888834476 1.0 2.0 1.0 251
-0.1217326247535685 1.0 -1.0 1.0 252
0.0 1.0 -1.0 1.0 253
0.0 1.0 0.0 2.0 254
1.0 1.0 0.0 1.0 255
-0.005672950842849467 1.0 0.0 1.0 256
0.0 1.0205398357420172 0.0 1.0 257
1.0 1.0 0.0 1.0 258
1.0 1.0 1.0 2.0 259
0.0 0.8685640401717836 0.0 1.0 260
0.0 1.130003685295451 0.0 1.0 261
1.0 1.0997831671086167 1.0 1.0 262
0.0 1.2517938395331871 0.0 1.0 263
0.0 0.6167391318001079 0.0 1.0 264
-0.36710719378348766 1.0 0.0 1.0 265
0.0 1.3770704921605497 0.0 1.0 266
1.0 1.3883396501594762 1.0 1.0 267
1.0 0.6263293262481988 1.0 1.0 268
1.345982310449128 1.0 1.0 1.0 269
0.0 1.4979322357967684 0.0 1.0 270
0.0 0.36408738534742013 0.0 1.0 271
0.0 1.6191980615430963 0.0 1.0 272
1.0 1.6392430133216882 1.0 1.0 273
-0.741292155200793 1.0 0.0 1.0 274
0.0 1.7505302312012354 0.0 1.0 275
1.0 0.2535995844234248 1.0 1.0 276
1.7497970118894095 1.0 1.0 1.0 277
0.0 0.1274865930274101 0.0 1.0 278
0.0 1.8751687709808753 0.0 1.0 279
1.0 1.8707766470128486 1.0 1.0 280
*** t = 96
1.506396709653643 1.0 2.0 1.0 128
0.6432995197660673 1.0 1.0 1.0 149
0.0 0.387448139330688 0.0 0.0 188
-0.4941685247298722 1.0 -1.0 1.0 191
0.37253485984215895 1.0 1.0 1.0 192
0.22228556959633372 1.0 0.0 1.0 196
0.6244289283197147 1.0 0.0 1.0 205
0.0 1.0 -1.0 1.0 210
0.2520629120434652 1.0 0.0 1.0 211
0.7468278938438655 1.0 1.0 1.0 215
1.0 0.38391693210234307 1.0 0.0 216
0.6272025486308368 1.0 0.0 1.0 220
0.0 0.6261467693230616 0.0 0.0 222
1.0 1.0 2.0 1.0 230
0.0 1.0 1.0 1.0 233
0.0 0.009439730315459194 0.0 0.0 234
-0.8615368890500267 1.0 -1.0 1.0 235
-0.8597229317290764 1.0 -1.0 1.0 236
0.0 0.25081668045032957 0.0 0.0 238
-0.7245652744772906 1.0 -1.0 1.0 239
0.2766971137931109 1.0 0.0 1.0 240
0.11088679055245315 1.0 0.0 1.0 241
0.0 0.23823585334476105 0.0 0.0 242
0.0 0.4003879937460244 0.0 0.0 243
1.0 0.2340494232896486 1.0 0.0 244
0.49857811004351293 1.0 1.0 1.0 245
0.0 0.49498333555929713 0.0 0.0 246
0.0 0.6296908848758886 0.0 0.0 247
0.3643341042973145 1.0 1.0 1.0 248
1.3659274074375118 1.0 2.0 1.0 249
0.478937167973168 1.0 0.0 1.0 250
1.5032282518445967 1.0 2.0 1.0 251
-0.243465249507137 1.0 -1.0 1.0 252
-0.12298392820150199 1.0 -1.0 1.0 253
0.0 1.1229344393318292 0.0 2.0 254
0.8754394657036921 1.0 0.0 1.0 255
0.0 1.0 1.0 1.0 256
0.0 1.0 1.0 1.0 257
0.8726269796644048 1.0 0.0 1.0 258
1.0 1.1293838699612961 1.0 2.0 259
0.0 0.9926446173391812 0.0 1.0 260
0.0 1.0057184974805153 0.0 1.0 261
1.0 1.0 1.0 2.0 262
0.0 1.1270928127887183 0.0 1.0 263
0.0 0.7400869581601295 0.0 1.0 264
-0.24052863254018522 1.0 0.0 1.0 265
0.0 1.2524845905926596 0.0 1.0 266
1.0 1.2660075801913715 1.0 1.0 267
1.0 0.7515951914978386 1.0 1.0 268
1.2151787725389536 1.0 1.0 1.0 269
0.0 1.3724152947459605 0.0 1.0 270
0.0 0.48544984712989353 0.0 1.0 271
0.0 1.4922640820574617 0.0 1.0 272
1.0 1.5189906844289176 1.0 1.0 273
-0.6119382328011894 1.0 0.0 1.0 274
0.0 1.6257953468018531 0.0 1.0 275
1.0 0.3803993766351372 1.0 1.0 276
1.6246955178341143 1.0 1.0 1.0 277
0.0 0.2549731860548202 0.0 1.0 278
0.0 1.7503375419617506 0.0 1.0 279
1.0 1.7415532940256973 1.0 1.0 280
0.0 1.872053792573676 0.0 1.0 281
*** t = 97
1.6329958870670538 1.0 2.0 1.0 128
0.7719594237192807 1.0 1.0 1.0 149
0.0 0.2649377671968256 0.0 0.0 188
-0.6177106559123403 1.0 -1.0 1.0 191
0.4967131464562119 1.0 1.0 1.0 192
0.09266649786238934 1.0 0.0 1.0 196
0.499238571092953 1.0 0.0 1.0 205
-0.128100031683 1.0 -1.0 1.0 210
0.12740673071737607 1.0 0.0 1.0 211
0.8712992094845098 1.0 1.0 1.0 215
1.0 0.2607003185228117 1.0 0.0 216
0.5029367315077824 1.0 0.0 1.0 220
0.0 0.5015290257640821 0.0 0.0 222
1.121327093782475 1.0 2.0 1.0 230
0.12064488387711353 1.0 1.0 1.0 233
-0.9846135874857448 1.0 -1.0 1.0 235
-0.9825404934046588 1.0 -1.0 1.0 236
0.0 0.12595279385871783 0.0 0.0 238
-0.845326153556839 1.0 -1.0 1.0 239
0.1561466327586294 1.0 0.0 1.0 240
0.0 1.0 1.0 1.0 241
0.0 0.11127516223555456 0.0 0.0 242
0.0 0.2804655924952293 0.0 0.0 243
1.0 0.10639099383792333 1.0 0.0 244
0.6232226375543912 1.0 1.0 1.0 245
0.0 0.3687291694491214 0.0 0.0 246
0.0 0.5062545131678515 0.0 0.0 247
0.4857788057297526 1.0 1.0 1.0 248
1.4879032099166825 1.0 2.0 1.0 249
0.34867145996646 1.0 0.0 1.0 250
1.629035314805746 1.0 2.0 1.0 251
-0.3651978742607055 1.0 -1.0 1.0 252
-0.24596785640300398 1.0 -1.0 1.0 253
0.0 1.2458688786636585 0.0 2.0 254
0.7508789314073843 1.0 0.0 1.0 255
0.12429088114464382 1.0 1.0 1.0 256
0.12243252053224796 1.0 1.0 1.0 257
0.7452539593288097 1.0 0.0 1.0 258
1.0 1.2587677399225923 1.0 2.0 259
0.0 1.0 -1.0 1.0 260
0.0 1.0 0.0 2.0 261
1.0 1.128602404698769 1.0 2.0 262
0.0 1.0023917860442495 0.0 1.0 263
0.0 0.8634347845201511 0.0 1.0 264
-0.11395007129688278 1.0 0.0 1.0 265
0.0 1.1278986890247695 0.0 1.0 266
1.0 1.1436755102232667 1.0 1.0 267
1.0 0.8768610567474784 1.0 1.0 268
1.0843752346287792 1.0 1.0 1.0 269
0.0 1.2468983536951526 0.0 1.0 270
0.0 0.6068123089123669 0.0 1.0 271
0.0 1.3653301025718272 0.0 1.0 272
1.0 1.398738355536147 1.0 1.0 273
-0.4825843104015859 1.0 0.0 1.0 274
0.0 1.5010604624024708 0.0 1.0 275
1.0 0.5071991688468496 1.0 1.0 276
1.499594023778819 1.0 1.0 1.0 277
0.0 0.38245977908223033 0.0 1.0 278
0.0 1.625506312942626 0.0 1.0 279
1.0 1.6123299410385459 1.0 1.0 280
0.0 1.744107585147352 0.0 1.0 281
0.0 0.12377545109629792 0.0 1.0 282
-0.8726542449515533 1.0 0.0 1.0 283
0.0 1.8725505733244463 0.0 1.0 284
1.0 1.8724572349878468 1.0 1.0 285
1.0 0.12428785376801495 1.0 1.0 286
1.8772541527660538 1.0 1.0 1.0 287
*** t = 98
1.7595950644804645 1.0 2.0 1.0 128
0.9006193276724942 1.0 1.0 1.0 149
0.0 0.1424273950629632 0.0 0.0 188
-0.7412527870948084 1.0 -1.0 1.0 191
0.6208914330702648 1.0 1.0 1.0 192
0.0 1.0 1.0 1.0 196
0.37404821386619125 1.0 0.0 1.0 205
-0.256200063366 1.0 -1.0 1.0 210
0.0027505493912869244 1.0 0.0 1.0 211
0.9957705251251541 1.0 1.0 1.0 215
1.0 0.13748370494328038 1.0 0.0 216
0.378670914384728 1.0 0.0 1.0 220
0.0 0.3769112822051026 0.0 0.0 222
1.2426541875649502 1.0 2.0 1.0 230
0.24128976775422706 1.0 1.0 1.0 233
0.0 0.0010889072671060873 0.0 0.0 238
-0.9660870326363875 1.0 -1.0 1.0 239
0.03559615172414789 1.0 0.0 1.0 240
0.127016172778221 1.0 1.0 1.0 241
0.0 0.16054319124443417 0.0 0.0 243
0.7478671650652695 1.0 1.0 1.0 245
0.0 0.24247500333894562 0.0 0.0 246
0.0 0.38281814145981435 0.0 0.0 247
0.6072235071621908 1.0 1.0 1.0 248
1.609879012395853 1.0 2.0 1.0 249
0.21840575195975198 1.0 0.0 1.0 250
1.7548423777668951 1.0 2.0 1.0 251
-0.486930499014274 1.0 -1.0 1.0 252
-0.36895178460450595 1.0 -1.0 1.0 253
0.0 1.3688033179954877 0.0 2.0 254
0.6263183971110764 1.0 0.0 1.0 255
0.24858176228928763 1.0 1.0 1.0 256
0.24486504106449591 1.0 1.0 1.0 257
0.6178809389932145 1.0 0.0 1.0 258
1.0 1.3881516098838884 1.0 2.0 259
-0.12408057716739766 1.0 -1.0 1.0 260
0.0 1.1242851878149356 0.0 2.0 261
1.0 1.257204809397538 1.0 2.0 262
0.0 1.0 0.0 2.0 263
0.0 0.9867826108801727 0.0 1.0 264
0.0 1.0 1.0 1.0 265
0.0 1.0033127874568795 0.0 1.0 266
1.0 1.021343440255162 1.0 1.0 267
1.0 1.0 0.0 1.0 268
1.0 1.0 1.0 0.0 269
0.0 1.1213814126443447 0.0 1.0 270
0.0 0.7281747706948403 0.0 1.0 271
0.0 1.2383961230861926 0.0 1.0 272
1.0 1.2784860266433764 1.0 1.0 273
-0.35323038800198236 1.0 0.0 1.0 274
0.0 1.3763255780030885 0.0 1.0 275
1.0 0.6339989610585619 1.0 1.0 276
1.3744925297235238 1.0 1.0 1.0 277
0.0 0.5099463721096404 0.0 1.0 278
0.0 1.5006750839235012 0.0 1.0 279
1.0 1.4831065880513945 1.0 1.0 280
0.0 1.616161377721028 0.0 1.0 281
0.0 0.24755090219259585 0.0 1.0 282
-0.7453084899031066 1.0 0.0 1.0 283
0.0 1.7451011466488926 0.0 1.0 284
1.0 1.7449144699756935 1.0 1.0 285
1.0 0.2485757075360299 1.0 1.0 286
1.7545083055321076 1.0 1.0 1.0 287
0.0 1.871722426618377 0.0 1.0 288
*** t = 99
1.8861942418938753 1.0 2.0 1.0 128
1.0 1.0 1.0 0.0 149
0.0 0.019917022929100817 0.0 0.0 188
-0.8647949182772764 1.0 -1.0 1.0 191
0.7450697196843178 1.0 1.0 1.0 192
0.12961907173394438 1.0 1.0 1.0 196
0.2488578566394295 1.0 0.0 1.0 205
-0.384300095049 1.0 -1.0 1.0 210
0.0 1.0 0.0 0.0 211
1.0 1.0 0.0 1.0 215
1.0 0.014267091363749027 1.0 0.0 216
0.2544050972616736 1.0 0.0 1.0 220
0.0 0.25229353864612314 0.0 0.0 222
1.3639812813474252 1.0 2.0 1.0 230
0.3619346516313406 1.0 1.0 1.0 233
0.0 1.0 1.0 1.0 240
0.254032345556442 1.0 1.0 1.0 241
0.0 0.040620789993639037 0.0 0.0 243
0.8725116925761478 1.0 1.0 1.0 245
0.0 0.11622083722876986 0.0 0.0 246
0.0 0.2593817697517772 0.0 0.0 247
0.7286682085946289 1.0 1.0 1.0 248
1.7318548148750237 1.0 2.0 1.0 249
0.08814004395304398 1.0 0.0 1.0 250
1.8806494407280443 1.0 2.0 1.0 251
-0.6086631237678425 1.0 -1.0 1.0 252
-0.49193571280600795 1.0 -1.0 1.0 253
0.0 1.491737757327317 0.0 2.0 254
0.5017578628147685 1.0 0.0 1.0 255
0.37287264343393145 1.0 1.0 1.0 256
0.36729756159674387 1.0 1.0 1.0 257
0.4905079186576193 1.0 0.0 1.0 258
1.0 1.5175354798451846 1.0 2.0 259
-0.24816115433479533 1.0 -1.0 1.0 260
0.0 1.2485703756298712 0.0 2.0 261
1.0 1.3858072140963071 1.0 2.0 262
0.0 1.1247010267444688 0.0 2.0 263
0.0 1.0 1.0 1.0 264
0.12657856124330244 1.0 1.0 1.0 265
0.0 1.0 0.0 0.0 266
1.0 1.0 0.0 1.0 267
0.8747341347503602 1.0 0.0 1.0 268
1.0 0.8691964620898257 1.0 0.0 269
0.0 1.0 1.0 1.0 270
0.0 0.8495372324773136 0.0 1.0 271
0.0 1.111462143600558 0.0 1.0 272
1.0 1.1582336977506058 1.0 1.0 273
-0.22387646560237887 1.0 0.0 1.0 274
0.0 1.2515906936037062 0.0 1.0 275
1.0 0.7607987532702742 1.0 1.0 276
1.2493910356682285 1.0 1.0 1.0 277
0.0 0.6374329651370505 0.0 1.0 278
0.0 1.3758438549043766 0.0 1.0 279
1.0 1.3538832350642431 1.0 1.0 280
0.0 1.488215170294704 0.0 1.0 281
0.0 0.37132635328889374 0.0 1.0 282
-0.6179627348546599 1.0 0.0 1.0 283
0.0 1.617651719973339 0.0 1.0 284
1.0 1.6173717049635403 1.0 1.0 285
1.0 0.37286356130404485 1.0 1.0 286
1.6317624582981614 1.0 1.0 1.0 287
0.0 1.743444853236754 0.0 1.0 288
0.0 0.12993727106161007 0.0 1.0 289
0.0 1.8790969036766518 0.0 1.0 290
1.0 1.871461751429592 1.0 1.0 291
*** t = 100
1.0 0.8713400960467865 1.0 0.0 149
-0.9883370494597444 1.0 -1.0 1.0 191
0.8692480062983707 1.0 1.0 1.0 192
0.25923814346788876 1.0 1.0 1.0 196
0.12366749941266775 1.0 0.0 1.0 205
-0.512400126732 1.0 -1.0 1.0 210
0.0 0.8753438186739109 0.0 0.0 211
0.8755286843593557 1.0 0.0 1.0 215
0.1301392801386192 1.0 0.0 1.0 220
0.0 0.12767579508714366 0.0 0.0 222
1.4853083751299003 1.0 2.0 1.0 230
0.4825795355084541 1.0 1.0 1.0 233
0.1205504810344815 1.0 1.0 1.0 240
0.381048518334663 1.0 1.0 1.0 241
0.9971562200870261 1.0 1.0 1.0 245
0.0 0.13594539804374 0.0 0.0 247
0.850112910027067 1.0 1.0 1.0 248
1.8538306173541943 1.0 2.0 1.0 249
0.0 1.0 0.0 0.0 250
-0.730395748521411 1.0 -1.0 1.0 252
-0.61491964100751 1.0 -1.0 1.0 253
0.0 1.6146721966591462 0.0 2.0 254
0.37719732851846066 1.0 0.0 1.0 255
0.49716352457857527 1.0 1.0 1.0 256
0.48973008212899183 1.0 1.0 1.0 257
0.36313489832202406 1.0 0.0 1.0 258
1.0 1.6469193498064807 1.0 2.0 259
-0.372241731502193 1.0 -1.0 1.0 260
0.0 1.3728555634448067 0.0 2.0 261
1.0 1.5144096187950762 1.0 2.0 262
0.0 1.2494020534889376 0.0 2.0 263
0.12334782636002158 1.0 1.0 1.0 264
0.2531571224866049 1.0 1.0 1.0 265
0.0 0.8754140984321098 0.0 0.0 266
0.8776679300318954 1.0 0.0 1.0 267
0.7494682695007204 1.0 0.0 1.0 268
1.0 0.7383929241796514 1.0 0.0 269
0.12551694105080788 1.0 1.0 1.0 270
0.0 0.970899694259787 0.0 1.0 271
0.0 1.0 1.0 1.0 272
1.0 1.0379813688578352 1.0 1.0 273
-0.09452254320277537 1.0 0.0 1.0 274
0.0 1.126855809204324 0.0 1.0 275
1.0 0.8875985454819866 1.0 1.0 276
1.1242895416129333 1.0 1.0 1.0 277
0.0 0.7649195581644606 0.0 1.0 278
0.0 1.2510126258852519 0.0 1.0 279
1.0 1.2246598820770918 1.0 1.0 280
0.0 1.36026896286838 0.0 1.0 281
0.0 0.4951018043851917 0.0 1.0 282
-0.49061697980621327 1.0 0.0 1.0 283
0.0 1.4902022932977852 0.0 1.0 284
1.0 1.489828939951387 1.0 1.0 285
1.0 0.4971514150720598 1.0 1.0 286
1.5090166110642151 1.0 1.0 1.0 287
0.0 1.6151672798551309 0.0 1.0 288
0.0 0.25987454212322014 0.0 1.0 289
0.0 1.7581938073533037 0.0 1.0 290
1.0 1.7429235028591838 1.0 1.0 291
-0.8758726785518879 1.0 0.0 1.0 292
0.0 1.8749319541656064 0.0 1.0 293
1.0 0.12752673452628496 1.0 1.0 294
1.8743990493551883 1.0 1.0 1.0 295
