*** t = 0
*** t = 1
*** t = 2
*** t = 3
0.0 0.1267874663737992 0.0 1.0 0
4.0 1.875643357742524 4.0 1.0 1
*** t = 4
0.0 0.2535749327475984 0.0 1.0 0
4.0 1.751286715485048 4.0 1.0 1
4.0 0.11955680149080808 4.0 1.0 2
4.878196416139558 1.0 4.0 1.0 3
*** t = 5
0.0 0.3803623991213976 0.0 1.0 0
4.0 1.626930073227572 4.0 1.0 1
4.0 0.23911360298161616 4.0 1.0 2
4.756392832279117 1.0 4.0 1.0 3
0.0 0.12249290937186569 0.0 1.0 4
4.0 1.8725159114580234 4.0 1.0 5
*** t = 6
0.0 0.5071498654951968 0.0 1.0 0
4.0 1.502573430970096 4.0 1.0 1
4.0 0.35867040447242426 4.0 1.0 2
4.634589248418675 1.0 4.0 1.0 3
0.0 0.24498581874373138 0.0 1.0 4
4.0 1.7450318229160469 4.0 1.0 5
0.0 1.875841227690162 0.0 1.0 6
*** t = 7
0.0 0.633937331868996 0.0 1.0 0
4.0 1.37821678871262 4.0 1.0 1
4.0 0.4782272059632323 4.0 1.0 2
4.512785664558233 1.0 4.0 1.0 3
0.0 0.36747872811559706 0.0 1.0 4
4.0 1.6175477343740703 4.0 1.0 5
0.0 1.7516824553803239 0.0 1.0 6
0.0 0.12440890582683667 0.0 1.0 7
4.0 0.1240676880766529 4.0 1.0 8
4.0 1.866102638858167 4.0 1.0 9
4.876874174539083 1.0 4.0 1.0 10
*** t = 8
0.0 0.7607247982427953 0.0 1.0 0
4.0 1.253860146455144 4.0 1.0 1
4.0 0.5977840074540404 4.0 1.0 2
4.390982080697792 1.0 4.0 1.0 3
0.0 0.48997163748746275 0.0 1.0 4
4.0 1.4900636458320937 4.0 1.0 5
0.0 1.6275236830704858 0.0 1.0 6
0.0 0.24881781165367334 0.0 1.0 7
4.0 0.2481353761533058 4.0 1.0 8
4.0 1.732205277716334 4.0 1.0 9
4.753748349078165 1.0 4.0 1.0 10
*** t = 9
0.0 0.8875122646165945 0.0 1.0 0
4.0 1.129503504197668 4.0 1.0 1
4.0 0.7173408089448484 4.0 1.0 2
4.26917849683735 1.0 4.0 1.0 3
0.0 0.6124645468593284 0.0 1.0 4
4.0 1.3625795572901171 4.0 1.0 5
0.0 1.5033649107606477 0.0 1.0 6
0.0 0.37322671748051 0.0 1.0 7
4.0 0.3722030642299587 4.0 1.0 8
4.0 1.5983079165745009 4.0 1.0 9
4.630622523617248 1.0 4.0 1.0 10
0.0 0.12513865193249374 0.0 1.0 11
4.0 1.8732846021281975 4.0 1.0 12
*** t = 10
0.0 1.0 0.0 0.0 0
4.0 1.005146861940192 4.0 1.0 1
4.0 0.8368976104356565 4.0 1.0 2
4.147374912976908 1.0 4.0 1.0 3
0.0 0.734957456231194 0.0 1.0 4
4.0 1.2350954687481406 4.0 1.0 5
0.0 1.3792061384508096 0.0 1.0 6
0.0 0.4976356233073467 0.0 1.0 7
4.0 0.4962707523066116 4.0 1.0 8
4.0 1.4644105554326678 4.0 1.0 9
4.507496698156331 1.0 4.0 1.0 10
0.0 0.2502773038649875 0.0 1.0 11
4.0 1.746569204256395 4.0 1.0 12
4.0 0.1173902912673549 4.0 1.0 13
4.873351207777625 1.0 4.0 1.0 14
*** t = 11
0.0 0.8732125336262008 0.0 0.0 0
4.0 1.0 4.0 0.0 1
4.0 0.9564544119264645 4.0 1.0 2
4.025571329116467 1.0 4.0 1.0 3
0.0 0.8574503656030596 0.0 1.0 4
4.0 1.107611380206164 4.0 1.0 5
0.0 1.2550473661409716 0.0 1.0 6
0.0 0.6220445291341834 0.0 1.0 7
4.0 0.6203384403832645 4.0 1.0 8
4.0 1.3305131942908348 4.0 1.0 9
4.384370872695413 1.0 4.0 1.0 10
0.0 0.3754159557974812 0.0 1.0 11
4.0 1.6198538063845924 4.0 1.0 12
4.0 0.2347805825347098 4.0 1.0 13
4.74670241555525 1.0 4.0 1.0 14
0.0 0.126947674814035 0.0 1.0 15
0.0 1.8716025031076482 0.0 1.0 16
4.0 1.8739237124021095 4.0 1.0 17
*** t = 12
0.0 0.7464250672524015 0.0 0.0 0
4.0 0.875643357742524 4.0 0.0 1
4.0 1.0 4.0 0.0 2
4.0 1.0 4.0 0.0 3
0.0 0.9799432749749253 0.0 1.0 4
4.0 1.0 4.0 0.0 5
0.0 1.1308885938311335 0.0 1.0 6
0.0 0.7464534349610201 0.0 1.0 7
4.0 0.7444061284599174 4.0 1.0 8
4.0 1.1966158331490018 4.0 1.0 9
4.261245047234496 1.0 4.0 1.0 10
0.0 0.500554607729975 0.0 1.0 11
4.0 1.49313840851279 4.0 1.0 12
4.0 0.3521708738020647 4.0 1.0 13
4.620053623332875 1.0 4.0 1.0 14
0.0 0.25389534962807 0.0 1.0 15
0.0 1.7432050062152964 0.0 1.0 16
4.0 1.747847424804219 4.0 1.0 17
*** t = 13
0.0 0.6196376008786023 0.0 0.0 0
4.0 0.751286715485048 4.0 0.0 1
4.0 0.880443198509192 4.0 0.0 2
4.0 0.8781964161395587 4.0 0.0 3
0.0 1.0 4.0 1.0 4
4.0 0.8725159114580235 4.0 0.0 5
0.0 1.0067298215212954 0.0 1.0 6
0.0 0.8708623407878568 0.0 1.0 7
4.0 0.8684738165365703 4.0 1.0 8
4.0 1.0627184720071687 4.0 1.0 9
4.138119221773579 1.0 4.0 1.0 10
0.0 0.6256932596624687 0.0 1.0 11
4.0 1.3664230106409874 4.0 1.0 12
4.0 0.4695611650694196 4.0 1.0 13
4.4934048311104995 1.0 4.0 1.0 14
0.0 0.38084302444210494 0.0 1.0 15
0.0 1.6148075093229446 0.0 1.0 16
4.0 1.6217711372063286 4.0 1.0 17
0.0 0.1304870300166346 0.0 1.0 18
4.0 0.12431125360548499 4.0 1.0 19
4.0 1.8724486587817752 4.0 1.0 20
4.875480857536518 1.0 4.0 1.0 21
*** t = 14
0.0 0.4928501345048031 0.0 0.0 0
4.0 0.626930073227572 4.0 0.0 1
4.0 0.7608863970183839 4.0 0.0 2
4.0 0.7563928322791174 4.0 0.0 3
0.12249290937186569 1.0 4.0 1.0 4
4.0 0.7450318229160471 4.0 0.0 5
0.0 1.0 0.0 2.0 6
0.0 0.9952712466146936 0.0 1.0 7
4.0 0.9925415046132232 4.0 1.0 8
4.0 1.0 0.0 1.0 9
4.014993396312661 1.0 4.0 1.0 10
0.0 0.7508319115949624 0.0 1.0 11
4.0 1.2397076127691848 4.0 1.0 12
4.0 0.5869514563367745 4.0 1.0 13
4.366756038888124 1.0 4.0 1.0 14
0.0 0.50779069925614 0.0 1.0 15
0.0 1.4864100124305928 0.0 1.0 16
4.0 1.4956948496084381 4.0 1.0 17
0.0 0.2609740600332692 0.0 1.0 18
4.0 0.24862250721096998 4.0 1.0 19
4.0 1.7448973175635505 4.0 1.0 20
4.750961715073036 1.0 4.0 1.0 21
*** t = 15
0.0 0.36606266813100385 0.0 0.0 0
4.0 0.502573430970096 4.0 0.0 1
4.0 0.6413295955275758 4.0 0.0 2
4.0 0.634589248418676 4.0 0.0 3
0.24498581874373138 1.0 4.0 1.0 4
4.0 0.6175477343740706 4.0 0.0 5
0.0 1.124158772309838 0.0 2.0 6
0.0 1.0 4.0 1.0 7
4.0 1.0 4.0 2.0 8
3.866102638858167 1.0 0.0 1.0 9
4.0 1.0 4.0 0.0 10
0.0 0.8759705635274562 0.0 1.0 11
4.0 1.1129922148973823 4.0 1.0 12
4.0 0.7043417476041294 4.0 1.0 13
4.240107246665749 1.0 4.0 1.0 14
0.0 0.634738374070175 0.0 1.0 15
0.0 1.358012515538241 0.0 1.0 16
4.0 1.3696185620105477 4.0 1.0 17
0.0 0.39146109004990376 0.0 1.0 18
4.0 0.37293376081645496 4.0 1.0 19
4.0 1.6173459763453257 4.0 1.0 20
4.6264425726095535 1.0 4.0 1.0 21
0.0 0.1284569317916749 0.0 1.0 22
4.0 1.8698900621374814 4.0 1.0 23
*** t = 16
0.0 0.23927520175720465 0.0 0.0 0
4.0 0.37821678871262 4.0 0.0 1
4.0 0.5217727940367678 4.0 0.0 2
4.0 0.5127856645582347 4.0 0.0 3
0.36747872811559706 1.0 4.0 1.0 4
4.0 0.49006364583209416 4.0 0.0 5
0.0 1.2483175446196761 0.0 2.0 6
0.12440890582683667 1.0 4.0 1.0 7
4.0 1.124067688076653 4.0 2.0 8
3.732205277716334 1.0 0.0 1.0 9
4.0 0.876874174539083 4.0 0.0 10
0.0 1.0 4.0 1.0 11
4.0 1.0 4.0 0.0 12
4.0 0.8217320388714843 4.0 1.0 13
4.113458454443374 1.0 4.0 1.0 14
0.0 0.76168604888421 0.0 1.0 15
0.0 1.2296150186458892 0.0 1.0 16
4.0 1.2435422744126572 4.0 1.0 17
0.0 0.5219481200665383 0.0 1.0 18
4.0 0.49724501442193997 4.0 1.0 19
4.0 1.489794635127101 4.0 1.0 20
4.501923430146071 1.0 4.0 1.0 21
0.0 0.2569138635833498 0.0 1.0 22
4.0 1.7397801242749629 4.0 1.0 23
0.0 1.8774007699537878 0.0 1.0 24
4.0 0.12189111888289887 4.0 1.0 25
4.876954422676776 1.0 4.0 1.0 26
*** t = 17
0.0 0.11248773538340545 0.0 0.0 0
4.0 0.253860146455144 4.0 0.0 1
4.0 0.40221599254595974 4.0 0.0 2
4.0 0.3909820806977934 4.0 0.0 3
0.48997163748746275 1.0 4.0 1.0 4
4.0 0.3625795572901177 4.0 0.0 5
0.0 1.3724763169295142 0.0 2.0 6
0.24881781165367334 1.0 4.0 1.0 7
4.0 1.2481353761533058 4.0 2.0 8
3.598307916574501 1.0 0.0 1.0 9
4.0 0.753748349078166 4.0 0.0 10
0.12513865193249374 1.0 4.0 1.0 11
4.0 0.8732846021281976 4.0 0.0 12
4.0 0.9391223301388392 4.0 1.0 13
4.0 1.0 4.0 2.0 14
0.0 0.888633723698245 0.0 1.0 15
0.0 1.1012175217535374 0.0 1.0 16
4.0 1.1174659868147667 4.0 1.0 17
0.0 0.6524351500831729 0.0 1.0 18
4.0 0.6215562680274249 4.0 1.0 19
4.0 1.3622432939088762 4.0 1.0 20
4.377404287682589 1.0 4.0 1.0 21
0.0 0.38537079537502467 0.0 1.0 22
4.0 1.6096701864124443 4.0 1.0 23
0.0 1.7548015399075756 0.0 1.0 24
4.0 0.24378223776579774 4.0 1.0 25
4.753908845353552 1.0 4.0 1.0 26
0.0 0.12652601752501516 0.0 1.0 27
4.0 1.8763884010324163 4.0 1.0 28
*** t = 18
4.0 0.12950350419766796 4.0 0.0 1
4.0 0.2826591910551517 4.0 0.0 2
4.0 0.26917849683735207 4.0 0.0 3
0.6124645468593284 1.0 4.0 1.0 4
4.0 0.23509546874814122 4.0 0.0 5
0.0 1.4966350892393523 0.0 2.0 6
0.37322671748051 1.0 4.0 1.0 7
4.0 1.3722030642299587 4.0 2.0 8
3.464410555432668 1.0 0.0 1.0 9
4.0 0.630622523617249 4.0 0.0 10
0.2502773038649875 1.0 4.0 1.0 11
4.0 0.7465692042563952 4.0 0.0 12
4.0 1.0 5.0 1.0 13
4.0 1.1266487922223756 4.0 2.0 14
0.0 1.0 4.0 1.0 15
0.0 1.0 0.0 2.0 16
4.0 1.0 5.0 1.0 17
0.0 0.7829221800998074 0.0 1.0 18
4.0 0.7458675216329099 4.0 1.0 19
4.0 1.2346919526906515 4.0 1.0 20
4.252885145219107 1.0 4.0 1.0 21
0.0 0.5138277271666996 0.0 1.0 22
4.0 1.4795602485499257 4.0 1.0 23
0.0 1.6322023098613634 0.0 1.0 24
4.0 0.3656733566486966 4.0 1.0 25
4.630863268030327 1.0 4.0 1.0 26
0.0 0.2530520350500303 0.0 1.0 27
4.0 1.7527768020648327 4.0 1.0 28
*** t = 19
4.0 0.005146861940191927 4.0 0.0 1
4.0 0.16310238956434361 4.0 0.0 2
4.0 0.14737491297691074 4.0 0.0 3
0.734957456231194 1.0 4.0 1.0 4
4.0 0.10761138020616473 4.0 0.0 5
0.0 1.6207938615491904 0.0 2.0 6
0.4976356233073467 1.0 4.0 1.0 7
4.0 1.4962707523066117 4.0 2.0 8
3.330513194290835 1.0 0.0 1.0 9
4.0 0.507496698156332 4.0 0.0 10
0.3754159557974812 1.0 4.0 1.0 11
4.0 0.6198538063845928 4.0 0.0 12
4.117390291267355 1.0 5.0 1.0 13
4.0 1.2532975844447511 4.0 2.0 14
0.126947674814035 1.0 4.0 1.0 15
0.0 1.1283974968923518 0.0 2.0 16
4.126076287597891 1.0 5.0 1.0 17
0.0 0.9134092101164419 0.0 1.0 18
4.0 0.8701787752383949 4.0 1.0 19
4.0 1.1071406114724267 4.0 1.0 20
4.128366002755625 1.0 4.0 1.0 21
0.0 0.6422846589583744 0.0 1.0 22
4.0 1.3494503106874072 4.0 1.0 23
0.0 1.5096030798151512 0.0 1.0 24
4.0 0.4875644755315955 4.0 1.0 25
4.507817690707103 1.0 4.0 1.0 26
0.0 0.3795780525750455 0.0 1.0 27
4.0 1.629165203097249 4.0 1.0 28
0.0 0.12670147041157157 0.0 1.0 29
4.0 0.12674038992721084 4.0 1.0 30
4.0 1.8785813914921516 4.0 1.0 31
4.8754735885039056 1.0 4.0 1.0 32
*** t = 20
4.0 0.043545588073535535 4.0 0.0 2
4.0 0.025571329116469407 4.0 0.0 3
0.8574503656030596 1.0 4.0 1.0 4
0.0 1.7449526338590284 0.0 2.0 6
0.6220445291341834 1.0 4.0 1.0 7
4.0 1.6203384403832646 4.0 2.0 8
3.1966158331490018 1.0 0.0 1.0 9
4.0 0.38437087269541503 4.0 0.0 10
0.500554607729975 1.0 4.0 1.0 11
4.0 0.49313840851279034 4.0 0.0 12
4.234780582534709 1.0 5.0 1.0 13
4.0 1.3799463766671267 4.0 2.0 14
0.25389534962807 1.0 4.0 1.0 15
0.0 1.2567949937847036 0.0 2.0 16
4.252152575195781 1.0 5.0 1.0 17
0.0 1.0 4.0 1.0 18
4.0 0.9944900288438799 4.0 1.0 19
4.0 1.0 4.0 2.0 20
4.003846860292143 1.0 4.0 1.0 21
0.0 0.7707415907500492 0.0 1.0 22
4.0 1.2193403728248886 4.0 1.0 23
0.0 1.387003849768939 0.0 1.0 24
4.0 0.6094555944144944 4.0 1.0 25
4.384772113383879 1.0 4.0 1.0 26
0.0 0.5061040701000606 0.0 1.0 27
4.0 1.5055536041296653 4.0 1.0 28
0.0 0.25340294082314313 0.0 1.0 29
4.0 0.2534807798544217 4.0 1.0 30
4.0 1.7571627829843033 4.0 1.0 31
4.750947177007811 1.0 4.0 1.0 32
*** t = 21
0.9799432749749253 1.0 4.0 1.0 4
0.0 1.8691114061688665 0.0 2.0 6
0.7464534349610201 1.0 4.0 1.0 7
4.0 1.7444061284599175 4.0 2.0 8
3.0627184720071687 1.0 0.0 1.0 9
4.0 0.26124504723449804 4.0 0.0 10
0.6256932596624687 1.0 4.0 1.0 11
4.0 0.3664230106409879 4.0 0.0 12
4.352170873802064 1.0 5.0 1.0 13
4.0 1.5065951688895023 4.0 2.0 14
0.38084302444210494 1.0 4.0 1.0 15
0.0 1.3851924906770554 0.0 2.0 16
4.378228862793672 1.0 5.0 1.0 17
0.1304870300166346 1.0 4.0 1.0 18
4.0 1.0 4.0 2.0 19
4.0 1.1275513412182248 4.0 2.0 20
4.0 1.0 5.0 1.0 21
0.0 0.899198522541724 0.0 1.0 22
4.0 1.08923043496237 4.0 1.0 23
0.0 1.2644046197227268 0.0 1.0 24
4.0 0.7313467132973932 4.0 1.0 25
4.261726536060655 1.0 4.0 1.0 26
0.0 0.6326300876250758 0.0 1.0 27
4.0 1.3819420051620817 4.0 1.0 28
0.0 0.3801044112347147 0.0 1.0 29
4.0 0.38022116978163256 4.0 1.0 30
4.0 1.635744174476455 4.0 1.0 31
4.626420765511717 1.0 4.0 1.0 32
0.0 0.12622521901108383 0.0 1.0 33
0.0 1.878104337594058 0.0 1.0 34
4.0 1.8719945524888044 4.0 1.0 35
*** t = 22
1.102436184346791 1.0 4.0 1.0 4
0.0 1.9932701784787046 0.0 2.0 6
0.8708623407878568 1.0 4.0 1.0 7
4.0 1.8684738165365704 4.0 2.0 8
2.9288211108653357 1.0 0.0 1.0 9
4.0 0.13811922177358105 4.0 0.0 10
0.7508319115949624 1.0 4.0 1.0 11
4.0 0.2397076127691855 4.0 0.0 12
4.469561165069418 1.0 5.0 1.0 13
4.0 1.6332439611118779 4.0 2.0 14
0.50779069925614 1.0 4.0 1.0 15
0.0 1.5135899875694072 0.0 2.0 16
4.504305150391563 1.0 5.0 1.0 17
0.2609740600332692 1.0 4.0 1.0 18
4.0 1.124311253605485 4.0 2.0 19
4.0 1.2551026824364495 4.0 2.0 20
4.124519142463482 1.0 5.0 1.0 21
0.0 1.0 0.0 0.0 22
4.0 1.0 0.0 1.0 23
0.0 1.1418053896765146 0.0 1.0 24
4.0 0.853237832180292 4.0 1.0 25
4.138680958737431 1.0 4.0 1.0 26
0.0 0.7591561051500909 0.0 1.0 27
4.0 1.258330406194498 4.0 1.0 28
0.0 0.5068058816462863 0.0 1.0 29
4.0 0.5069615597088434 4.0 1.0 30
4.0 1.5143255659686066 4.0 1.0 31
4.501894354015622 1.0 4.0 1.0 32
0.0 0.25245043802216766 0.0 1.0 33
0.0 1.756208675188116 0.0 1.0 34
4.0 1.7439891049776088 4.0 1.0 35
4.0 0.1214063824446833 4.0 1.0 36
4.870173079511023 1.0 4.0 1.0 37
*** t = 23
1.2249290937186565 1.0 4.0 1.0 4
0.9952712466146936 1.0 4.0 1.0 7
4.0 1.9925415046132233 4.0 2.0 8
2.7949237497235027 1.0 0.0 1.0 9
4.0 0.01499339631266404 4.0 0.0 10
0.8759705635274562 1.0 4.0 1.0 11
4.0 0.11299221489738309 4.0 0.0 12
4.586951456336773 1.0 5.0 1.0 13
4.0 1.7598927533342534 4.0 2.0 14
0.634738374070175 1.0 4.0 1.0 15
0.0 1.641987484461759 0.0 2.0 16
4.6303814379894535 1.0 5.0 1.0 17
0.39146109004990376 1.0 4.0 1.0 18
4.0 1.2486225072109698 4.0 2.0 19
4.0 1.3826540236546743 4.0 2.0 20
4.249038284926964 1.0 5.0 1.0 21
0.0 0.8715430682083252 0.0 0.0 22
3.8698900621374817 1.0 0.0 1.0 23
0.0 1.0192061596303024 0.0 1.0 24
4.0 0.9751289510631909 4.0 1.0 25
4.0156353814142065 1.0 4.0 1.0 26
0.0 0.885682122675106 0.0 1.0 27
4.0 1.1347188072269143 4.0 1.0 28
0.0 0.6335073520578578 0.0 1.0 29
4.0 0.6337019496360542 4.0 1.0 30
4.0 1.3929069574607582 4.0 1.0 31
4.377367942519528 1.0 4.0 1.0 32
0.0 0.37867565703325146 0.0 1.0 33
0.0 1.6343130127821741 0.0 1.0 34
4.0 1.6159836574664133 4.0 1.0 35
4.0 0.2428127648893666 4.0 1.0 36
4.740346159022046 1.0 4.0 1.0 37
0.0 0.12347454089767006 0.0 1.0 38
4.0 1.8750431054623213 4.0 1.0 39
*** t = 24
1.3474220030905222 1.0 4.0 1.0 4
1.1196801524415303 1.0 4.0 1.0 7
2.6610263885816696 1.0 0.0 1.0 9
1.00110921545995 1.0 4.0 1.0 11
4.704341747604127 1.0 5.0 1.0 13
4.0 1.886541545556629 4.0 2.0 14
0.76168604888421 1.0 4.0 1.0 15
0.0 1.7703849813541108 0.0 2.0 16
4.756457725587344 1.0 5.0 1.0 17
0.5219481200665383 1.0 4.0 1.0 18
4.0 1.3729337608164547 4.0 2.0 19
4.0 1.510205364872899 4.0 2.0 20
4.3735574273904465 1.0 5.0 1.0 21
0.0 0.7430861364166503 0.0 0.0 22
3.7397801242749633 1.0 0.0 1.0 23
0.0 1.0 0.0 2.0 24
4.0 1.0 0.0 1.0 25
4.0 1.0 0.0 1.0 26
0.0 1.0 0.0 2.0 27
4.0 1.0111072082593306 4.0 1.0 28
0.0 0.7602088224694293 0.0 1.0 29
4.0 0.760442339563265 4.0 1.0 30
4.0 1.2714883489529099 4.0 1.0 31
4.252841531023433 1.0 4.0 1.0 32
0.0 0.5049008760443353 0.0 1.0 33
0.0 1.5124173503762322 0.0 1.0 34
4.0 1.4879782099552177 4.0 1.0 35
4.0 0.3642191473340499 4.0 1.0 36
4.610519238533069 1.0 4.0 1.0 37
0.0 0.24694908179534011 0.0 1.0 38
4.0 1.7500862109246427 4.0 1.0 39
*** t = 25
1.4699149124623878 1.0 4.0 1.0 4
1.244089058268367 1.0 4.0 1.0 7
2.5271290274398366 1.0 0.0 1.0 9
1.1262478673924436 1.0 4.0 1.0 11
4.821732038871482 1.0 5.0 1.0 13
0.888633723698245 1.0 4.0 1.0 15
0.0 1.8987824782464626 0.0 2.0 16
4.882534013185235 1.0 5.0 1.0 17
0.6524351500831729 1.0 4.0 1.0 18
4.0 1.4972450144219396 4.0 2.0 19
4.0 1.6377567060911238 4.0 2.0 20
4.498076569853929 1.0 5.0 1.0 21
0.0 0.6146292046249755 0.0 0.0 22
3.609670186412445 1.0 0.0 1.0 23
0.0 1.1225992300462122 0.0 2.0 24
3.878108881117101 1.0 0.0 1.0 25
3.8769544226767754 1.0 0.0 1.0 26
0.0 1.1265260175250151 0.0 2.0 27
4.0 1.0 0.0 1.0 28
0.0 0.8869102928810009 0.0 1.0 29
4.0 0.8871827294904758 4.0 1.0 30
4.0 1.1500697404450615 4.0 1.0 31
4.128315119527339 1.0 4.0 1.0 32
0.0 0.6311260950554192 0.0 1.0 33
0.0 1.3905216879702902 0.0 1.0 34
4.0 1.359972762444022 4.0 1.0 35
4.0 0.4856255297787332 4.0 1.0 36
4.480692318044092 1.0 4.0 1.0 37
0.0 0.37042362269301016 0.0 1.0 38
4.0 1.625129316386964 4.0 1.0 39
0.0 0.1253995602131602 0.0 1.0 40
4.0 0.1275873787988245 4.0 1.0 41
4.0 1.870466822838631 4.0 1.0 42
4.879034939302366 1.0 4.0 1.0 43
*** t = 26
1.5924078218342534 1.0 4.0 1.0 4
1.3684979640952037 1.0 4.0 1.0 7
2.3932316662980035 1.0 0.0 1.0 9
1.2513865193249374 1.0 4.0 1.0 11
4.9391223301388365 1.0 5.0 1.0 13
1.01558139851228 1.0 4.0 1.0 15
0.7829221800998074 1.0 4.0 1.0 18
4.0 1.6215562680274245 4.0 2.0 19
4.0 1.7653080473093485 4.0 2.0 20
4.622595712317411 1.0 5.0 1.0 21
0.0 0.4861722728333006 0.0 0.0 22
3.4795602485499266 1.0 0.0 1.0 23
0.0 1.2451984600924244 0.0 2.0 24
3.7562177622342023 1.0 0.0 1.0 25
3.7539088453535507 1.0 0.0 1.0 26
0.0 1.2530520350500303 0.0 2.0 27
3.8763884010324166 1.0 0.0 1.0 28
0.0 1.0 0.0 2.0 29
4.0 1.0 0.0 1.0 30
4.0 1.0286511319372131 4.0 1.0 31
4.003788708031244 1.0 4.0 1.0 32
0.0 0.757351314066503 0.0 1.0 33
0.0 1.2686260255643482 0.0 1.0 34
4.0 1.2319673149328265 4.0 1.0 35
4.0 0.6070319122234165 4.0 1.0 36
4.350865397555115 1.0 4.0 1.0 37
0.0 0.49389816359068023 0.0 1.0 38
4.0 1.5001724218492853 4.0 1.0 39
0.0 0.2507991204263204 0.0 1.0 40
4.0 0.255174757597649 4.0 1.0 41
4.0 1.740933645677262 4.0 1.0 42
4.758069878604733 1.0 4.0 1.0 43
0.0 1.8811148887446452 0.0 1.0 44
*** t = 27
1.714900731206119 1.0 4.0 1.0 4
1.4929068699220405 1.0 4.0 1.0 7
2.2593343051561705 1.0 0.0 1.0 9
1.3765251712574311 1.0 4.0 1.0 11
1.142529073326315 1.0 4.0 1.0 15
0.9134092101164419 1.0 4.0 1.0 18
4.0 1.7458675216329094 4.0 2.0 19
4.0 1.8928593885275733 4.0 2.0 20
4.747114854780893 1.0 5.0 1.0 21
0.0 0.3577153410416257 0.0 0.0 22
3.3494503106874083 1.0 0.0 1.0 23
0.0 1.3677976901386366 0.0 2.0 24
3.6343266433513035 1.0 0.0 1.0 25
3.630863268030326 1.0 0.0 1.0 26
0.0 1.3795780525750454 0.0 2.0 27
3.752776802064833 1.0 0.0 1.0 28
0.0 1.1267014704115716 0.0 2.0 29
3.873259610072789 1.0 0.0 1.0 30
4.0 1.0 5.0 1.0 31
4.0 1.0 4.0 2.0 32
0.0 0.8835765330775869 0.0 1.0 33
0.0 1.1467303631584063 0.0 1.0 34
4.0 1.103961867421631 4.0 1.0 35
4.0 0.7284382946680997 4.0 1.0 36
4.221038477066138 1.0 4.0 1.0 37
0.0 0.6173727044883502 0.0 1.0 38
4.0 1.3752155273116067 4.0 1.0 39
0.0 0.3761986806394806 0.0 1.0 40
4.0 0.3827621363964735 4.0 1.0 41
4.0 1.611400468515893 4.0 1.0 42
4.637104817907099 1.0 4.0 1.0 43
0.0 1.7622297774892903 0.0 1.0 44
0.0 0.1206291364206855 0.0 1.0 45
4.0 1.8739219058296321 4.0 1.0 46
*** t = 28
1.8373936405779847 1.0 4.0 1.0 4
1.6173157757488772 1.0 4.0 1.0 7
2.1254369440143375 1.0 0.0 1.0 9
1.5016638231899249 1.0 4.0 1.0 11
1.26947674814035 1.0 4.0 1.0 15
1.0438962401330765 1.0 4.0 1.0 18
4.0 1.8701787752383943 4.0 2.0 19
4.871633997244375 1.0 5.0 1.0 21
0.0 0.22925840924995083 0.0 0.0 22
3.21934037282489 1.0 0.0 1.0 23
0.0 1.4903969201848488 0.0 2.0 24
3.5124355244684047 1.0 0.0 1.0 25
3.5078176907071015 1.0 0.0 1.0 26
0.0 1.5061040701000605 0.0 2.0 27
3.6291652030972497 1.0 0.0 1.0 28
0.0 1.2534029408231433 0.0 2.0 29
3.7465192201455784 1.0 0.0 1.0 30
4.121418608507848 1.0 5.0 1.0 31
4.0 1.1245264114960947 4.0 2.0 32
0.0 1.0 4.0 1.0 33
0.0 1.0248347007524643 0.0 1.0 34
4.0 1.0 4.0 0.0 35
4.0 0.849844677112783 4.0 1.0 36
4.091211556577161 1.0 4.0 1.0 37
0.0 0.7408472453860203 0.0 1.0 38
4.0 1.250258632773928 4.0 1.0 39
0.0 0.5015982408526408 0.0 1.0 40
4.0 0.510349515195298 4.0 1.0 41
4.0 1.4818672913545239 4.0 1.0 42
4.516139757209466 1.0 4.0 1.0 43
0.0 1.6433446662339355 0.0 1.0 44
0.0 0.241258272841371 0.0 1.0 45
4.0 1.7478438116592643 4.0 1.0 46
4.0 0.12453496451635077 4.0 1.0 47
4.873632790927784 1.0 4.0 1.0 48
*** t = 29
1.9598865499498503 1.0 4.0 1.0 4
1.741724681575714 1.0 4.0 1.0 7
1.9915395828725044 1.0 0.0 1.0 9
1.6268024751224186 1.0 4.0 1.0 11
1.396424422954385 1.0 4.0 1.0 15
1.174383270149711 1.0 4.0 1.0 18
4.0 1.9944900288438792 4.0 2.0 19
4.996153139707857 1.0 5.0 1.0 21
0.0 0.10080147745827595 0.0 0.0 22
3.0892304349623716 1.0 0.0 1.0 23
0.0 1.612996150231061 0.0 2.0 24
3.390544405585506 1.0 0.0 1.0 25
3.384772113383877 1.0 0.0 1.0 26
0.0 1.6326300876250757 0.0 2.0 27
3.505553604129666 1.0 0.0 1.0 28
0.0 1.380104411234715 0.0 2.0 29
3.6197788302183675 1.0 0.0 1.0 30
4.242837217015696 1.0 5.0 1.0 31
4.0 1.2490528229921893 4.0 2.0 32
0.12622521901108383 1.0 4.0 1.0 33
0.0 1.0 4.0 1.0 34
4.0 0.8719945524888045 4.0 0.0 35
4.0 0.9712510595574663 4.0 1.0 36
4.0 1.0 0.0 1.0 37
0.0 0.8643217862836904 0.0 1.0 38
4.0 1.1253017382362493 4.0 1.0 39
0.0 0.626997801065801 0.0 1.0 40
4.0 0.6379368939941226 4.0 1.0 41
4.0 1.3523341141931549 4.0 1.0 42
4.395174696511832 1.0 4.0 1.0 43
0.0 1.5244595549785807 0.0 1.0 44
0.0 0.3618874092620565 0.0 1.0 45
4.0 1.6217657174888964 4.0 1.0 46
4.0 0.24906992903270153 4.0 1.0 47
4.747265581855569 1.0 4.0 1.0 48
0.0 0.12468489122295275 0.0 1.0 49
4.0 1.8755483337164176 4.0 1.0 50
*** t = 30
2.082379459321716 1.0 4.0 1.0 4
1.8661335874025506 1.0 4.0 1.0 7
1.8576422217306714 1.0 0.0 1.0 9
1.7519411270549123 1.0 4.0 1.0 11
1.52337209776842 1.0 4.0 1.0 15
1.3048703001663455 1.0 4.0 1.0 18
2.9591204970998533 1.0 0.0 1.0 23
0.0 1.7355953802772732 0.0 2.0 24
3.268653286702607 1.0 0.0 1.0 25
3.261726536060652 1.0 0.0 1.0 26
0.0 1.7591561051500908 0.0 2.0 27
3.3819420051620828 1.0 0.0 1.0 28
0.0 1.5068058816462866 0.0 2.0 29
3.4930384402911567 1.0 0.0 1.0 30
4.364255825523544 1.0 5.0 1.0 31
4.0 1.373579234488284 4.0 2.0 32
0.25245043802216766 1.0 4.0 1.0 33
0.12189566240594196 1.0 4.0 1.0 34
4.0 0.7439891049776091 4.0 0.0 35
4.0 1.0 4.0 0.0 36
3.870173079511023 1.0 0.0 1.0 37
0.0 0.9877963271813605 0.0 1.0 38
4.0 1.0003448436985707 4.0 1.0 39
0.0 0.7523973612789613 0.0 1.0 40
4.0 0.7655242727929471 4.0 1.0 41
4.0 1.2228009370317858 4.0 1.0 42
4.2742096358141985 1.0 4.0 1.0 43
0.0 1.4055744437232258 0.0 1.0 44
0.0 0.482516545682742 0.0 1.0 45
4.0 1.4956876233185286 4.0 1.0 46
4.0 0.3736048935490523 4.0 1.0 47
4.620898372783353 1.0 4.0 1.0 48
0.0 0.2493697824459055 0.0 1.0 49
4.0 1.7510966674328352 4.0 1.0 50
*** t = 31
2.204872368693582 1.0 4.0 1.0 4
1.9905424932293874 1.0 4.0 1.0 7
1.7237448605888384 1.0 0.0 1.0 9
1.877079778987406 1.0 4.0 1.0 11
1.650319772582455 1.0 4.0 1.0 15
1.43535733018298 1.0 4.0 1.0 18
2.829010559237335 1.0 0.0 1.0 23
0.0 1.8581946103234854 0.0 2.0 24
3.146762167819708 1.0 0.0 1.0 25
3.1386809587374276 1.0 0.0 1.0 26
0.0 1.885682122675106 0.0 2.0 27
3.2583304061944993 1.0 0.0 1.0 28
0.0 1.6335073520578582 0.0 2.0 29
3.366298050363946 1.0 0.0 1.0 30
4.485674434031392 1.0 5.0 1.0 31
4.0 1.4981056459843787 4.0 2.0 32
0.37867565703325146 1.0 4.0 1.0 33
0.24379132481188392 1.0 4.0 1.0 34
4.0 0.6159836574664136 4.0 0.0 35
4.0 0.8785936175553167 4.0 0.0 36
3.740346159022046 1.0 0.0 1.0 37
0.0 1.0 0.0 2.0 38
4.0 1.0 0.0 1.0 39
0.0 0.8777969214921215 0.0 1.0 40
4.0 0.8931116515917716 4.0 1.0 41
4.0 1.0932677598704168 4.0 1.0 42
4.153244575116565 1.0 4.0 1.0 43
0.0 1.286689332467871 0.0 1.0 44
0.0 0.6031456821034274 0.0 1.0 45
4.0 1.3696095291481607 4.0 1.0 46
4.0 0.49813985806540306 4.0 1.0 47
4.494531163711137 1.0 4.0 1.0 48
0.0 0.37405467366885825 0.0 1.0 49
4.0 1.6266450011492528 4.0 1.0 50
0.0 0.1244652643715288 0.0 1.0 51
0.0 1.8708552625393842 0.0 1.0 52
4.0 0.13040261108505327 4.0 1.0 53
4.0 1.8752502479437667 4.0 1.0 54
4.8740600402629095 1.0 4.0 1.0 55
*** t = 32
2.3273652780654475 1.0 4.0 1.0 4
2.114951399056224 1.0 4.0 1.0 7
1.5898474994470053 1.0 0.0 1.0 9
2.0022184309199 1.0 4.0 1.0 11
1.77726744739649 1.0 4.0 1.0 15
1.5658443601996146 1.0 4.0 1.0 18
2.6989006213748166 1.0 0.0 1.0 23
0.0 1.9807938403696976 0.0 2.0 24
3.0248710489368094 1.0 0.0 1.0 25
3.015635381414203 1.0 0.0 1.0 26
3.134718807226916 1.0 0.0 1.0 28
0.0 1.76020882246943 0.0 2.0 29
3.239557660436735 1.0 0.0 1.0 30
4.60709304253924 1.0 5.0 1.0 31
4.0 1.6226320574804733 4.0 2.0 32
0.5049008760443353 1.0 4.0 1.0 33
0.3656869872178259 1.0 4.0 1.0 34
4.0 0.4879782099552181 4.0 0.0 35
4.0 0.7571872351106335 4.0 0.0 36
3.610519238533069 1.0 0.0 1.0 37
0.0 1.12347454089767 0.0 2.0 38
3.8750431054623213 1.0 0.0 1.0 39
0.0 1.0 4.0 1.0 40
4.0 1.0 0.0 1.0 41
4.0 1.0 4.0 0.0 42
4.032279514418931 1.0 4.0 1.0 43
0.0 1.1678042212125161 0.0 1.0 44
0.0 0.723774818524113 0.0 1.0 45
4.0 1.2435314349777928 4.0 1.0 46
4.0 0.6226748225817538 4.0 1.0 47
4.368163954638922 1.0 4.0 1.0 48
0.0 0.498739564891811 0.0 1.0 49
4.0 1.5021933348656704 4.0 1.0 50
0.0 0.2489305287430576 0.0 1.0 51
0.0 1.7417105250787683 0.0 1.0 52
4.0 0.26080522217010654 4.0 1.0 53
4.0 1.7505004958875334 4.0 1.0 54
4.748120080525819 1.0 4.0 1.0 55
*** t = 33
2.449858187437313 1.0 4.0 1.0 4
2.2393603048830606 1.0 4.0 1.0 7
1.4559501383051723 1.0 0.0 1.0 9
2.1273570828523933 1.0 4.0 1.0 11
1.904215122210525 1.0 4.0 1.0 15
1.6963313902162491 1.0 4.0 1.0 18
2.5687906835122982 1.0 0.0 1.0 23
2.9029799300539105 1.0 0.0 1.0 25
2.8925898040909783 1.0 0.0 1.0 26
3.0111072082593324 1.0 0.0 1.0 28
0.0 1.8869102928810015 0.0 2.0 29
3.1128172705095243 1.0 0.0 1.0 30
4.7285116510470875 1.0 5.0 1.0 31
4.0 1.747158468976568 4.0 2.0 32
0.6311260950554192 1.0 4.0 1.0 33
0.48758264962376785 1.0 4.0 1.0 34
4.0 0.35997276244402265 4.0 0.0 35
4.0 0.6357808526659502 4.0 0.0 36
3.480692318044092 1.0 0.0 1.0 37
0.0 1.2469490817953401 0.0 2.0 38
3.7500862109246427 1.0 0.0 1.0 39
0.1253995602131602 1.0 4.0 1.0 40
3.8724126212011756 1.0 0.0 1.0 41
4.0 0.870466822838631 4.0 0.0 42
4.0 1.0 4.0 2.0 43
0.0 1.0489191099571613 0.0 1.0 44
0.0 0.8444039549447985 0.0 1.0 45
4.0 1.117453340807425 4.0 1.0 46
4.0 0.7472097870981045 4.0 1.0 47
4.241796745566706 1.0 4.0 1.0 48
0.0 0.6234244561147637 0.0 1.0 49
4.0 1.377741668582088 4.0 1.0 50
0.0 0.37339579311458637 0.0 1.0 51
0.0 1.6125657876181525 0.0 1.0 52
4.0 0.39120783325515984 4.0 1.0 53
4.0 1.6257507438313001 4.0 1.0 54
4.6221801207887285 1.0 4.0 1.0 55
0.0 0.12396738681585054 0.0 1.0 56
4.0 1.8765843365996997 4.0 1.0 57
*** t = 34
2.5723510968091787 1.0 4.0 1.0 4
2.363769210709897 1.0 4.0 1.0 7
1.3220527771633392 1.0 0.0 1.0 9
2.252495734784887 1.0 4.0 1.0 11
2.03116279702456 1.0 4.0 1.0 15
1.8268184202328837 1.0 4.0 1.0 18
2.43868074564978 1.0 0.0 1.0 23
2.7810888111710117 1.0 0.0 1.0 25
2.7695442267677537 1.0 0.0 1.0 26
2.887495609291749 1.0 0.0 1.0 28
2.9860768805823135 1.0 0.0 1.0 30
4.849930259554935 1.0 5.0 1.0 31
4.0 1.8716848804726627 4.0 2.0 32
0.757351314066503 1.0 4.0 1.0 33
0.6094783120297098 1.0 4.0 1.0 34
4.0 0.23196731493282718 4.0 0.0 35
4.0 0.5143744702212669 4.0 0.0 36
3.350865397555115 1.0 0.0 1.0 37
0.0 1.3704236226930102 0.0 2.0 38
3.625129316386964 1.0 0.0 1.0 39
0.2507991204263204 1.0 4.0 1.0 40
3.744825242402351 1.0 0.0 1.0 41
4.0 0.7409336456772619 4.0 0.0 42
4.0 1.1209650606976338 4.0 2.0 43
0.0 1.0 0.0 0.0 44
0.0 0.965033091365484 0.0 1.0 45
4.0 1.0 4.0 0.0 46
4.0 0.8717447516144552 4.0 1.0 47
4.11542953649449 1.0 4.0 1.0 48
0.0 0.7481093473377165 0.0 1.0 49
4.0 1.2532900022985056 4.0 1.0 50
0.0 0.4978610574861152 0.0 1.0 51
0.0 1.4834210501575367 0.0 1.0 52
4.0 0.5216104443402131 4.0 1.0 53
4.0 1.5010009917750669 4.0 1.0 54
4.496240161051638 1.0 4.0 1.0 55
0.0 0.24793477363170108 0.0 1.0 56
4.0 1.7531686731993994 4.0 1.0 57
4.0 0.12497922381793763 4.0 1.0 58
4.875185553113054 1.0 4.0 1.0 59
*** t = 35
2.6948440061810444 1.0 4.0 1.0 4
2.4881781165367336 1.0 4.0 1.0 7
1.1881554160215062 1.0 0.0 1.0 9
2.3776343867173804 1.0 4.0 1.0 11
2.1581104718385946 1.0 4.0 1.0 15
1.9573054502495182 1.0 4.0 1.0 18
2.3085708077872615 1.0 0.0 1.0 23
2.659197692288113 1.0 0.0 1.0 25
2.646498649444529 1.0 0.0 1.0 26
2.7638840103241655 1.0 0.0 1.0 28
2.8593364906551026 1.0 0.0 1.0 30
4.971348868062783 1.0 5.0 1.0 31
4.0 1.9962112919687574 4.0 2.0 32
0.8835765330775869 1.0 4.0 1.0 33
0.7313739744356518 1.0 4.0 1.0 34
4.0 0.10396186742163172 4.0 0.0 35
4.0 0.39296808777658365 4.0 0.0 36
3.2210384770661378 1.0 0.0 1.0 37
0.0 1.4938981635906803 0.0 2.0 38
3.5001724218492853 1.0 0.0 1.0 39
0.3761986806394806 1.0 4.0 1.0 40
3.6172378636035267 1.0 0.0 1.0 41
4.0 0.6114004685158929 4.0 0.0 42
4.0 1.2419301213952676 4.0 2.0 43
0.0 0.8811148887446452 0.0 0.0 44
0.0 1.0 4.0 1.0 45
4.0 0.8739219058296321 4.0 0.0 46
4.0 0.9962797161308059 4.0 1.0 47
4.0 1.0 5.0 1.0 48
0.0 0.8727942385606693 0.0 1.0 49
4.0 1.1288383360149232 4.0 1.0 50
0.0 0.622326321857644 0.0 1.0 51
0.0 1.3542763126969208 0.0 1.0 52
4.0 0.6520130554252663 4.0 1.0 53
4.0 1.3762512397188336 4.0 1.0 54
4.3703002013145476 1.0 4.0 1.0 55
0.0 0.37190216044755164 0.0 1.0 56
4.0 1.629753009799099 4.0 1.0 57
4.0 0.24995844763587527 4.0 1.0 58
4.750371106226108 1.0 4.0 1.0 59
0.0 0.12620549773779263 0.0 1.0 60
4.0 1.873803348500926 4.0 1.0 61
*** t = 36
2.81733691555291 1.0 4.0 1.0 4
2.61258702236357 1.0 4.0 1.0 7
1.0542580548796732 1.0 0.0 1.0 9
2.502773038649874 1.0 4.0 1.0 11
2.2850581466526294 1.0 4.0 1.0 15
2.087792480266153 1.0 4.0 1.0 18
2.178460869924743 1.0 0.0 1.0 23
2.537306573405214 1.0 0.0 1.0 25
2.5234530721213044 1.0 0.0 1.0 26
2.640272411356582 1.0 0.0 1.0 28
2.732596100727892 1.0 0.0 1.0 30
1.0098017520886706 1.0 4.0 1.0 33
0.8532696368415937 1.0 4.0 1.0 34
4.0 0.2715617053319004 4.0 0.0 36
3.0912115565771607 1.0 0.0 1.0 37
0.0 1.6173727044883504 0.0 2.0 38
3.3752155273116067 1.0 0.0 1.0 39
0.5015982408526408 1.0 4.0 1.0 40
3.4896504848047023 1.0 0.0 1.0 41
4.0 0.4818672913545239 4.0 0.0 42
4.0 1.3628951820929014 4.0 2.0 43
0.0 0.7622297774892903 0.0 0.0 44
0.1206291364206855 1.0 4.0 1.0 45
4.0 0.7478438116592643 4.0 0.0 46
4.0 1.0 4.0 0.0 47
4.126367209072216 1.0 5.0 1.0 48
0.0 0.9974791297836221 0.0 1.0 49
4.0 1.0043866697313408 4.0 1.0 50
0.0 0.7467915862291729 0.0 1.0 51
0.0 1.225131575236305 0.0 1.0 52
4.0 0.7824156665103196 4.0 1.0 53
4.0 1.2515014876626003 4.0 1.0 54
4.244360241577457 1.0 4.0 1.0 55
0.0 0.49586954726340216 0.0 1.0 56
4.0 1.5063373463987988 4.0 1.0 57
4.0 0.3749376714538129 4.0 1.0 58
4.625556659339162 1.0 4.0 1.0 59
0.0 0.25241099547558526 0.0 1.0 60
4.0 1.747606697001852 4.0 1.0 61
0.0 1.8716819949625167 0.0 1.0 62
*** t = 37
2.9398298249247756 1.0 4.0 1.0 4
2.7369959281904066 1.0 4.0 1.0 7
0.92036069373784 1.0 0.0 1.0 9
2.6279116905823674 1.0 4.0 1.0 11
2.412005821466664 1.0 4.0 1.0 15
2.2182795102827875 1.0 4.0 1.0 18
2.048350932062225 1.0 0.0 1.0 23
2.415415454522315 1.0 0.0 1.0 25
2.40040749479808 1.0 0.0 1.0 26
2.5166608123889986 1.0 0.0 1.0 28
2.605855710800681 1.0 0.0 1.0 30
1.1360269710997544 1.0 4.0 1.0 33
0.9751652992475357 1.0 4.0 1.0 34
4.0 0.15015532288721709 4.0 0.0 36
2.9613846360881837 1.0 0.0 1.0 37
0.0 1.7408472453860204 0.0 2.0 38
3.250258632773928 1.0 0.0 1.0 39
0.626997801065801 1.0 4.0 1.0 40
3.362063106005878 1.0 0.0 1.0 41
4.0 0.35233411419315486 4.0 0.0 42
4.0 1.4838602427905352 4.0 2.0 43
0.0 0.6433446662339355 0.0 0.0 44
0.241258272841371 1.0 4.0 1.0 45
4.0 0.6217657174888964 4.0 0.0 46
4.0 0.8754650354836493 4.0 0.0 47
4.252734418144431 1.0 5.0 1.0 48
0.0 1.0 0.0 0.0 49
4.0 1.0 4.0 2.0 50
0.0 0.8712568506007017 0.0 1.0 51
0.0 1.0959868377756892 0.0 1.0 52
4.0 0.9128182775953728 4.0 1.0 53
4.0 1.126751735606367 4.0 1.0 54
4.118420281840367 1.0 4.0 1.0 55
0.0 0.6198369340792527 0.0 1.0 56
4.0 1.3829216829984985 4.0 1.0 57
4.0 0.49991689527175054 4.0 1.0 58
4.5007422124522165 1.0 4.0 1.0 59
0.0 0.37861649321337787 0.0 1.0 60
4.0 1.621410045502778 4.0 1.0 61
0.0 1.7433639899250335 0.0 1.0 62
0.0 0.12518932325992632 0.0 1.0 63
4.0 0.12409576846136927 4.0 1.0 64
4.0 1.878019803986773 4.0 1.0 65
4.877092282882219 1.0 4.0 1.0 66
*** t = 38
3.0623227342966413 1.0 4.0 1.0 4
2.861404834017243 1.0 4.0 1.0 7
0.7864633325960069 1.0 0.0 1.0 9
2.753050342514861 1.0 4.0 1.0 11
2.538953496280699 1.0 4.0 1.0 15
2.348766540299422 1.0 4.0 1.0 18
1.9182409941997063 1.0 0.0 1.0 23
2.2935243356394164 1.0 0.0 1.0 25
2.277361917474855 1.0 0.0 1.0 26
2.393049213421415 1.0 0.0 1.0 28
2.47911532087347 1.0 0.0 1.0 30
1.2622521901108381 1.0 4.0 1.0 33
1.0970609616534777 1.0 4.0 1.0 34
4.0 0.028748940442533788 4.0 0.0 36
2.8315577155992067 1.0 0.0 1.0 37
0.0 1.8643217862836905 0.0 2.0 38
3.1253017382362493 1.0 0.0 1.0 39
0.7523973612789613 1.0 4.0 1.0 40
3.2344757272070535 1.0 0.0 1.0 41
4.0 0.2228009370317858 4.0 0.0 42
4.0 1.604825303488169 4.0 2.0 43
0.0 0.5244595549785807 0.0 0.0 44
0.3618874092620565 1.0 4.0 1.0 45
4.0 0.49568762331852856 4.0 0.0 46
4.0 0.7509300709672986 4.0 0.0 47
4.379101627216647 1.0 5.0 1.0 48
0.0 0.8753151087770472 0.0 0.0 49
4.0 1.1244516662835824 4.0 2.0 50
0.0 0.9957221149722305 0.0 1.0 51
0.0 1.0 4.0 1.0 52
4.0 1.0 0.0 1.0 53
4.0 1.0020019835501337 4.0 1.0 54
4.0 1.0 0.0 1.0 55
0.0 0.7438043208951032 0.0 1.0 56
4.0 1.2595060195981982 4.0 1.0 57
4.0 0.6248961190896882 4.0 1.0 58
4.375927765565271 1.0 4.0 1.0 59
0.0 0.5048219909511705 0.0 1.0 60
4.0 1.495213394003704 4.0 1.0 61
0.0 1.6150459848875502 0.0 1.0 62
0.0 0.25037864651985264 0.0 1.0 63
4.0 0.24819153692273854 4.0 1.0 64
4.0 1.756039607973546 4.0 1.0 65
4.754184565764438 1.0 4.0 1.0 66
*** t = 39
3.184815643668507 1.0 4.0 1.0 4
2.9858137398440796 1.0 4.0 1.0 7
0.6525659714541737 1.0 0.0 1.0 9
2.8781889944473544 1.0 4.0 1.0 11
2.665901171094734 1.0 4.0 1.0 15
2.4792535703160565 1.0 4.0 1.0 18
1.7881310563371877 1.0 0.0 1.0 23
2.1716332167565175 1.0 0.0 1.0 25
2.1543163401516305 1.0 0.0 1.0 26
2.2694376144538317 1.0 0.0 1.0 28
2.3523749309462594 1.0 0.0 1.0 30
1.3884774091219219 1.0 4.0 1.0 33
1.2189566240594196 1.0 4.0 1.0 34
2.7017307951102296 1.0 0.0 1.0 37
0.0 1.9877963271813606 0.0 2.0 38
3.0003448436985707 1.0 0.0 1.0 39
0.8777969214921215 1.0 4.0 1.0 40
3.106888348408229 1.0 0.0 1.0 41
4.0 0.09326775987041674 4.0 0.0 42
4.0 1.7257903641858028 4.0 2.0 43
0.0 0.4055744437232259 0.0 0.0 44
0.482516545682742 1.0 4.0 1.0 45
4.0 0.3696095291481607 4.0 0.0 46
4.0 0.6263951064509479 4.0 0.0 47
4.505468836288863 1.0 5.0 1.0 48
0.0 0.7506302175540944 0.0 0.0 49
4.0 1.2489033325671648 4.0 2.0 50
0.0 1.0 4.0 1.0 51
0.12914473746061586 1.0 4.0 1.0 52
3.8695973889149466 1.0 0.0 1.0 53
4.0 1.0 0.0 1.0 54
3.874060040262909 1.0 0.0 1.0 55
0.0 0.8677717077109537 0.0 1.0 56
4.0 1.1360903561978979 4.0 1.0 57
4.0 0.7498753429076259 4.0 1.0 58
4.251113318678325 1.0 4.0 1.0 59
0.0 0.6310274886889632 0.0 1.0 60
4.0 1.36901674250463 4.0 1.0 61
0.0 1.486727979850067 0.0 1.0 62
0.0 0.37556796977977897 0.0 1.0 63
4.0 0.3722873053841078 4.0 1.0 64
4.0 1.6340594119603191 4.0 1.0 65
4.631276848646658 1.0 4.0 1.0 66
0.0 0.12599939347660055 0.0 1.0 67
4.0 1.8699060305764577 4.0 1.0 68
*** t = 40
3.3073085530403725 1.0 4.0 1.0 4
3.110222645670916 1.0 4.0 1.0 7
0.5186686103123406 1.0 0.0 1.0 9
3.003327646379848 1.0 4.0 1.0 11
2.7928488459087686 1.0 4.0 1.0 15
2.609740600332691 1.0 4.0 1.0 18
1.6580211184746692 1.0 0.0 1.0 23
2.0497420978736187 1.0 0.0 1.0 25
2.031270762828406 1.0 0.0 1.0 26
2.1458260154862483 1.0 0.0 1.0 28
2.2256345410190486 1.0 0.0 1.0 30
1.5147026281330056 1.0 4.0 1.0 33
1.3408522864653616 1.0 4.0 1.0 34
2.5719038746212526 1.0 0.0 1.0 37
2.875387949160892 1.0 0.0 1.0 39
1.0031964817052816 1.0 4.0 1.0 40
2.9793009696094046 1.0 0.0 1.0 41
4.0 1.8467554248834366 4.0 2.0 43
0.0 0.2866893324678711 0.0 0.0 44
0.6031456821034274 1.0 4.0 1.0 45
4.0 0.2435314349777928 4.0 0.0 46
4.0 0.5018601419345972 4.0 0.0 47
4.631836045361078 1.0 5.0 1.0 48
0.0 0.6259453263311416 0.0 0.0 49
4.0 1.3733549988507472 4.0 2.0 50
0.1244652643715288 1.0 4.0 1.0 51
0.2582894749212317 1.0 4.0 1.0 52
3.7391947778298933 1.0 0.0 1.0 53
3.8752502479437667 1.0 0.0 1.0 54
3.748120080525818 1.0 0.0 1.0 55
0.0 0.9917390945268042 0.0 1.0 56
4.0 1.0126746927975976 4.0 1.0 57
4.0 0.8748545667255636 4.0 1.0 58
4.126298871791379 1.0 4.0 1.0 59
0.0 0.7572329864267558 0.0 1.0 60
4.0 1.242820091005556 4.0 1.0 61
0.0 1.3584099748125837 0.0 1.0 62
0.0 0.5007572930397053 0.0 1.0 63
4.0 0.4963830738454771 4.0 1.0 64
4.0 1.5120792159470922 4.0 1.0 65
4.508369131528877 1.0 4.0 1.0 66
0.0 0.2519987869532011 0.0 1.0 67
4.0 1.7398120611529153 4.0 1.0 68
4.0 0.12745223905585218 4.0 1.0 69
4.872599432909793 1.0 4.0 1.0 70
*** t = 41
3.429801462412238 1.0 4.0 1.0 4
3.2346315514977526 1.0 4.0 1.0 7
0.3847712491705074 1.0 0.0 1.0 9
3.1284662983123415 1.0 4.0 1.0 11
2.9197965207228034 1.0 4.0 1.0 15
2.7402276303493256 1.0 4.0 1.0 18
1.5279111806121506 1.0 0.0 1.0 23
1.9278509789907199 1.0 0.0 1.0 25
1.9082251855051815 1.0 0.0 1.0 26
2.022214416518665 1.0 0.0 1.0 28
2.0988941510918377 1.0 0.0 1.0 30
1.6409278471440893 1.0 4.0 1.0 33
1.4627479488713035 1.0 4.0 1.0 34
2.4420769541322755 1.0 0.0 1.0 37
2.7504310546232134 1.0 0.0 1.0 39
1.1285960419184418 1.0 4.0 1.0 40
2.85171359081058 1.0 0.0 1.0 41
4.0 1.9677204855810704 4.0 2.0 43
0.0 0.1678042212125163 0.0 0.0 44
0.723774818524113 1.0 4.0 1.0 45
4.0 0.11745334080742492 4.0 0.0 46
4.0 0.3773251774182464 4.0 0.0 47
4.758203254433294 1.0 5.0 1.0 48
0.0 0.5012604351081889 0.0 0.0 49
4.0 1.4978066651343296 4.0 2.0 50
0.2489305287430576 1.0 4.0 1.0 51
0.3874342123818476 1.0 4.0 1.0 52
3.60879216674484 1.0 0.0 1.0 53
3.7505004958875334 1.0 0.0 1.0 54
3.622180120788727 1.0 0.0 1.0 55
0.0 1.0 0.0 0.0 56
4.0 1.0 0.0 1.0 57
4.0 0.9998337905435013 4.0 1.0 58
4.001484424904433 1.0 4.0 1.0 59
0.0 0.8834384841645485 0.0 1.0 60
4.0 1.116623439506482 4.0 1.0 61
0.0 1.2300919697751005 0.0 1.0 62
0.0 0.6259466162996317 0.0 1.0 63
4.0 0.6204788423068464 4.0 1.0 64
4.0 1.3900990199338652 4.0 1.0 65
4.385461414411096 1.0 4.0 1.0 66
0.0 0.37799818042980166 0.0 1.0 67
4.0 1.609718091729373 4.0 1.0 68
4.0 0.25490447811170436 4.0 1.0 69
4.745198865819585 1.0 4.0 1.0 70
0.0 0.122288871309023 0.0 1.0 71
0.0 1.874349977646491 0.0 1.0 72
4.0 1.871841702576235 4.0 1.0 73
*** t = 42
3.552294371784104 1.0 4.0 1.0 4
3.359040457324589 1.0 4.0 1.0 7
0.2508738880286743 1.0 0.0 1.0 9
3.253604950244835 1.0 4.0 1.0 11
3.046744195536838 1.0 4.0 1.0 15
2.87071466036596 1.0 4.0 1.0 18
1.397801242749632 1.0 0.0 1.0 23
1.805959860107821 1.0 0.0 1.0 25
1.785179608181957 1.0 0.0 1.0 26
1.8986028175510812 1.0 0.0 1.0 28
1.972153761164627 1.0 0.0 1.0 30
1.767153066155173 1.0 4.0 1.0 33
1.5846436112772455 1.0 4.0 1.0 34
2.3122500336432985 1.0 0.0 1.0 37
2.6254741600855347 1.0 0.0 1.0 39
1.2539956021316019 1.0 4.0 1.0 40
2.7241262120117558 1.0 0.0 1.0 41
0.0 0.04891910995716152 0.0 0.0 44
0.8444039549447985 1.0 4.0 1.0 45
4.0 0.25279021290189563 4.0 0.0 47
4.88457046350551 1.0 5.0 1.0 48
0.0 0.3765755438852361 0.0 0.0 49
4.0 1.622258331417912 4.0 2.0 50
0.37339579311458637 1.0 4.0 1.0 51
0.5165789498424634 1.0 4.0 1.0 52
3.4783895556597866 1.0 0.0 1.0 53
3.6257507438313 1.0 0.0 1.0 54
3.4962401610516363 1.0 0.0 1.0 55
0.0 0.8760326131841495 0.0 0.0 56
3.8765843365996995 1.0 0.0 1.0 57
4.0 1.0 5.0 1.0 58
4.0 1.0 0.0 1.0 59
0.0 1.0 4.0 1.0 60
4.0 1.0 0.0 1.0 61
0.0 1.1017739647376172 0.0 1.0 62
0.0 0.751135939559558 0.0 1.0 63
4.0 0.7445746107682156 4.0 1.0 64
4.0 1.2681188239206382 4.0 1.0 65
4.262553697293315 1.0 4.0 1.0 66
0.0 0.5039975739064022 0.0 1.0 67
4.0 1.4796241223058306 4.0 1.0 68
4.0 0.38235671716755654 4.0 1.0 69
4.617798298729378 1.0 4.0 1.0 70
0.0 0.244577742618046 0.0 1.0 71
0.0 1.7486999552929818 0.0 1.0 72
4.0 1.7436834051524701 4.0 1.0 73
*** t = 43
3.6747872811559694 1.0 4.0 1.0 4
3.4834493631514256 1.0 4.0 1.0 7
0.11697652688684113 1.0 0.0 1.0 9
3.3787436021773285 1.0 4.0 1.0 11
3.173691870350873 1.0 4.0 1.0 15
3.0012016903825947 1.0 4.0 1.0 18
1.2676913048871135 1.0 0.0 1.0 23
1.6840687412249222 1.0 0.0 1.0 25
1.6621340308587327 1.0 0.0 1.0 26
1.7749912185834975 1.0 0.0 1.0 28
1.8454133712374161 1.0 0.0 1.0 30
1.8933782851662568 1.0 4.0 1.0 33
1.7065392736831875 1.0 4.0 1.0 34
2.1824231131543215 1.0 0.0 1.0 37
2.500517265547856 1.0 0.0 1.0 39
1.379395162344762 1.0 4.0 1.0 40
2.5965388332129313 1.0 0.0 1.0 41
0.965033091365484 1.0 4.0 1.0 45
4.0 0.12825524838554486 4.0 0.0 47
0.0 0.2518906526622834 0.0 0.0 49
4.0 1.7467099977014944 4.0 2.0 50
0.4978610574861152 1.0 4.0 1.0 51
0.6457236873030793 1.0 4.0 1.0 52
3.3479869445747332 1.0 0.0 1.0 53
3.501000991775067 1.0 0.0 1.0 54
3.3703002013145453 1.0 0.0 1.0 55
0.0 0.752065226368299 0.0 0.0 56
3.753168673199399 1.0 0.0 1.0 57
4.124979223817937 1.0 5.0 1.0 58
3.8751855531130546 1.0 0.0 1.0 59
0.12620549773779263 1.0 4.0 1.0 60
3.873803348500926 1.0 0.0 1.0 61
0.0 1.0 0.0 0.0 62
0.0 0.8763252628194844 0.0 1.0 63
4.0 0.8686703792295849 4.0 1.0 64
4.0 1.1461386279074113 4.0 1.0 65
4.139645980175534 1.0 4.0 1.0 66
0.0 0.6299969673830028 0.0 1.0 67
4.0 1.3495301528822883 4.0 1.0 68
4.0 0.5098089562234087 4.0 1.0 69
4.49039773163917 1.0 4.0 1.0 70
0.0 0.366866613927069 0.0 1.0 71
0.0 1.6230499329394728 0.0 1.0 72
4.0 1.6155251077287052 4.0 1.0 73
0.0 0.12416085360455746 0.0 1.0 74
4.0 0.1238621158940391 4.0 1.0 75
4.0 1.8758911038816604 4.0 1.0 76
4.87145378546112 1.0 4.0 1.0 77
*** t = 44
3.797280190527835 1.0 4.0 1.0 4
3.607858268978262 1.0 4.0 1.0 7
0.0 1.0 0.0 2.0 9
3.503882254109822 1.0 4.0 1.0 11
3.3006395451649078 1.0 4.0 1.0 15
3.131688720399229 1.0 4.0 1.0 18
1.137581367024595 1.0 0.0 1.0 23
1.5621776223420234 1.0 0.0 1.0 25
1.5390884535355083 1.0 0.0 1.0 26
1.6513796196159138 1.0 0.0 1.0 28
1.7186729813102053 1.0 0.0 1.0 30
2.019603504177341 1.0 4.0 1.0 33
1.8284349360891294 1.0 4.0 1.0 34
2.0525961926653444 1.0 0.0 1.0 37
2.3755603710101774 1.0 0.0 1.0 39
1.5047947225579221 1.0 4.0 1.0 40
2.468951454414107 1.0 0.0 1.0 41
1.0856622277861694 1.0 4.0 1.0 45
4.0 0.0037202838691940965 4.0 0.0 47
0.0 0.12720576143933066 0.0 0.0 49
4.0 1.8711616639850768 4.0 2.0 50
0.622326321857644 1.0 4.0 1.0 51
0.7748684247636951 1.0 4.0 1.0 52
3.21758433348968 1.0 0.0 1.0 53
3.3762512397188336 1.0 0.0 1.0 54
3.2443602415774544 1.0 0.0 1.0 55
0.0 0.6280978395524485 0.0 0.0 56
3.6297530097990984 1.0 0.0 1.0 57
4.2499584476358745 1.0 5.0 1.0 58
3.750371106226109 1.0 0.0 1.0 59
0.25241099547558526 1.0 4.0 1.0 60
3.747606697001852 1.0 0.0 1.0 61
0.0 0.8716819949625167 0.0 0.0 62
0.0 1.0 0.0 2.0 63
4.0 0.9927661476909542 4.0 1.0 64
4.0 1.0241584318941843 4.0 1.0 65
4.0167382630577535 1.0 4.0 1.0 66
0.0 0.7559963608596034 0.0 1.0 67
4.0 1.219436183458746 4.0 1.0 68
4.0 0.6372611952792608 4.0 1.0 69
4.362997164548963 1.0 4.0 1.0 70
0.0 0.489155485236092 0.0 1.0 71
0.0 1.4973999105859637 0.0 1.0 72
4.0 1.4873668103049402 4.0 1.0 73
0.0 0.24832170720911492 0.0 1.0 74
4.0 0.2477242317880782 4.0 1.0 75
4.0 1.7517822077633207 4.0 1.0 76
4.74290757092224 1.0 4.0 1.0 77
*** t = 45
3.9197730998997007 1.0 4.0 1.0 4
3.7322671748050986 1.0 4.0 1.0 7
0.0 1.133897361141833 0.0 2.0 9
3.6290209060423155 1.0 4.0 1.0 11
3.4275872199789426 1.0 4.0 1.0 15
3.2621757504158637 1.0 4.0 1.0 18
1.0074714291620763 1.0 0.0 1.0 23
1.4402865034591246 1.0 0.0 1.0 25
1.4160428762122839 1.0 0.0 1.0 26
1.5277680206483302 1.0 0.0 1.0 28
1.5919325913829945 1.0 0.0 1.0 30
2.1458287231884245 1.0 4.0 1.0 33
1.9503305984950714 1.0 4.0 1.0 34
1.9227692721763674 1.0 0.0 1.0 37
2.2506034764724987 1.0 0.0 1.0 39
1.6301942827710822 1.0 4.0 1.0 40
2.3413640756152825 1.0 0.0 1.0 41
1.206291364206855 1.0 4.0 1.0 45
0.0 0.00252087021637791 0.0 0.0 49
4.0 1.9956133302686592 4.0 2.0 50
0.7467915862291729 1.0 4.0 1.0 51
0.9040131622243109 1.0 4.0 1.0 52
3.0871817224046265 1.0 0.0 1.0 53
3.2515014876626003 1.0 0.0 1.0 54
3.1184202818403635 1.0 0.0 1.0 55
0.0 0.504130452736598 0.0 0.0 56
3.506337346398798 1.0 0.0 1.0 57
4.374937671453812 1.0 5.0 1.0 58
3.6255566593391637 1.0 0.0 1.0 59
0.37861649321337787 1.0 4.0 1.0 60
3.621410045502778 1.0 0.0 1.0 61
0.0 0.7433639899250335 0.0 0.0 62
0.0 1.1251893232599264 0.0 2.0 63
4.0 1.0 0.0 1.0 64
4.0 1.0 0.0 1.0 65
4.0 1.0 0.0 1.0 66
0.0 0.881995754336204 0.0 1.0 67
4.0 1.0893422140352036 4.0 1.0 68
4.0 0.764713434335113 4.0 1.0 69
4.2355965974587555 1.0 4.0 1.0 70
0.0 0.611444356545115 0.0 1.0 71
0.0 1.3717498882324546 0.0 1.0 72
4.0 1.3592085128811753 4.0 1.0 73
0.0 0.37248256081367237 0.0 1.0 74
4.0 0.3715863476821173 4.0 1.0 75
4.0 1.627673311644981 4.0 1.0 76
4.61436135638336 1.0 4.0 1.0 77
0.0 0.1285158279156084 0.0 1.0 78
4.0 1.8700731510678288 4.0 1.0 79
*** t = 46
4.0 1.0 4.0 0.0 4
3.856676080631935 1.0 4.0 1.0 7
0.0 1.267794722283666 0.0 2.0 9
3.754159557974809 1.0 4.0 1.0 11
3.5545348947929774 1.0 4.0 1.0 15
3.3926627804324982 1.0 4.0 1.0 18
0.8773614912995579 1.0 0.0 1.0 23
1.3183953845762257 1.0 0.0 1.0 25
1.2929972988890595 1.0 0.0 1.0 26
1.4041564216807465 1.0 0.0 1.0 28
1.4651922014557837 1.0 0.0 1.0 30
2.2720539421995083 1.0 4.0 1.0 33
2.0722262609010134 1.0 4.0 1.0 34
1.7929423516873904 1.0 0.0 1.0 37
2.12564658193482 1.0 0.0 1.0 39
1.7555938429842424 1.0 4.0 1.0 40
2.213776696816458 1.0 0.0 1.0 41
1.3269205006275404 1.0 4.0 1.0 45
0.8712568506007017 1.0 4.0 1.0 51
1.0331578996849269 1.0 4.0 1.0 52
2.956779111319573 1.0 0.0 1.0 53
3.126751735606367 1.0 0.0 1.0 54
2.9924803221032725 1.0 0.0 1.0 55
0.0 0.38016306592074744 0.0 0.0 56
3.3829216829984974 1.0 0.0 1.0 57
4.499916895271749 1.0 5.0 1.0 58
3.5007422124522183 1.0 0.0 1.0 59
0.5048219909511705 1.0 4.0 1.0 60
3.495213394003704 1.0 0.0 1.0 61
0.0 0.6150459848875502 0.0 0.0 62
0.0 1.2503786465198528 0.0 2.0 63
3.8759042315386307 1.0 0.0 1.0 64
3.8780198039867733 1.0 0.0 1.0 65
3.877092282882219 1.0 0.0 1.0 66
0.0 1.0 0.0 0.0 67
4.0 1.0 0.0 1.0 68
4.0 0.8921656733909651 4.0 1.0 69
4.108196030368548 1.0 4.0 1.0 70
0.0 0.733733227854138 0.0 1.0 71
0.0 1.2460998658789455 0.0 1.0 72
4.0 1.2310502154574103 4.0 1.0 73
0.0 0.49664341441822984 0.0 1.0 74
4.0 0.4954484635761564 4.0 1.0 75
4.0 1.5035644155266414 4.0 1.0 76
4.48581514184448 1.0 4.0 1.0 77
0.0 0.2570316558312168 0.0 1.0 78
4.0 1.7401463021356576 4.0 1.0 79
0.0 1.875332790674321 0.0 1.0 80
4.0 0.12079630964543125 4.0 1.0 81
4.874837942574253 1.0 4.0 1.0 82
*** t = 47
4.0 0.8775070906281344 4.0 0.0 4
3.9810849864587716 1.0 4.0 1.0 7
0.0 1.4016920834254991 0.0 2.0 9
3.8792982099073026 1.0 4.0 1.0 11
3.681482569607012 1.0 4.0 1.0 15
3.523149810449133 1.0 4.0 1.0 18
0.7472515534370394 1.0 0.0 1.0 23
1.196504265693327 1.0 0.0 1.0 25
1.169951721565835 1.0 0.0 1.0 26
1.2805448227131628 1.0 0.0 1.0 28
1.3384518115285728 1.0 0.0 1.0 30
2.398279161210592 1.0 4.0 1.0 33
2.1941219233069553 1.0 4.0 1.0 34
1.6631154311984133 1.0 0.0 1.0 37
2.0006896873971414 1.0 0.0 1.0 39
1.8809934031974025 1.0 4.0 1.0 40
2.0861893180176336 1.0 0.0 1.0 41
1.447549637048226 1.0 4.0 1.0 45
0.9957221149722305 1.0 4.0 1.0 51
1.1623026371455427 1.0 4.0 1.0 52
2.82637650023452 1.0 0.0 1.0 53
3.0020019835501337 1.0 0.0 1.0 54
2.8665403623661816 1.0 0.0 1.0 55
0.0 0.25619567910489693 0.0 0.0 56
3.259506019598197 1.0 0.0 1.0 57
4.624896119089686 1.0 5.0 1.0 58
3.375927765565273 1.0 0.0 1.0 59
0.6310274886889632 1.0 4.0 1.0 60
3.36901674250463 1.0 0.0 1.0 61
0.0 0.48672797985006705 0.0 0.0 62
0.0 1.3755679697797791 0.0 2.0 63
3.7518084630772615 1.0 0.0 1.0 64
3.7560396079735465 1.0 0.0 1.0 65
3.7541845657644384 1.0 0.0 1.0 66
0.0 0.8740006065233994 0.0 0.0 67
3.8699060305764577 1.0 0.0 1.0 68
4.0 1.0 0.0 1.0 69
4.0 1.0 0.0 1.0 70
0.0 0.856022099163161 0.0 1.0 71
0.0 1.1204498435254364 0.0 1.0 72
4.0 1.1028919180336454 4.0 1.0 73
0.0 0.6208042680227873 0.0 1.0 74
4.0 0.6193105794701955 4.0 1.0 75
4.0 1.3794555194083018 4.0 1.0 76
4.3572689273056 1.0 4.0 1.0 77
0.0 0.3855474837468252 0.0 1.0 78
4.0 1.6102194532034864 4.0 1.0 79
0.0 1.7506655813486418 0.0 1.0 80
4.0 0.2415926192908625 4.0 1.0 81
4.7496758851485055 1.0 4.0 1.0 82
0.0 0.12507117962252562 0.0 1.0 83
4.0 1.8714996511987638 4.0 1.0 84
*** t = 48
4.0 0.7550141812562687 4.0 0.0 4
4.0 1.0 5.0 1.0 7
0.0 1.5355894445673322 0.0 2.0 9
4.0 1.0 0.0 1.0 11
3.808430244421047 1.0 4.0 1.0 15
3.6536368404657673 1.0 4.0 1.0 18
0.617141615574521 1.0 0.0 1.0 23
1.074613146810428 1.0 0.0 1.0 25
1.0469061442426106 1.0 0.0 1.0 26
1.1569332237455792 1.0 0.0 1.0 28
1.211711421601362 1.0 0.0 1.0 30
2.524504380221676 1.0 4.0 1.0 33
2.3160175857128973 1.0 4.0 1.0 34
1.5332885107094363 1.0 0.0 1.0 37
1.8757327928594627 1.0 0.0 1.0 39
2.006392963410563 1.0 4.0 1.0 40
1.9586019392188092 1.0 0.0 1.0 41
1.5681787734689114 1.0 4.0 1.0 45
1.1201873793437593 1.0 4.0 1.0 51
1.2914473746061585 1.0 4.0 1.0 52
2.6959738891494665 1.0 0.0 1.0 53
2.8772522314939004 1.0 0.0 1.0 54
2.7406004026290907 1.0 0.0 1.0 55
0.0 0.1322282922890464 0.0 0.0 56
3.1360903561978963 1.0 0.0 1.0 57
4.7498753429076235 1.0 5.0 1.0 58
3.2511133186783274 1.0 0.0 1.0 59
0.7572329864267558 1.0 4.0 1.0 60
3.242820091005556 1.0 0.0 1.0 61
0.0 0.35840997481258385 0.0 0.0 62
0.0 1.5007572930397055 0.0 2.0 63
3.627712694615892 1.0 0.0 1.0 64
3.63405941196032 1.0 0.0 1.0 65
3.6312768486466576 1.0 0.0 1.0 66
0.0 0.7480012130467988 0.0 0.0 67
3.7398120611529153 1.0 0.0 1.0 68
3.8725477609441477 1.0 0.0 1.0 69
3.872599432909792 1.0 0.0 1.0 70
0.0 0.978310970472184 0.0 1.0 71
0.0 1.0 0.0 2.0 72
4.0 1.0 4.0 0.0 73
0.0 0.7449651216273447 0.0 1.0 74
4.0 0.7431726953642346 4.0 1.0 75
4.0 1.2553466232899622 4.0 1.0 76
4.22872271276672 1.0 4.0 1.0 77
0.0 0.5140633116624336 0.0 1.0 78
4.0 1.4802926042713151 4.0 1.0 79
0.0 1.6259983720229627 0.0 1.0 80
4.0 0.36238892893629376 4.0 1.0 81
4.624513827722758 1.0 4.0 1.0 82
0.0 0.25014235924505124 0.0 1.0 83
4.0 1.7429993023975277 4.0 1.0 84
*** t = 49
4.0 0.6325212718844031 4.0 0.0 4
4.1244089058268365 1.0 5.0 1.0 7
0.0 1.6694868057091652 0.0 2.0 9
3.8748613480675065 1.0 0.0 1.0 11
3.9353779192350817 1.0 4.0 1.0 15
3.784123870482402 1.0 4.0 1.0 18
0.4870316777120025 1.0 0.0 1.0 23
0.9527220279275292 1.0 0.0 1.0 25
0.9238605669193862 1.0 0.0 1.0 26
1.0333216247779955 1.0 0.0 1.0 28
1.0849710316741512 1.0 0.0 1.0 30
2.6507295992327595 1.0 4.0 1.0 33
2.4379132481188392 1.0 4.0 1.0 34
1.4034615902204592 1.0 0.0 1.0 37
1.750775898321784 1.0 0.0 1.0 39
2.131792523623723 1.0 4.0 1.0 40
1.8310145604199848 1.0 0.0 1.0 41
1.688807909889597 1.0 4.0 1.0 45
1.244652643715288 1.0 4.0 1.0 51
1.4205921120667744 1.0 4.0 1.0 52
2.565571278064413 1.0 0.0 1.0 53
2.752502479437667 1.0 0.0 1.0 54
2.6146604428919997 1.0 0.0 1.0 55
0.0 0.008260905473195856 0.0 0.0 56
3.012674692797596 1.0 0.0 1.0 57
4.874854566725561 1.0 5.0 1.0 58
3.126298871791382 1.0 0.0 1.0 59
0.8834384841645485 1.0 4.0 1.0 60
3.116623439506482 1.0 0.0 1.0 61
0.0 0.23009196977510066 0.0 0.0 62
0.0 1.6259466162996319 0.0 2.0 63
3.503616926154523 1.0 0.0 1.0 64
3.512079215947093 1.0 0.0 1.0 65
3.5083691315288767 1.0 0.0 1.0 66
0.0 0.6220018195701982 0.0 0.0 67
3.609718091729373 1.0 0.0 1.0 68
3.7450955218882953 1.0 0.0 1.0 69
3.7451988658195843 1.0 0.0 1.0 70
0.0 1.0 4.0 1.0 71
0.0 1.125650022353509 0.0 2.0 72
4.0 0.8718417025762351 4.0 0.0 73
0.0 0.8691259752319022 0.0 1.0 74
4.0 0.8670348112582736 4.0 1.0 75
4.0 1.1312377271716225 4.0 1.0 76
4.10017649822784 1.0 4.0 1.0 77
0.0 0.642579139578042 0.0 1.0 78
4.0 1.350365755339144 4.0 1.0 79
0.0 1.5013311626972836 0.0 1.0 80
4.0 0.483185238581725 4.0 1.0 81
4.499351770297011 1.0 4.0 1.0 82
0.0 0.37521353886757686 0.0 1.0 83
4.0 1.6144989535962915 4.0 1.0 84
0.0 0.12874706884051082 0.0 1.0 85
4.0 0.12461921781242259 4.0 1.0 86
4.0 1.8725650759277834 4.0 1.0 87
4.876040912610495 1.0 4.0 1.0 88
*** t = 50
4.0 0.5100283625125375 4.0 0.0 4
4.248817811653673 1.0 5.0 1.0 7
0.0 1.8033841668509982 0.0 2.0 9
3.749722696135013 1.0 0.0 1.0 11
4.0 1.0 0.0 1.0 15
3.9146109004990364 1.0 4.0 1.0 18
0.35692173984948405 1.0 0.0 1.0 23
0.8308309090446304 1.0 0.0 1.0 25
0.8008149895961618 1.0 0.0 1.0 26
0.9097100258104118 1.0 0.0 1.0 28
0.9582306417469404 1.0 0.0 1.0 30
2.7769548182438433 1.0 4.0 1.0 33
2.559808910524781 1.0 4.0 1.0 34
1.2736346697314822 1.0 0.0 1.0 37
1.6258190037841054 1.0 0.0 1.0 39
2.257192083836883 1.0 4.0 1.0 40
1.7034271816211604 1.0 0.0 1.0 41
1.8094370463102825 1.0 4.0 1.0 45
1.3691179080868168 1.0 4.0 1.0 51
1.5497368495273902 1.0 4.0 1.0 52
2.4351686669793597 1.0 0.0 1.0 53
2.627752727381434 1.0 0.0 1.0 54
2.488720483154909 1.0 0.0 1.0 55
2.8892590293972953 1.0 0.0 1.0 57
4.999833790543498 1.0 5.0 1.0 58
3.0014844249044366 1.0 0.0 1.0 59
1.009643981902341 1.0 4.0 1.0 60
2.990426788007408 1.0 0.0 1.0 61
0.0 0.10177396473761746 0.0 0.0 62
0.0 1.7511359395595583 0.0 2.0 63
3.3795211576931536 1.0 0.0 1.0 64
3.3900990199338663 1.0 0.0 1.0 65
3.385461414411096 1.0 0.0 1.0 66
0.0 0.4960024260935976 0.0 0.0 67
3.4796241223058306 1.0 0.0 1.0 68
3.617643282832443 1.0 0.0 1.0 69
3.6177982987293764 1.0 0.0 1.0 70
0.122288871309023 1.0 4.0 1.0 71
0.0 1.2513000447070182 0.0 2.0 72
4.0 0.7436834051524701 4.0 0.0 73
0.0 0.9932868288364596 0.0 1.0 74
4.0 0.9908969271523127 4.0 1.0 75
4.0 1.0071288310532829 4.0 1.0 76
4.0 1.0 4.0 0.0 77
0.0 0.7710949674936505 0.0 1.0 78
4.0 1.2204389064069727 4.0 1.0 79
0.0 1.3766639533716045 0.0 1.0 80
4.0 0.6039815482271562 4.0 1.0 81
4.374189712871264 1.0 4.0 1.0 82
0.0 0.5002847184901025 0.0 1.0 83
4.0 1.4859986047950553 4.0 1.0 84
0.0 0.25749413768102164 0.0 1.0 85
4.0 0.24923843562484518 4.0 1.0 86
4.0 1.7451301518555669 4.0 1.0 87
4.752081825220991 1.0 4.0 1.0 88
*** t = 51
4.0 0.3875354531406718 4.0 0.0 4
4.3732267174805095 1.0 5.0 1.0 7
0.0 1.9372815279928313 0.0 2.0 9
3.6245840442025195 1.0 0.0 1.0 11
3.873052325185965 1.0 0.0 1.0 15
4.0 1.0 0.0 1.0 18
0.22681180198696557 1.0 0.0 1.0 23
0.7089397901617316 1.0 0.0 1.0 25
0.6777694122729374 1.0 0.0 1.0 26
0.7860984268428282 1.0 0.0 1.0 28
0.8314902518197296 1.0 0.0 1.0 30
2.903180037254927 1.0 4.0 1.0 33
2.681704572930723 1.0 4.0 1.0 34
1.1438077492425052 1.0 0.0 1.0 37
1.5008621092464267 1.0 0.0 1.0 39
2.382591644050043 1.0 4.0 1.0 40
1.575839802822336 1.0 0.0 1.0 41
1.930066182730968 1.0 4.0 1.0 45
1.4935831724583455 1.0 4.0 1.0 51
1.678881586988006 1.0 4.0 1.0 52
2.3047660558943064 1.0 0.0 1.0 53
2.5030029753252006 1.0 0.0 1.0 54
2.362780523417818 1.0 0.0 1.0 55
2.7658433659969948 1.0 0.0 1.0 57
2.876669978017491 1.0 0.0 1.0 59
1.1358494796401337 1.0 4.0 1.0 60
2.864230136508334 1.0 0.0 1.0 61
0.0 1.8763252628194846 0.0 2.0 63
3.2554253892317844 1.0 0.0 1.0 64
3.2681188239206396 1.0 0.0 1.0 65
3.262553697293315 1.0 0.0 1.0 66
0.0 0.3700030326169971 0.0 0.0 67
3.3495301528822883 1.0 0.0 1.0 68
3.4901910437765906 1.0 0.0 1.0 69
3.4903977316391686 1.0 0.0 1.0 70
0.244577742618046 1.0 4.0 1.0 71
0.0 1.3769500670605272 0.0 2.0 72
4.0 0.6155251077287052 4.0 0.0 73
0.0 1.0 4.0 1.0 74
4.0 1.0 4.0 0.0 75
4.0 1.0 4.0 0.0 76
4.0 0.87145378546112 4.0 0.0 77
0.0 0.8996107954092589 0.0 1.0 78
4.0 1.0905120574748015 4.0 1.0 79
0.0 1.2519967440459254 0.0 1.0 80
4.0 0.7247778578725874 4.0 1.0 81
4.249027655445516 1.0 4.0 1.0 82
0.0 0.6253558981126282 0.0 1.0 83
4.0 1.3574982559938191 4.0 1.0 84
0.0 0.3862412065215325 0.0 1.0 85
4.0 0.3738576534372678 4.0 1.0 86
4.0 1.6176952277833503 4.0 1.0 87
4.628122737831486 1.0 4.0 1.0 88
0.0 0.12196017202012577 0.0 1.0 89
0.0 1.8754019909214679 0.0 1.0 90
4.0 1.8727634412685719 4.0 1.0 91
*** t = 52
4.0 0.2650425437688061 4.0 0.0 4
4.497635623307346 1.0 5.0 1.0 7
3.499445392270026 1.0 0.0 1.0 11
3.7461046503719304 1.0 0.0 1.0 15
3.8695129699833655 1.0 0.0 1.0 18
0.09670186412444709 1.0 0.0 1.0 23
0.5870486712788328 1.0 0.0 1.0 25
0.554723834949713 1.0 0.0 1.0 26
0.6624868278752445 1.0 0.0 1.0 28
0.7047498618925188 1.0 0.0 1.0 30
3.0294052562660108 1.0 4.0 1.0 33
2.803600235336665 1.0 4.0 1.0 34
1.0139808287535281 1.0 0.0 1.0 37
1.375905214708748 1.0 0.0 1.0 39
2.5079912042632033 1.0 4.0 1.0 40
1.4482524240235115 1.0 0.0 1.0 41
2.0506953191516533 1.0 4.0 1.0 45
1.6180484368298742 1.0 4.0 1.0 51
1.8080263244486219 1.0 4.0 1.0 52
2.174363444809253 1.0 0.0 1.0 53
2.3782532232689673 1.0 0.0 1.0 54
2.236840563680727 1.0 0.0 1.0 55
2.6424277025966942 1.0 0.0 1.0 57
2.7518555311305457 1.0 0.0 1.0 59
1.2620549773779264 1.0 4.0 1.0 60
2.73803348500926 1.0 0.0 1.0 61
3.131329620770415 1.0 0.0 1.0 64
3.146138627907413 1.0 0.0 1.0 65
3.1396459801755343 1.0 0.0 1.0 66
0.0 0.24400363914039652 0.0 0.0 67
3.219436183458746 1.0 0.0 1.0 68
3.3627388047207383 1.0 0.0 1.0 69
3.3629971645489607 1.0 0.0 1.0 70
0.366866613927069 1.0 4.0 1.0 71
0.0 1.5026000894140363 0.0 2.0 72
4.0 0.48736681030494017 4.0 0.0 73
0.12416085360455746 1.0 4.0 1.0 74
4.0 0.8761378841059609 4.0 0.0 75
4.0 0.8758911038816605 4.0 0.0 76
4.0 0.7429075709222399 4.0 0.0 77
0.0 1.0 4.0 1.0 78
4.0 1.0 0.0 1.0 79
0.0 1.1273295347202463 0.0 1.0 80
4.0 0.8455741675180186 4.0 1.0 81
4.123865598019769 1.0 4.0 1.0 82
0.0 0.7504270777351538 0.0 1.0 83
4.0 1.228997907192583 4.0 1.0 84
0.0 0.5149882753620433 0.0 1.0 85
4.0 0.49847687124969037 4.0 1.0 86
4.0 1.4902603037111337 4.0 1.0 87
4.504163650441981 1.0 4.0 1.0 88
0.0 0.24392034404025154 0.0 1.0 89
0.0 1.7508039818429357 0.0 1.0 90
4.0 1.7455268825371437 4.0 1.0 91
4.0 0.12178470405646856 4.0 1.0 92
4.874859063963372 1.0 4.0 1.0 93
*** t = 53
4.0 0.1425496343969404 4.0 0.0 4
4.6220445291341825 1.0 5.0 1.0 7
3.3743067403375324 1.0 0.0 1.0 11
3.6191569755578956 1.0 0.0 1.0 15
3.739025939966731 1.0 0.0 1.0 18
0.0 1.0 4.0 1.0 23
0.46515755239593387 1.0 0.0 1.0 25
0.4316782576264886 1.0 0.0 1.0 26
0.5388752289076608 1.0 0.0 1.0 28
0.5780094719653079 1.0 0.0 1.0 30
3.1556304752770945 1.0 4.0 1.0 33
2.925495897742607 1.0 4.0 1.0 34
0.8841539082645511 1.0 0.0 1.0 37
1.2509483201710694 1.0 0.0 1.0 39
2.6333907644763634 1.0 4.0 1.0 40
1.320665045224687 1.0 0.0 1.0 41
2.1713244555723388 1.0 4.0 1.0 45
1.742513701201403 1.0 4.0 1.0 51
1.9371710619092377 1.0 4.0 1.0 52
2.0439608337241997 1.0 0.0 1.0 53
2.253503471212734 1.0 0.0 1.0 54
2.110900603943636 1.0 0.0 1.0 55
2.5190120391963937 1.0 0.0 1.0 57
2.6270410842436003 1.0 0.0 1.0 59
1.388260475115719 1.0 4.0 1.0 60
2.611836833510186 1.0 0.0 1.0 61
3.007233852309046 1.0 0.0 1.0 64
3.024158431894186 1.0 0.0 1.0 65
3.0167382630577535 1.0 0.0 1.0 66
0.0 0.11800424566379597 0.0 0.0 67
3.0893422140352036 1.0 0.0 1.0 68
3.235286565664886 1.0 0.0 1.0 69
3.235596597458753 1.0 0.0 1.0 70
0.489155485236092 1.0 4.0 1.0 71
0.0 1.6282501117675454 0.0 2.0 72
4.0 0.35920851288117517 4.0 0.0 73
0.24832170720911492 1.0 4.0 1.0 74
4.0 0.7522757682119219 4.0 0.0 75
4.0 0.7517822077633209 4.0 0.0 76
4.0 0.6143613563833599 4.0 0.0 77
0.1285158279156084 1.0 4.0 1.0 78
3.870073151067829 1.0 0.0 1.0 79
0.0 1.0026623253945672 0.0 1.0 80
4.0 0.9663704771634498 4.0 1.0 81
4.0 1.0 0.0 1.0 82
0.0 0.8754982573576795 0.0 1.0 83
4.0 1.1004975583913468 4.0 1.0 84
0.0 0.6437353442025541 0.0 1.0 85
4.0 0.623096089062113 4.0 1.0 86
4.0 1.3628253796389171 4.0 1.0 87
4.380204563052477 1.0 4.0 1.0 88
0.0 0.3658805160603773 0.0 1.0 89
0.0 1.6262059727644036 0.0 1.0 90
4.0 1.6182903238057156 4.0 1.0 91
4.0 0.24356940811293712 4.0 1.0 92
4.749718127926744 1.0 4.0 1.0 93
0.0 0.12495741903358874 0.0 1.0 94
4.0 1.8794105025112602 4.0 1.0 95
*** t = 54
4.0 0.020056725025074718 4.0 0.0 4
4.746453434961019 1.0 5.0 1.0 7
3.249168088405039 1.0 0.0 1.0 11
3.492209300743861 1.0 0.0 1.0 15
3.6085389099500964 1.0 0.0 1.0 18
0.13010993786251848 1.0 4.0 1.0 23
0.343266433513035 1.0 0.0 1.0 25
0.3086326803032642 1.0 0.0 1.0 26
0.41526362994007715 1.0 0.0 1.0 28
0.4512690820380971 1.0 0.0 1.0 30
3.2818556942881782 1.0 4.0 1.0 33
3.047391560148549 1.0 4.0 1.0 34
0.754326987775574 1.0 0.0 1.0 37
1.1259914256333907 1.0 0.0 1.0 39
2.7587903246895236 1.0 4.0 1.0 40
1.1930776664258627 1.0 0.0 1.0 41
2.2919535919930243 1.0 4.0 1.0 45
1.8669789655729316 1.0 4.0 1.0 51
2.0663157993698538 1.0 4.0 1.0 52
1.9135582226391463 1.0 0.0 1.0 53
2.1287537191565007 1.0 0.0 1.0 54
1.9849606442065453 1.0 0.0 1.0 55
2.395596375796093 1.0 0.0 1.0 57
2.502226637356655 1.0 0.0 1.0 59
1.5144659728535117 1.0 4.0 1.0 60
2.485640182011112 1.0 0.0 1.0 61
2.8831380838476766 1.0 0.0 1.0 64
2.9021782358809594 1.0 0.0 1.0 65
2.8938305459399727 1.0 0.0 1.0 66
2.9592482446116612 1.0 0.0 1.0 68
3.1078343266090336 1.0 0.0 1.0 69
3.108196030368545 1.0 0.0 1.0 70
0.611444356545115 1.0 4.0 1.0 71
0.0 1.7539001341210545 0.0 2.0 72
4.0 0.23105021545741017 4.0 0.0 73
0.37248256081367237 1.0 4.0 1.0 74
4.0 0.6284136523178828 4.0 0.0 75
4.0 0.6276733116449814 4.0 0.0 76
4.0 0.4858151418444798 4.0 0.0 77
0.2570316558312168 1.0 4.0 1.0 78
3.740146302135658 1.0 0.0 1.0 79
0.0 1.0 4.0 1.0 80
4.0 1.0 4.0 2.0 81
3.8748379425742527 1.0 0.0 1.0 82
0.0 1.0 0.0 0.0 83
4.0 1.0 4.0 0.0 84
0.0 0.7724824130430649 0.0 1.0 85
4.0 0.7477153068745356 4.0 1.0 86
4.0 1.2353904555667006 4.0 1.0 87
4.256245475662972 1.0 4.0 1.0 88
0.0 0.48784068808050307 0.0 1.0 89
0.0 1.5016079636858715 0.0 1.0 90
4.0 1.4910537650742874 4.0 1.0 91
4.0 0.36535411216940566 4.0 1.0 92
4.624577191890117 1.0 4.0 1.0 93
0.0 0.24991483806717749 0.0 1.0 94
4.0 1.7588210050225204 4.0 1.0 95
*** t = 55
4.8708623407878555 1.0 5.0 1.0 7
3.1240294364725454 1.0 0.0 1.0 11
3.365261625929826 1.0 0.0 1.0 15
3.478051879933462 1.0 0.0 1.0 18
0.26021987572503696 1.0 4.0 1.0 23
0.2213753146301361 1.0 0.0 1.0 25
0.18558710298003975 1.0 0.0 1.0 26
0.2916520309724935 1.0 0.0 1.0 28
0.3245286921108863 1.0 0.0 1.0 30
3.408080913299262 1.0 4.0 1.0 33
3.169287222554491 1.0 4.0 1.0 34
0.624500067286597 1.0 0.0 1.0 37
1.001034531095712 1.0 0.0 1.0 39
2.8841898849026837 1.0 4.0 1.0 40
1.0654902876270382 1.0 0.0 1.0 41
2.41258272841371 1.0 4.0 1.0 45
1.9914442299444604 1.0 4.0 1.0 51
2.1954605368304696 1.0 4.0 1.0 52
1.783155611554093 1.0 0.0 1.0 53
2.0040039671002674 1.0 0.0 1.0 54
1.8590206844694546 1.0 0.0 1.0 55
2.2721807123957927 1.0 0.0 1.0 57
2.3774121904697094 1.0 0.0 1.0 59
1.6406714705913044 1.0 4.0 1.0 60
2.359443530512038 1.0 0.0 1.0 61
2.7590423153863073 1.0 0.0 1.0 64
2.7801980398677326 1.0 0.0 1.0 65
2.770922828822192 1.0 0.0 1.0 66
2.829154275188119 1.0 0.0 1.0 68
2.9803820875531812 1.0 0.0 1.0 69
2.980795463278337 1.0 0.0 1.0 70
0.733733227854138 1.0 4.0 1.0 71
0.0 1.8795501564745636 0.0 2.0 72
4.0 0.10289191803364517 4.0 0.0 73
0.49664341441822984 1.0 4.0 1.0 74
4.0 0.5045515364238438 4.0 0.0 75
4.0 0.5035644155266419 4.0 0.0 76
4.0 0.3572689273055998 4.0 0.0 77
0.3855474837468252 1.0 4.0 1.0 78
3.610219453203487 1.0 0.0 1.0 79
0.1246672093256791 1.0 4.0 1.0 80
4.0 1.1207963096454312 4.0 2.0 81
3.7496758851485055 1.0 0.0 1.0 82
0.0 0.8749288203774743 0.0 0.0 83
4.0 0.8714996511987639 4.0 0.0 84
0.0 0.9012294818835757 0.0 1.0 85
4.0 0.8723345246869582 4.0 1.0 86
4.0 1.107955531494484 4.0 1.0 87
4.132286388273467 1.0 4.0 1.0 88
0.0 0.6098008601006288 0.0 1.0 89
0.0 1.3770099546073393 0.0 1.0 90
4.0 1.3638172063428593 4.0 1.0 91
4.0 0.48713881622587424 4.0 1.0 92
4.499436255853489 1.0 4.0 1.0 93
0.0 0.3748722571007662 0.0 1.0 94
4.0 1.6382315075337806 4.0 1.0 95
0.0 0.12521648278260802 0.0 1.0 96
4.0 0.12545553236168078 4.0 1.0 97
4.0 1.8770066663412257 4.0 1.0 98
4.873769698763316 1.0 4.0 1.0 99
*** t = 56
4.995271246614692 1.0 5.0 1.0 7
2.998890784540052 1.0 0.0 1.0 11
3.2383139511157912 1.0 0.0 1.0 15
3.3475648499168273 1.0 0.0 1.0 18
0.3903298135875555 1.0 4.0 1.0 23
0.09948419574723723 1.0 0.0 1.0 25
0.06254152565681531 1.0 0.0 1.0 26
0.1680404320049098 1.0 0.0 1.0 28
0.19778830218367546 1.0 0.0 1.0 30
3.5343061323103457 1.0 4.0 1.0 33
3.291182884960433 1.0 4.0 1.0 34
0.49467314679762 1.0 0.0 1.0 37
0.8760776365580334 1.0 0.0 1.0 39
3.009589445115844 1.0 4.0 1.0 40
0.9379029088282137 1.0 0.0 1.0 41
2.5332118648343953 1.0 4.0 1.0 45
2.1159094943159893 1.0 4.0 1.0 51
2.3246052742910854 1.0 4.0 1.0 52
1.6527530004690396 1.0 0.0 1.0 53
1.8792542150440341 1.0 0.0 1.0 54
1.7330807247323639 1.0 0.0 1.0 55
2.148765048995492 1.0 0.0 1.0 57
2.252597743582764 1.0 0.0 1.0 59
1.766876968329097 1.0 4.0 1.0 60
2.233246879012964 1.0 0.0 1.0 61
2.634946546924938 1.0 0.0 1.0 64
2.658217843854506 1.0 0.0 1.0 65
2.648015111704411 1.0 0.0 1.0 66
2.6990603057645766 1.0 0.0 1.0 68
2.852929848497329 1.0 0.0 1.0 69
2.8533948961881292 1.0 0.0 1.0 70
0.856022099163161 1.0 4.0 1.0 71
0.6208042680227873 1.0 4.0 1.0 74
4.0 0.38068942052980465 4.0 0.0 75
4.0 0.37945551940830236 4.0 0.0 76
4.0 0.2287227127667197 4.0 0.0 77
0.5140633116624336 1.0 4.0 1.0 78
3.480292604271316 1.0 0.0 1.0 79
0.2493344186513582 1.0 4.0 1.0 80
4.0 1.2415926192908624 4.0 2.0 81
3.624513827722758 1.0 0.0 1.0 82
0.0 0.7498576407549487 0.0 0.0 83
4.0 0.7429993023975279 4.0 0.0 84
0.0 1.0 0.0 2.0 85
4.0 0.9969537424993807 4.0 1.0 86
4.0 1.0 5.0 1.0 87
4.008327300883963 1.0 4.0 1.0 88
0.0 0.7317610321207546 0.0 1.0 89
0.0 1.2524119455288072 0.0 1.0 90
4.0 1.2365806476114312 4.0 1.0 91
4.0 0.6089235202823428 4.0 1.0 92
4.374295319816861 1.0 4.0 1.0 93
0.0 0.49982967613435497 0.0 1.0 94
4.0 1.5176420100450407 4.0 1.0 95
0.0 0.25043296556521605 0.0 1.0 96
4.0 0.25091106472336155 4.0 1.0 97
4.0 1.7540133326824514 4.0 1.0 98
4.747539397526632 1.0 4.0 1.0 99
0.0 1.8754056976572688 0.0 1.0 100
*** t = 57
2.8737521326075584 1.0 0.0 1.0 11
3.1113662763017564 1.0 0.0 1.0 15
3.217077819900193 1.0 0.0 1.0 18
0.5204397514500739 1.0 4.0 1.0 23
0.0 1.0 4.0 1.0 25
0.0 1.0 4.0 1.0 26
0.04442883303732616 1.0 0.0 1.0 28
0.07104791225646462 1.0 0.0 1.0 30
3.6605313513214295 1.0 4.0 1.0 33
3.413078547366375 1.0 4.0 1.0 34
0.36484622630864294 1.0 0.0 1.0 37
0.7511207420203547 1.0 0.0 1.0 39
3.134989005329004 1.0 4.0 1.0 40
0.8103155300293892 1.0 0.0 1.0 41
2.653841001255081 1.0 4.0 1.0 45
2.2403747586875182 1.0 4.0 1.0 51
2.4537500117517013 1.0 4.0 1.0 52
1.5223503893839863 1.0 0.0 1.0 53
1.7545044629878008 1.0 0.0 1.0 54
1.6071407649952731 1.0 0.0 1.0 55
2.0253493855951916 1.0 0.0 1.0 57
2.1277832966958186 1.0 0.0 1.0 59
1.8930824660668897 1.0 4.0 1.0 60
2.10705022751389 1.0 0.0 1.0 61
2.5108507784635687 1.0 0.0 1.0 64
2.536237647841279 1.0 0.0 1.0 65
2.5251073945866302 1.0 0.0 1.0 66
2.568966336341034 1.0 0.0 1.0 68
2.7254776094414765 1.0 0.0 1.0 69
2.7259943290979214 1.0 0.0 1.0 70
0.978310970472184 1.0 4.0 1.0 71
0.7449651216273447 1.0 4.0 1.0 74
4.0 0.25682730463576553 4.0 0.0 75
4.0 0.2553466232899628 4.0 0.0 76
4.0 0.10017649822783964 4.0 0.0 77
0.642579139578042 1.0 4.0 1.0 78
3.350365755339145 1.0 0.0 1.0 79
0.3740016279770373 1.0 4.0 1.0 80
4.0 1.3623889289362936 4.0 2.0 81
3.499351770297011 1.0 0.0 1.0 82
0.0 0.624786461132423 0.0 0.0 83
4.0 0.6144989535962918 4.0 0.0 84
0.0 1.1287470688405108 0.0 2.0 85
4.0 1.0 4.0 2.0 86
4.127434924072216 1.0 5.0 1.0 87
4.0 1.0 5.0 1.0 88
0.0 0.8537212041408804 0.0 1.0 89
0.0 1.127813936450275 0.0 1.0 90
4.0 1.109344088880003 4.0 1.0 91
4.0 0.7307082243388113 4.0 1.0 92
4.249154383780233 1.0 4.0 1.0 93
0.0 0.6247870951679437 0.0 1.0 94
4.0 1.397052512556301 4.0 1.0 95
0.0 0.3756494483478241 0.0 1.0 96
4.0 0.37636659708504233 4.0 1.0 97
4.0 1.6310199990236771 4.0 1.0 98
4.621309096289948 1.0 4.0 1.0 99
0.0 1.7508113953145377 0.0 1.0 100
0.0 0.12337521397423946 0.0 1.0 101
4.0 1.8750814449079098 4.0 1.0 102
*** t = 58
2.748613480675065 1.0 0.0 1.0 11
2.9844186014877216 1.0 0.0 1.0 15
3.0865907898835583 1.0 0.0 1.0 18
0.6505496893125924 1.0 4.0 1.0 23
0.12189111888289887 1.0 4.0 1.0 25
0.12304557732322444 1.0 4.0 1.0 26
0.0 1.0 4.0 1.0 28
0.0 1.0 4.0 1.0 30
3.7867565703325132 1.0 4.0 1.0 33
3.534974209772317 1.0 4.0 1.0 34
0.2350193058196659 1.0 0.0 1.0 37
0.6261638474826761 1.0 0.0 1.0 39
3.260388565542164 1.0 4.0 1.0 40
0.6827281512305646 1.0 0.0 1.0 41
2.7744701376757663 1.0 4.0 1.0 45
2.364840023059047 1.0 4.0 1.0 51
2.582894749212317 1.0 4.0 1.0 52
1.391947778298933 1.0 0.0 1.0 53
1.6297547109315675 1.0 0.0 1.0 54
1.4812008052581824 1.0 0.0 1.0 55
1.9019337221948913 1.0 0.0 1.0 57
2.002968849808873 1.0 0.0 1.0 59
2.019287963804682 1.0 4.0 1.0 60
1.980853576014816 1.0 0.0 1.0 61
2.3867550100021995 1.0 0.0 1.0 64
2.4142574518280524 1.0 0.0 1.0 65
2.4021996774688494 1.0 0.0 1.0 66
2.438872366917492 1.0 0.0 1.0 68
2.598025370385624 1.0 0.0 1.0 69
2.5985937620077135 1.0 0.0 1.0 70
1.1005998417812068 1.0 4.0 1.0 71
0.8691259752319022 1.0 4.0 1.0 74
4.0 0.13296518874172641 4.0 0.0 75
4.0 0.1312377271716233 4.0 0.0 76
0.7710949674936505 1.0 4.0 1.0 78
3.220438906406974 1.0 0.0 1.0 79
0.4986688373027164 1.0 4.0 1.0 80
4.0 1.4831852385817248 4.0 2.0 81
3.3741897128712637 1.0 0.0 1.0 82
0.0 0.49971528150989736 0.0 0.0 83
4.0 0.48599860479505574 4.0 0.0 84
0.0 1.2574941376810216 0.0 2.0 85
4.0 1.1246192178124226 4.0 2.0 86
4.254869848144432 1.0 5.0 1.0 87
4.123959087389505 1.0 5.0 1.0 88
0.0 0.9756813761610061 0.0 1.0 89
0.0 1.003215927371743 0.0 1.0 90
4.0 1.0 4.0 2.0 91
4.0 0.8524929283952799 4.0 1.0 92
4.1240134477436055 1.0 4.0 1.0 93
0.0 0.7497445142015324 0.0 1.0 94
4.0 1.276463015067561 4.0 1.0 95
0.0 0.5008659311304321 0.0 1.0 96
4.0 0.5018221294467231 4.0 1.0 97
4.0 1.5080266653649028 4.0 1.0 98
4.495078795053264 1.0 4.0 1.0 99
0.0 1.6262170929718065 0.0 1.0 100
0.0 0.24675042794847893 0.0 1.0 101
4.0 1.7501628898158197 4.0 1.0 102
4.0 0.1255108462295578 4.0 1.0 103
4.871106242557046 1.0 4.0 1.0 104
*** t = 59
2.6234748287425713 1.0 0.0 1.0 11
2.857470926673687 1.0 0.0 1.0 15
2.9561037598669238 1.0 0.0 1.0 18
0.7806596271751108 1.0 4.0 1.0 23
0.24378223776579774 1.0 4.0 1.0 25
0.24609115464644887 1.0 4.0 1.0 26
0.12361159896758366 1.0 4.0 1.0 28
0.12674038992721084 1.0 4.0 1.0 30
3.912981789343597 1.0 4.0 1.0 33
3.656869872178259 1.0 4.0 1.0 34
0.10519238533068886 1.0 0.0 1.0 37
0.5012069529449974 1.0 0.0 1.0 39
3.385788125755324 1.0 4.0 1.0 40
0.5551407724317401 1.0 0.0 1.0 41
2.895099274096452 1.0 4.0 1.0 45
2.489305287430576 1.0 4.0 1.0 51
2.712039486672933 1.0 4.0 1.0 52
1.2615451672138795 1.0 0.0 1.0 53
1.5050049588753343 1.0 0.0 1.0 54
1.3552608455210917 1.0 0.0 1.0 55
1.778518058794591 1.0 0.0 1.0 57
1.8781544029219277 1.0 0.0 1.0 59
2.1454934615424746 1.0 4.0 1.0 60
1.854656924515742 1.0 0.0 1.0 61
2.26265924154083 1.0 0.0 1.0 64
2.2922772558148257 1.0 0.0 1.0 65
2.2792919603510686 1.0 0.0 1.0 66
2.3087783974939495 1.0 0.0 1.0 68
2.470573131329772 1.0 0.0 1.0 69
2.4711931949175057 1.0 0.0 1.0 70
1.2228887130902297 1.0 4.0 1.0 71
0.9932868288364596 1.0 4.0 1.0 74
4.0 0.009103072847687313 4.0 0.0 75
4.0 0.007128831053283768 4.0 0.0 76
0.8996107954092589 1.0 4.0 1.0 78
3.090512057474803 1.0 0.0 1.0 79
0.6233360466283955 1.0 4.0 1.0 80
4.0 1.603981548227156 4.0 2.0 81
3.2490276554455164 1.0 0.0 1.0 82
0.0 0.37464410188737174 0.0 0.0 83
4.0 0.3574982559938197 4.0 0.0 84
0.0 1.3862412065215324 0.0 2.0 85
4.0 1.2492384356248452 4.0 2.0 86
4.382304772216648 1.0 5.0 1.0 87
4.247918174779009 1.0 5.0 1.0 88
0.0 1.0 0.0 2.0 89
0.0 1.0 0.0 0.0 90
4.0 1.1272365587314281 4.0 2.0 91
4.0 0.9742776324517485 4.0 1.0 92
4.0 1.0 0.0 1.0 93
0.0 0.8747019332351211 0.0 1.0 94
4.0 1.1558735175788213 4.0 1.0 95
0.0 0.6260824139130401 0.0 1.0 96
4.0 0.6272776618084039 4.0 1.0 97
4.0 1.3850333317061285 4.0 1.0 98
4.3688484938165795 1.0 4.0 1.0 99
0.0 1.5016227906290753 0.0 1.0 100
0.0 0.3701256419227184 0.0 1.0 101
4.0 1.6252443347237295 4.0 1.0 102
4.0 0.2510216924591156 4.0 1.0 103
4.742212485114091 1.0 4.0 1.0 104
0.0 0.12261213578945906 0.0 1.0 105
4.0 1.8735085488650567 4.0 1.0 106
*** t = 60
2.498336176810078 1.0 0.0 1.0 11
2.730523251859652 1.0 0.0 1.0 15
2.825616729850289 1.0 0.0 1.0 18
0.9107695650376293 1.0 4.0 1.0 23
0.3656733566486966 1.0 4.0 1.0 25
0.36913673196967334 1.0 4.0 1.0 26
0.2472231979351673 1.0 4.0 1.0 28
0.2534807798544217 1.0 4.0 1.0 30
4.0 1.0 0.0 1.0 33
3.778765534584201 1.0 4.0 1.0 34
0.0 1.0 4.0 1.0 37
0.37625005840731873 1.0 0.0 1.0 39
3.5111876859684843 1.0 4.0 1.0 40
0.42755339363291556 1.0 0.0 1.0 41
3.0157284105171374 1.0 4.0 1.0 45
2.613770551802105 1.0 4.0 1.0 51
2.8411842241335488 1.0 4.0 1.0 52
1.1311425561288262 1.0 0.0 1.0 53
1.380255206819101 1.0 0.0 1.0 54
1.229320885784001 1.0 0.0 1.0 55
1.6551023953942907 1.0 0.0 1.0 57
1.7533399560349823 1.0 0.0 1.0 59
2.271698959280267 1.0 4.0 1.0 60
1.728460273016668 1.0 0.0 1.0 61
2.138563473079461 1.0 0.0 1.0 64
2.170297059801599 1.0 0.0 1.0 65
2.156384243233288 1.0 0.0 1.0 66
2.178684428070407 1.0 0.0 1.0 68
2.3431208922739195 1.0 0.0 1.0 69
2.343792627827298 1.0 0.0 1.0 70
1.3451775843992526 1.0 4.0 1.0 71
1.117447682441017 1.0 4.0 1.0 74
1.0281266233248674 1.0 4.0 1.0 78
2.960585208542632 1.0 0.0 1.0 79
0.7480032559540746 1.0 4.0 1.0 80
4.0 1.7247778578725872 4.0 2.0 81
3.123865598019769 1.0 0.0 1.0 82
0.0 0.24957292226484612 0.0 0.0 83
4.0 0.22899790719258362 4.0 0.0 84
0.0 1.5149882753620432 0.0 2.0 85
4.0 1.3738576534372677 4.0 2.0 86
4.5097396962888645 1.0 5.0 1.0 87
4.371877262168514 1.0 5.0 1.0 88
0.0 1.1219601720201258 0.0 2.0 89
0.0 0.8754019909214679 0.0 0.0 90
4.0 1.2544731174628563 4.0 2.0 91
4.0 1.0 0.0 1.0 92
3.8748590639633727 1.0 0.0 1.0 93
0.0 0.9996593522687098 0.0 1.0 94
4.0 1.0352840200900815 4.0 1.0 95
0.0 0.7512988966956481 0.0 1.0 96
4.0 0.7527331941700848 4.0 1.0 97
4.0 1.2620399980473542 4.0 1.0 98
4.242618192579895 1.0 4.0 1.0 99
0.0 1.3770284882863442 0.0 1.0 100
0.0 0.49350085589695786 0.0 1.0 101
4.0 1.5003257796316394 4.0 1.0 102
4.0 0.3765325386886734 4.0 1.0 103
4.613318727671137 1.0 4.0 1.0 104
0.0 0.24522427157891813 0.0 1.0 105
4.0 1.7470170977301134 4.0 1.0 106
*** t = 61
2.3731975248775843 1.0 0.0 1.0 11
2.6035755770456173 1.0 0.0 1.0 15
2.6951296998336547 1.0 0.0 1.0 18
1.0408795029001479 1.0 4.0 1.0 23
0.4875644755315955 1.0 4.0 1.0 25
0.49218230929289775 1.0 4.0 1.0 26
0.37083479690275095 1.0 4.0 1.0 28
0.38022116978163256 1.0 4.0 1.0 30
3.8737747809889163 1.0 0.0 1.0 33
3.900661196990143 1.0 4.0 1.0 34
0.12982692048897704 1.0 4.0 1.0 37
0.25129316386964007 1.0 0.0 1.0 39
3.6365872461816444 1.0 4.0 1.0 40
0.299966014834091 1.0 0.0 1.0 41
3.136357546937823 1.0 4.0 1.0 45
2.738235816173634 1.0 4.0 1.0 51
2.9703289615941646 1.0 4.0 1.0 52
1.0007399450437728 1.0 0.0 1.0 53
1.2555054547628677 1.0 0.0 1.0 54
1.1033809260469103 1.0 0.0 1.0 55
1.5316867319939904 1.0 0.0 1.0 57
1.6285255091480368 1.0 0.0 1.0 59
2.3979044570180594 1.0 4.0 1.0 60
1.602263621517594 1.0 0.0 1.0 61
2.0144677046180917 1.0 0.0 1.0 64
2.048316863788372 1.0 0.0 1.0 65
2.033476526115507 1.0 0.0 1.0 66
2.048590458646865 1.0 0.0 1.0 68
2.215668653218067 1.0 0.0 1.0 69
2.21639206073709 1.0 0.0 1.0 70
1.4674664557082755 1.0 4.0 1.0 71
1.2416085360455746 1.0 4.0 1.0 74
1.1566424512404758 1.0 4.0 1.0 78
2.830658359610461 1.0 0.0 1.0 79
0.8726704652797537 1.0 4.0 1.0 80
4.0 1.8455741675180184 4.0 2.0 81
2.998703540594022 1.0 0.0 1.0 82
0.0 0.1245017426423205 0.0 0.0 83
4.0 0.10049755839134755 4.0 0.0 84
0.0 1.643735344202554 0.0 2.0 85
4.0 1.4984768712496903 4.0 2.0 86
4.637174620361081 1.0 5.0 1.0 87
4.495836349558019 1.0 5.0 1.0 88
0.0 1.2439203440402515 0.0 2.0 89
0.0 0.7508039818429357 0.0 0.0 90
4.0 1.3817096761942844 4.0 2.0 91
3.8782152959435314 1.0 0.0 1.0 92
3.7497181279267453 1.0 0.0 1.0 93
0.0 1.0 0.0 2.0 94
4.0 1.0 0.0 1.0 95
0.0 0.8765153794782561 0.0 1.0 96
4.0 0.8781887265317656 4.0 1.0 97
4.0 1.13904666438858 4.0 1.0 98
4.116387891343211 1.0 4.0 1.0 99
0.0 1.252434185943613 0.0 1.0 100
0.0 0.6168760698711974 0.0 1.0 101
4.0 1.3754072245395492 4.0 1.0 102
4.0 0.5020433849182312 4.0 1.0 103
4.484424970228183 1.0 4.0 1.0 104
0.0 0.3678364073683772 0.0 1.0 105
4.0 1.62052564659517 4.0 1.0 106
0.0 0.12448697587672358 0.0 1.0 107
0.0 1.8723982620756046 0.0 1.0 108
4.0 0.12428506766514756 4.0 1.0 109
4.0 1.875377168518186 4.0 1.0 110
4.87390022200992 1.0 4.0 1.0 111
*** t = 62
2.2480588729450908 1.0 0.0 1.0 11
2.4766279022315825 1.0 0.0 1.0 15
2.56464266981702 1.0 0.0 1.0 18
1.1709894407626664 1.0 4.0 1.0 23
0.6094555944144944 1.0 4.0 1.0 25
0.6152278866161222 1.0 4.0 1.0 26
0.4944463958703346 1.0 4.0 1.0 28
0.5069615597088434 1.0 4.0 1.0 30
3.7475495619778325 1.0 0.0 1.0 33
4.0 1.0 0.0 1.0 34
0.2596538409779541 1.0 4.0 1.0 37
0.1263362693319614 1.0 0.0 1.0 39
3.7619868063948045 1.0 4.0 1.0 40
0.1723786360352665 1.0 0.0 1.0 41
3.2569866833585084 1.0 4.0 1.0 45
2.862701080545163 1.0 4.0 1.0 51
3.0994736990547804 1.0 4.0 1.0 52
0.8703373339587196 1.0 0.0 1.0 53
1.1307557027066344 1.0 0.0 1.0 54
0.9774409663098196 1.0 0.0 1.0 55
1.4082710685936901 1.0 0.0 1.0 57
1.5037110622610914 1.0 0.0 1.0 59
2.524109954755852 1.0 4.0 1.0 60
1.47606697001852 1.0 0.0 1.0 61
1.8903719361567224 1.0 0.0 1.0 64
1.9263366677751452 1.0 0.0 1.0 65
1.9105688089977264 1.0 0.0 1.0 66
1.9184964892233225 1.0 0.0 1.0 68
2.088216414162215 1.0 0.0 1.0 69
2.088991493646882 1.0 0.0 1.0 70
1.5897553270172984 1.0 4.0 1.0 71
1.3657693896501322 1.0 4.0 1.0 74
1.2851582791560843 1.0 4.0 1.0 78
2.70073151067829 1.0 0.0 1.0 79
0.9973376746054328 1.0 4.0 1.0 80
4.0 1.9663704771634496 4.0 2.0 81
2.8735414831682746 1.0 0.0 1.0 82
0.0 1.7724824130430648 0.0 2.0 85
4.0 1.623096089062113 4.0 2.0 86
4.764609544433297 1.0 5.0 1.0 87
4.619795436947523 1.0 5.0 1.0 88
0.0 1.3658805160603773 0.0 2.0 89
0.0 0.6262059727644036 0.0 0.0 90
4.0 1.5089462349257126 4.0 2.0 91
3.756430591887063 1.0 0.0 1.0 92
3.624577191890118 1.0 0.0 1.0 93
0.0 1.1249574190335887 0.0 2.0 94
3.87941050251126 1.0 0.0 1.0 95
0.0 1.0 4.0 1.0 96
4.0 1.0 0.0 1.0 97
4.0 1.0160533307298056 4.0 1.0 98
4.0 1.0 0.0 1.0 99
0.0 1.1278398836008818 0.0 1.0 100
0.0 0.7402512838454368 0.0 1.0 101
4.0 1.250488669447459 4.0 1.0 102
4.0 0.627554231147789 4.0 1.0 103
4.355531212785229 1.0 4.0 1.0 104
0.0 0.49044854315783626 0.0 1.0 105
4.0 1.4940341954602268 4.0 1.0 106
0.0 0.24897395175344716 0.0 1.0 107
0.0 1.7447965241512091 0.0 1.0 108
4.0 0.24857013533029512 4.0 1.0 109
4.0 1.7507543370363718 4.0 1.0 110
4.747800444019839 1.0 4.0 1.0 111
*** t = 63
2.1229202210125973 1.0 0.0 1.0 11
2.3496802274175477 1.0 0.0 1.0 15
2.4341556398003856 1.0 0.0 1.0 18
1.301099378625185 1.0 4.0 1.0 23
0.7313467132973932 1.0 4.0 1.0 25
0.7382734639393466 1.0 4.0 1.0 26
0.6180579948379182 1.0 4.0 1.0 28
0.6337019496360542 1.0 4.0 1.0 30
3.6213243429667488 1.0 0.0 1.0 33
3.878104337594058 1.0 0.0 1.0 34
0.3894807614669311 1.0 4.0 1.0 37
0.0013793747942827256 1.0 0.0 1.0 39
3.8873863666079647 1.0 4.0 1.0 40
0.044791257236442006 1.0 0.0 1.0 41
3.377615819779194 1.0 4.0 1.0 45
2.987166344916692 1.0 4.0 1.0 51
3.2286184365153963 1.0 4.0 1.0 52
0.7399347228736664 1.0 0.0 1.0 53
1.006005950650401 1.0 0.0 1.0 54
0.8515010065727289 1.0 0.0 1.0 55
1.2848554051933898 1.0 0.0 1.0 57
1.378896615374146 1.0 0.0 1.0 59
2.6503154524936443 1.0 4.0 1.0 60
1.349870318519446 1.0 0.0 1.0 61
1.7662761676953531 1.0 0.0 1.0 64
1.8043564717619183 1.0 0.0 1.0 65
1.7876610918799458 1.0 0.0 1.0 66
1.7884025197997802 1.0 0.0 1.0 68
1.9607641751063627 1.0 0.0 1.0 69
1.9615909265566742 1.0 0.0 1.0 70
1.7120441983263213 1.0 4.0 1.0 71
1.4899302432546897 1.0 4.0 1.0 74
1.4136741070716927 1.0 4.0 1.0 78
2.570804661746119 1.0 0.0 1.0 79
1.1220048839311119 1.0 4.0 1.0 80
2.7483794257425274 1.0 0.0 1.0 82
0.0 1.9012294818835755 0.0 2.0 85
4.0 1.7477153068745355 4.0 2.0 86
4.892044468505513 1.0 5.0 1.0 87
4.743754524337028 1.0 5.0 1.0 88
0.0 1.487840688080503 0.0 2.0 89
0.0 0.5016079636858715 0.0 0.0 90
4.0 1.6361827936571407 4.0 2.0 91
3.6346458878305943 1.0 0.0 1.0 92
3.4994362558534906 1.0 0.0 1.0 93
0.0 1.2499148380671774 0.0 2.0 94
3.7588210050225204 1.0 0.0 1.0 95
0.12521648278260802 1.0 4.0 1.0 96
3.8745444676383194 1.0 0.0 1.0 97
4.0 1.0 5.0 1.0 98
3.873769698763316 1.0 0.0 1.0 99
0.0 1.0032455812581507 0.0 1.0 100
0.0 0.8636264978196763 0.0 1.0 101
4.0 1.125570114355369 4.0 1.0 102
4.0 0.7530650773773467 4.0 1.0 103
4.226637455342274 1.0 4.0 1.0 104
0.0 0.6130606789472953 0.0 1.0 105
4.0 1.3675427443252834 4.0 1.0 106
0.0 0.37346092763017075 0.0 1.0 107
0.0 1.6171947862268137 0.0 1.0 108
4.0 0.37285520299544267 4.0 1.0 109
4.0 1.6261315055545578 4.0 1.0 110
4.621700666029759 1.0 4.0 1.0 111
0.0 0.12349605509599224 0.0 1.0 112
4.0 1.87602694308008 4.0 1.0 113
*** t = 64
1.9977815690801035 1.0 0.0 1.0 11
2.222732552603513 1.0 0.0 1.0 15
2.303668609783751 1.0 0.0 1.0 18
1.4312093164877036 1.0 4.0 1.0 23
0.853237832180292 1.0 4.0 1.0 25
0.861319041262571 1.0 4.0 1.0 26
0.7416695938055019 1.0 4.0 1.0 28
0.760442339563265 1.0 4.0 1.0 30
3.495099123955665 1.0 0.0 1.0 33
3.756208675188116 1.0 0.0 1.0 34
0.5193076819559082 1.0 4.0 1.0 37
0.0 1.0 0.0 0.0 39
4.0 1.0 4.0 2.0 40
0.0 1.0 0.0 2.0 41
3.4982449561998794 1.0 4.0 1.0 45
3.111631609288221 1.0 4.0 1.0 51
3.357763173976012 1.0 4.0 1.0 52
0.6095321117886131 1.0 0.0 1.0 53
0.8812561985941678 1.0 0.0 1.0 54
0.7255610468356382 1.0 0.0 1.0 55
1.1614397417930895 1.0 0.0 1.0 57
1.2540821684872006 1.0 0.0 1.0 59
2.7765209502314367 1.0 4.0 1.0 60
1.223673667020372 1.0 0.0 1.0 61
1.6421803992339838 1.0 0.0 1.0 64
1.6823762757486913 1.0 0.0 1.0 65
1.6647533747621652 1.0 0.0 1.0 66
1.6583085503762378 1.0 0.0 1.0 68
1.8333119360505106 1.0 0.0 1.0 69
1.8341903594664664 1.0 0.0 1.0 70
1.8343330696353441 1.0 4.0 1.0 71
1.6140910968592472 1.0 4.0 1.0 74
1.5421899349873012 1.0 4.0 1.0 78
2.440877812813948 1.0 0.0 1.0 79
1.246672093256791 1.0 4.0 1.0 80
2.62321736831678 1.0 0.0 1.0 82
4.0 1.872334524686958 4.0 2.0 86
4.867713611726533 1.0 5.0 1.0 88
0.0 1.6098008601006288 0.0 2.0 89
0.0 0.37700995460733927 0.0 0.0 90
4.0 1.7634193523885688 4.0 2.0 91
3.5128611837741257 1.0 0.0 1.0 92
3.3742953198168633 1.0 0.0 1.0 93
0.0 1.374872257100766 0.0 2.0 94
3.6382315075337806 1.0 0.0 1.0 95
0.25043296556521605 1.0 4.0 1.0 96
3.749088935276639 1.0 0.0 1.0 97
4.1229933336587745 1.0 5.0 1.0 98
3.747539397526632 1.0 0.0 1.0 99
0.0 1.0 0.0 0.0 100
0.0 0.9870017117939157 0.0 1.0 101
4.0 1.0006515592632788 4.0 1.0 102
4.0 0.8785759236069045 4.0 1.0 103
4.09774369789932 1.0 4.0 1.0 104
0.0 0.7356728147367544 0.0 1.0 105
4.0 1.2410512931903401 4.0 1.0 106
0.0 0.49794790350689433 0.0 1.0 107
0.0 1.4895930483024182 0.0 1.0 108
4.0 0.49714027066059024 4.0 1.0 109
4.0 1.5015086740727437 4.0 1.0 110
4.495600888039679 1.0 4.0 1.0 111
0.0 0.24699211019198447 0.0 1.0 112
4.0 1.75205388616016 4.0 1.0 113
4.0 0.12603020532525125 4.0 1.0 114
4.876987997898604 1.0 4.0 1.0 115
*** t = 65
1.8726429171476098 1.0 0.0 1.0 11
2.095784877789478 1.0 0.0 1.0 15
2.1731815797671166 1.0 0.0 1.0 18
1.5613192543502221 1.0 4.0 1.0 23
0.9751289510631909 1.0 4.0 1.0 25
0.9843646185857954 1.0 4.0 1.0 26
0.8652811927730856 1.0 4.0 1.0 28
0.8871827294904758 1.0 4.0 1.0 30
3.3688739049445813 1.0 0.0 1.0 33
3.634313012782174 1.0 0.0 1.0 34
0.6491346024448852 1.0 4.0 1.0 37
0.0 0.8750431054623213 0.0 0.0 39
4.0 1.1253995602131601 4.0 2.0 40
0.0 1.1275873787988244 0.0 2.0 41
3.618874092620565 1.0 4.0 1.0 45
3.2360968736597497 1.0 4.0 1.0 51
3.486907911436628 1.0 4.0 1.0 52
0.47912950070355986 1.0 0.0 1.0 53
0.7565064465379345 1.0 0.0 1.0 54
0.5996210870985474 1.0 0.0 1.0 55
1.0380240783927892 1.0 0.0 1.0 57
1.1292677216002551 1.0 0.0 1.0 59
2.902726447969229 1.0 4.0 1.0 60
1.097477015521298 1.0 0.0 1.0 61
1.5180846307726146 1.0 0.0 1.0 64
1.5603960797354643 1.0 0.0 1.0 65
1.5418456576443846 1.0 0.0 1.0 66
1.5282145809526955 1.0 0.0 1.0 68
1.7058596969946584 1.0 0.0 1.0 69
1.7067897923762585 1.0 0.0 1.0 70
1.956621940944367 1.0 4.0 1.0 71
1.7382519504638048 1.0 4.0 1.0 74
1.6707057629029096 1.0 4.0 1.0 78
2.310950963881777 1.0 0.0 1.0 79
1.37133930258247 1.0 4.0 1.0 80
2.498055310891033 1.0 0.0 1.0 82
4.0 1.9969537424993806 4.0 2.0 86
4.991672699116037 1.0 5.0 1.0 88
0.0 1.7317610321207546 0.0 2.0 89
0.0 0.2524119455288071 0.0 0.0 90
4.0 1.890655911119997 4.0 2.0 91
3.391076479717657 1.0 0.0 1.0 92
3.249154383780236 1.0 0.0 1.0 93
0.0 1.4998296761343548 0.0 2.0 94
3.5176420100450407 1.0 0.0 1.0 95
0.3756494483478241 1.0 4.0 1.0 96
3.623633402914958 1.0 0.0 1.0 97
4.245986667317549 1.0 5.0 1.0 98
3.6213090962899477 1.0 0.0 1.0 99
0.0 0.8754056976572688 0.0 0.0 100
0.0 1.0 0.0 2.0 101
4.0 1.0 4.0 2.0 102
4.0 1.0 4.0 0.0 103
4.0 1.0 0.0 1.0 104
0.0 0.8582849505262135 0.0 1.0 105
4.0 1.1145598420553968 4.0 1.0 106
0.0 0.6224348793836179 0.0 1.0 107
0.0 1.3619913103780228 0.0 1.0 108
4.0 0.6214253383257378 4.0 1.0 109
4.0 1.3768858425909296 4.0 1.0 110
4.369501110049598 1.0 4.0 1.0 111
0.0 0.3704881652879767 0.0 1.0 112
4.0 1.62808082924024 4.0 1.0 113
4.0 0.2520604106505025 4.0 1.0 114
4.753975995797209 1.0 4.0 1.0 115
0.0 0.12766712850764678 0.0 1.0 116
4.0 1.875728597730023 4.0 1.0 117
*** t = 66
1.747504265215116 1.0 0.0 1.0 11
1.968837202975443 1.0 0.0 1.0 15
2.042694549750482 1.0 0.0 1.0 18
1.6914291922127407 1.0 4.0 1.0 23
1.0970200699460897 1.0 4.0 1.0 25
1.10741019590902 1.0 4.0 1.0 26
0.9888927917406692 1.0 4.0 1.0 28
1.0139231194176868 1.0 4.0 1.0 30
3.2426486859334975 1.0 0.0 1.0 33
3.512417350376232 1.0 0.0 1.0 34
0.7789615229338622 1.0 4.0 1.0 37
0.0 0.7500862109246427 0.0 0.0 39
4.0 1.2507991204263202 4.0 2.0 40
0.0 1.2551747575976488 0.0 2.0 41
3.7395032290412504 1.0 4.0 1.0 45
3.3605621380312787 1.0 4.0 1.0 51
3.6160526488972438 1.0 4.0 1.0 52
0.3487268896185066 1.0 0.0 1.0 53
0.6317566944817012 1.0 0.0 1.0 54
0.4736811273614567 1.0 0.0 1.0 55
0.9146084149924889 1.0 0.0 1.0 57
1.0044532747133097 1.0 0.0 1.0 59
3.0289319457070216 1.0 4.0 1.0 60
0.971280364022224 1.0 0.0 1.0 61
1.3939888623112453 1.0 0.0 1.0 64
1.4384158837222374 1.0 0.0 1.0 65
1.418937940526604 1.0 0.0 1.0 66
1.3981206115291531 1.0 0.0 1.0 68
1.5784074579388063 1.0 0.0 1.0 69
1.5793892252860506 1.0 0.0 1.0 70
2.07891081225339 1.0 4.0 1.0 71
1.8624128040683623 1.0 4.0 1.0 74
1.799221590818518 1.0 4.0 1.0 78
2.181024114949606 1.0 0.0 1.0 79
1.4960065119081492 1.0 4.0 1.0 80
2.3728932534652856 1.0 0.0 1.0 82
0.0 1.8537212041408804 0.0 2.0 89
0.0 0.1278139364502749 0.0 0.0 90
3.2692917756611886 1.0 0.0 1.0 92
3.1240134477436086 1.0 0.0 1.0 93
0.0 1.6247870951679435 0.0 2.0 94
3.397052512556301 1.0 0.0 1.0 95
0.5008659311304321 1.0 4.0 1.0 96
3.4981778705532776 1.0 0.0 1.0 97
4.3689800009763236 1.0 5.0 1.0 98
3.4950787950532636 1.0 0.0 1.0 99
0.0 0.7508113953145377 0.0 0.0 100
0.0 1.1233752139742395 0.0 2.0 101
4.0 1.1249185550920902 4.0 2.0 102
4.0 0.8744891537704422 4.0 0.0 103
3.871106242557046 1.0 0.0 1.0 104
0.0 0.9808970863156725 0.0 1.0 105
4.0 1.0 4.0 0.0 106
0.0 0.7469218552603414 0.0 1.0 107
0.0 1.2343895724536273 0.0 1.0 108
4.0 0.7457104059908853 4.0 1.0 109
4.0 1.2522630111091155 4.0 1.0 110
4.243401332059518 1.0 4.0 1.0 111
0.0 0.49398422038396894 0.0 1.0 112
4.0 1.50410777232032 4.0 1.0 113
4.0 0.3780906159757538 4.0 1.0 114
4.630963993695813 1.0 4.0 1.0 115
0.0 0.25533425701529355 0.0 1.0 116
4.0 1.7514571954600462 4.0 1.0 117
0.0 1.8761659994470397 0.0 1.0 118
*** t = 67
1.6223656132826223 1.0 0.0 1.0 11
1.841889528161408 1.0 0.0 1.0 15
1.9122075197338475 1.0 0.0 1.0 18
1.8215391300752592 1.0 4.0 1.0 23
1.2189111888289885 1.0 4.0 1.0 25
1.2304557732322443 1.0 4.0 1.0 26
1.1125043907082528 1.0 4.0 1.0 28
1.1406635093448976 1.0 4.0 1.0 30
3.116423466922414 1.0 0.0 1.0 33
3.39052168797029 1.0 0.0 1.0 34
0.9087884434228393 1.0 4.0 1.0 37
0.0 0.625129316386964 0.0 0.0 39
4.0 1.3761986806394804 4.0 2.0 40
0.0 1.3827621363964733 0.0 2.0 41
3.860132365461936 1.0 4.0 1.0 45
3.4850274024028076 1.0 4.0 1.0 51
3.7451973863578596 1.0 4.0 1.0 52
0.21832427853345335 1.0 0.0 1.0 53
0.507006942425468 1.0 0.0 1.0 54
0.3477411676243659 1.0 0.0 1.0 55
0.7911927515921886 1.0 0.0 1.0 57
0.8796388278263642 1.0 0.0 1.0 59
3.155137443444814 1.0 4.0 1.0 60
0.8450837125231498 1.0 0.0 1.0 61
1.269893093849876 1.0 0.0 1.0 64
1.3164356877090104 1.0 0.0 1.0 65
1.2960302234088235 1.0 0.0 1.0 66
1.2680266421056108 1.0 0.0 1.0 68
1.4509552188829542 1.0 0.0 1.0 69
1.4519886581958428 1.0 0.0 1.0 70
2.201199683562413 1.0 4.0 1.0 71
1.9865736576729198 1.0 4.0 1.0 74
1.9277374187341265 1.0 4.0 1.0 78
2.051097266017435 1.0 0.0 1.0 79
1.6206737212338282 1.0 4.0 1.0 80
2.2477311960395383 1.0 0.0 1.0 82
0.0 1.9756813761610061 0.0 2.0 89
0.0 0.0032159273717426995 0.0 0.0 90
3.14750707160472 1.0 0.0 1.0 92
2.998872511706981 1.0 0.0 1.0 93
0.0 1.7497445142015322 0.0 2.0 94
3.276463015067561 1.0 0.0 1.0 95
0.6260824139130401 1.0 4.0 1.0 96
3.372722338191597 1.0 0.0 1.0 97
4.491973334635098 1.0 5.0 1.0 98
3.3688484938165795 1.0 0.0 1.0 99
0.0 0.6262170929718065 0.0 0.0 100
0.0 1.246750427948479 0.0 2.0 101
4.0 1.2498371101841803 4.0 2.0 102
4.0 0.7489783075408845 4.0 0.0 103
3.7422124851140923 1.0 0.0 1.0 104
0.0 1.0 4.0 1.0 105
4.0 0.8735085488650567 4.0 0.0 106
0.0 0.8714088311370649 0.0 1.0 107
0.0 1.106787834529232 0.0 1.0 108
4.0 0.8699954736560329 4.0 1.0 109
4.0 1.1276401796273015 4.0 1.0 110
4.117301554069438 1.0 4.0 1.0 111
0.0 0.6174802754799612 0.0 1.0 112
4.0 1.3801347154004 4.0 1.0 113
4.0 0.504120821301005 4.0 1.0 114
4.5079519915944175 1.0 4.0 1.0 115
0.0 0.38300138552294033 0.0 1.0 116
4.0 1.6271857931900693 4.0 1.0 117
0.0 1.7523319988940793 0.0 1.0 118
0.0 0.12548721496788506 0.0 1.0 119
4.0 0.12308341606983657 4.0 1.0 120
4.0 1.8806889948715224 4.0 1.0 121
4.8740894767787495 1.0 4.0 1.0 122
*** t = 68
1.4972269613501286 1.0 0.0 1.0 11
1.714941853347373 1.0 0.0 1.0 15
1.781720489717213 1.0 0.0 1.0 18
1.9516490679377778 1.0 4.0 1.0 23
1.3408023077118874 1.0 4.0 1.0 25
1.3535013505554687 1.0 4.0 1.0 26
1.2361159896758365 1.0 4.0 1.0 28
1.2674038992721084 1.0 4.0 1.0 30
2.99019824791133 1.0 0.0 1.0 33
3.2686260255643482 1.0 0.0 1.0 34
1.0386153639118163 1.0 4.0 1.0 37
0.0 0.5001724218492853 0.0 0.0 39
4.0 1.5015982408526405 4.0 2.0 40
0.0 1.5103495151952977 0.0 2.0 41
3.9807615018826215 1.0 4.0 1.0 45
3.6094926667743366 1.0 4.0 1.0 51
3.8743421238184754 1.0 4.0 1.0 52
0.08792166744840008 1.0 0.0 1.0 53
0.38225719036923467 1.0 0.0 1.0 54
0.22180120788727514 1.0 0.0 1.0 55
0.6677770881918883 1.0 0.0 1.0 57
0.7548243809394186 1.0 0.0 1.0 59
3.2813429411826065 1.0 4.0 1.0 60
0.7188870610240757 1.0 0.0 1.0 61
1.1457973253885068 1.0 0.0 1.0 64
1.1944554916957835 1.0 0.0 1.0 65
1.1731225062910429 1.0 0.0 1.0 66
1.1379326726820684 1.0 0.0 1.0 68
1.323502979827102 1.0 0.0 1.0 69
1.324588091105635 1.0 0.0 1.0 70
2.3234885548714357 1.0 4.0 1.0 71
2.110734511277477 1.0 4.0 1.0 74
2.0562532466497347 1.0 4.0 1.0 78
1.921170417085264 1.0 0.0 1.0 79
1.7453409305595073 1.0 4.0 1.0 80
2.122569138613791 1.0 0.0 1.0 82
3.0257223675482514 1.0 0.0 1.0 92
2.873731575670354 1.0 0.0 1.0 93
0.0 1.874701933235121 0.0 2.0 94
3.1558735175788213 1.0 0.0 1.0 95
0.7512988966956481 1.0 4.0 1.0 96
3.2472668058299163 1.0 0.0 1.0 97
4.614966668293873 1.0 5.0 1.0 98
3.2426181925798954 1.0 0.0 1.0 99
0.0 0.5016227906290753 0.0 0.0 100
0.0 1.3701256419227184 0.0 2.0 101
4.0 1.3747556652762705 4.0 2.0 102
4.0 0.6234674613113267 4.0 0.0 103
3.6133187276711385 1.0 0.0 1.0 104
0.12261213578945906 1.0 4.0 1.0 105
4.0 0.7470170977301134 4.0 0.0 106
0.0 0.9958958070137884 0.0 1.0 107
0.0 1.0 0.0 2.0 108
4.0 0.9942805413211805 4.0 1.0 109
4.0 1.0030173481454874 4.0 1.0 110
4.0 1.0 0.0 1.0 111
0.0 0.7409763305759535 0.0 1.0 112
4.0 1.25616165848048 4.0 1.0 113
4.0 0.6301510266262562 4.0 1.0 114
4.384939989493022 1.0 4.0 1.0 115
0.0 0.5106685140305871 0.0 1.0 116
4.0 1.5029143909200924 4.0 1.0 117
0.0 1.628497998341119 0.0 1.0 118
0.0 0.2509744299357701 0.0 1.0 119
4.0 0.24616683213967314 4.0 1.0 120
4.0 1.7613779897430448 4.0 1.0 121
4.748178953557499 1.0 4.0 1.0 122
*** t = 69
1.3720883094176348 1.0 0.0 1.0 11
1.587994178533338 1.0 0.0 1.0 15
1.6512334597005784 1.0 0.0 1.0 18
2.081759005800296 1.0 4.0 1.0 23
1.4626934265947862 1.0 4.0 1.0 25
1.4765469278786931 1.0 4.0 1.0 26
1.3597275886434201 1.0 4.0 1.0 28
1.3941442891993192 1.0 4.0 1.0 30
2.8639730289002463 1.0 0.0 1.0 33
3.1467303631584063 1.0 0.0 1.0 34
1.1684422844007933 1.0 4.0 1.0 37
0.0 0.3752155273116067 0.0 0.0 39
4.0 1.6269978010658006 4.0 2.0 40
0.0 1.6379368939941221 0.0 2.0 41
4.0 1.0 0.0 1.0 45
3.7339579311458655 1.0 4.0 1.0 51
4.0 1.0 0.0 1.0 52
0.0 1.0 0.0 2.0 53
0.2575074383130014 1.0 0.0 1.0 54
0.09586124815018437 1.0 0.0 1.0 55
0.544361424791588 1.0 0.0 1.0 57
0.6300099340524731 1.0 0.0 1.0 59
3.407548438920399 1.0 4.0 1.0 60
0.5926904095250016 1.0 0.0 1.0 61
1.0217015569271375 1.0 0.0 1.0 64
1.0724752956825565 1.0 0.0 1.0 65
1.0502147891732623 1.0 0.0 1.0 66
1.007838703258526 1.0 0.0 1.0 68
1.19605074077125 1.0 0.0 1.0 69
1.197187524015427 1.0 0.0 1.0 70
2.4457774261804586 1.0 4.0 1.0 71
2.2348953648820347 1.0 4.0 1.0 74
2.184769074565343 1.0 4.0 1.0 78
1.7912435681530927 1.0 0.0 1.0 79
1.8700081398851864 1.0 4.0 1.0 80
1.997407081188044 1.0 0.0 1.0 82
2.903937663491783 1.0 0.0 1.0 92
2.7485906396337265 1.0 0.0 1.0 93
0.0 1.9996593522687096 0.0 2.0 94
3.0352840200900815 1.0 0.0 1.0 95
0.8765153794782561 1.0 4.0 1.0 96
3.1218112734682357 1.0 0.0 1.0 97
4.737960001952647 1.0 5.0 1.0 98
3.1163878913432113 1.0 0.0 1.0 99
0.0 0.3770284882863441 0.0 0.0 100
0.0 1.4935008558969578 0.0 2.0 101
4.0 1.4996742203683606 4.0 2.0 102
4.0 0.4979566150817689 4.0 0.0 103
3.4844249702281846 1.0 0.0 1.0 104
0.24522427157891813 1.0 4.0 1.0 105
4.0 0.6205256465951701 4.0 0.0 106
0.0 1.0 4.0 1.0 107
0.0 1.1276017379243954 0.0 2.0 108
4.0 1.0 0.0 1.0 109
4.0 1.0 0.0 1.0 110
3.8739002220099197 1.0 0.0 1.0 111
0.0 0.8644723856719457 0.0 1.0 112
4.0 1.13218860156056 4.0 1.0 113
4.0 0.7561812319515074 4.0 1.0 114
4.261927987391626 1.0 4.0 1.0 115
0.0 0.6383356425382338 0.0 1.0 116
4.0 1.3786429886501155 4.0 1.0 117
0.0 1.5046639977881586 0.0 1.0 118
0.0 0.3764616449036552 0.0 1.0 119
4.0 0.3692502482095097 4.0 1.0 120
4.0 1.6420669846145672 4.0 1.0 121
4.6222684303362485 1.0 4.0 1.0 122
0.0 0.12689405504013324 0.0 1.0 123
4.0 1.8723313791359215 4.0 1.0 124
*** t = 70
1.246949657485141 1.0 0.0 1.0 11
1.461046503719303 1.0 0.0 1.0 15
1.520746429683944 1.0 0.0 1.0 18
2.2118689436628145 1.0 4.0 1.0 23
1.584584545477685 1.0 4.0 1.0 25
1.5995925052019175 1.0 4.0 1.0 26
1.4833391876110038 1.0 4.0 1.0 28
1.52088467912653 1.0 4.0 1.0 30
2.7377478098891626 1.0 0.0 1.0 33
3.0248347007524643 1.0 0.0 1.0 34
1.2982692048897704 1.0 4.0 1.0 37
0.0 0.250258632773928 0.0 0.0 39
4.0 1.7523973612789607 4.0 2.0 40
0.0 1.7655242727929465 0.0 2.0 41
3.8793708635793145 1.0 0.0 1.0 45
3.8584231955173944 1.0 4.0 1.0 51
3.870855262539384 1.0 0.0 1.0 52
0.0 1.1304026110850534 0.0 2.0 53
0.1327576862567681 1.0 0.0 1.0 54
0.0 1.0 4.0 1.0 55
0.42094576139128764 1.0 0.0 1.0 57
0.5051954871655275 1.0 0.0 1.0 59
3.5337539366581914 1.0 4.0 1.0 60
0.4664937580259275 1.0 0.0 1.0 61
0.8976057884657682 1.0 0.0 1.0 64
0.9504950996693295 1.0 0.0 1.0 65
0.9273070720554817 1.0 0.0 1.0 66
0.8777447338349837 1.0 0.0 1.0 68
1.0685985017153978 1.0 0.0 1.0 69
1.0697869569252192 1.0 0.0 1.0 70
2.5680662974894815 1.0 4.0 1.0 71
2.359056218486592 1.0 4.0 1.0 74
2.313284902480951 1.0 4.0 1.0 78
1.6613167192209215 1.0 0.0 1.0 79
1.9946753492108655 1.0 4.0 1.0 80
1.872245023762297 1.0 0.0 1.0 82
2.7821529594353143 1.0 0.0 1.0 92
2.623449703597099 1.0 0.0 1.0 93
2.9146945226013417 1.0 0.0 1.0 95
1.0017318622608642 1.0 4.0 1.0 96
2.996355741106555 1.0 0.0 1.0 97
4.860953335611422 1.0 5.0 1.0 98
2.990157590106527 1.0 0.0 1.0 99
0.0 0.2524341859436129 0.0 0.0 100
0.0 1.6168760698711973 0.0 2.0 101
4.0 1.6245927754604508 4.0 2.0 102
4.0 0.37244576885221115 4.0 0.0 103
3.355531212785231 1.0 0.0 1.0 104
0.3678364073683772 1.0 4.0 1.0 105
4.0 0.49403419546022675 4.0 0.0 106
0.12448697587672358 1.0 4.0 1.0 107
0.0 1.2552034758487909 0.0 2.0 108
3.8757149323348523 1.0 0.0 1.0 109
3.875377168518186 1.0 0.0 1.0 110
3.7478004440198394 1.0 0.0 1.0 111
0.0 0.987968440767938 0.0 1.0 112
4.0 1.00821554464064 4.0 1.0 113
4.0 0.8822114372767587 4.0 1.0 114
4.138915985290231 1.0 4.0 1.0 115
0.0 0.7660027710458805 0.0 1.0 116
4.0 1.2543715863801386 4.0 1.0 117
0.0 1.3808299972351983 0.0 1.0 118
0.0 0.5019488598715403 0.0 1.0 119
4.0 0.4923336642793463 4.0 1.0 120
4.0 1.5227559794860897 4.0 1.0 121
4.496357907114998 1.0 4.0 1.0 122
0.0 0.25378811008026647 0.0 1.0 123
4.0 1.744662758271843 4.0 1.0 124
4.0 0.12320365189578507 4.0 1.0 125
4.873647037449876 1.0 4.0 1.0 126
*** t = 71
1.1218110055526473 1.0 0.0 1.0 11
1.334098828905268 1.0 0.0 1.0 15
1.3902593996673094 1.0 0.0 1.0 18
2.341978881525333 1.0 4.0 1.0 23
1.7064756643605838 1.0 4.0 1.0 25
1.722638082525142 1.0 4.0 1.0 26
1.6069507865785875 1.0 4.0 1.0 28
1.6476250690537408 1.0 4.0 1.0 30
2.611522590878079 1.0 0.0 1.0 33
2.9029390383465223 1.0 0.0 1.0 34
1.4280961253787474 1.0 4.0 1.0 37
0.0 0.12530173823624935 0.0 0.0 39
4.0 1.8777969214921209 4.0 2.0 40
0.0 1.893111651591771 0.0 2.0 41
3.758741727158629 1.0 0.0 1.0 45
3.9828884598889234 1.0 4.0 1.0 51
3.7417105250787683 1.0 0.0 1.0 52
0.0 1.2608052221701067 0.0 2.0 53
0.00800793420053482 1.0 0.0 1.0 54
0.12593995973709077 1.0 4.0 1.0 55
0.2975300979909873 1.0 0.0 1.0 57
0.380381040278582 1.0 0.0 1.0 59
3.659959434395984 1.0 4.0 1.0 60
0.3402971065268534 1.0 0.0 1.0 61
0.773510020004399 1.0 0.0 1.0 64
0.8285149036561026 1.0 0.0 1.0 65
0.8043993549377011 1.0 0.0 1.0 66
0.7476507644114414 1.0 0.0 1.0 68
0.9411462626595457 1.0 0.0 1.0 69
0.9423863898350114 1.0 0.0 1.0 70
2.6903551687985043 1.0 4.0 1.0 71
2.4832170720911497 1.0 4.0 1.0 74
2.4418007303965594 1.0 4.0 1.0 78
1.5313898702887503 1.0 0.0 1.0 79
2.1193425585365446 1.0 4.0 1.0 80
1.74708296633655 1.0 0.0 1.0 82
2.6603682553788457 1.0 0.0 1.0 92
2.498308767560472 1.0 0.0 1.0 93
2.794105025112602 1.0 0.0 1.0 95
1.1269483450434723 1.0 4.0 1.0 96
2.8709002087448745 1.0 0.0 1.0 97
4.983946669270196 1.0 5.0 1.0 98
2.863927288869843 1.0 0.0 1.0 99
0.0 0.12783988360088167 0.0 0.0 100
0.0 1.7402512838454367 0.0 2.0 101
4.0 1.749511330552541 4.0 2.0 102
4.0 0.24693492262265335 4.0 0.0 103
3.226637455342277 1.0 0.0 1.0 104
0.49044854315783626 1.0 4.0 1.0 105
4.0 0.36754274432528344 4.0 0.0 106
0.24897395175344716 1.0 4.0 1.0 107
0.0 1.3828052137731863 0.0 2.0 108
3.7514298646697046 1.0 0.0 1.0 109
3.750754337036372 1.0 0.0 1.0 110
3.621700666029759 1.0 0.0 1.0 111
0.0 1.0 0.0 0.0 112
4.0 1.0 0.0 1.0 113
4.0 1.0 0.0 1.0 114
4.015903983188835 1.0 4.0 1.0 115
0.0 0.8936698995535273 0.0 1.0 116
4.0 1.1301001841101617 4.0 1.0 117
0.0 1.256995996682238 0.0 1.0 118
0.0 0.6274360748394253 0.0 1.0 119
4.0 0.6154170803491829 4.0 1.0 120
4.0 1.403444974357612 4.0 1.0 121
4.370447383893747 1.0 4.0 1.0 122
0.0 0.3806821651203997 0.0 1.0 123
4.0 1.6169941374077645 4.0 1.0 124
4.0 0.24640730379157014 4.0 1.0 125
4.747294074899752 1.0 4.0 1.0 126
0.0 0.12538054322971678 0.0 1.0 127
0.0 1.8750384304701506 0.0 1.0 128
4.0 1.875520466632341 4.0 1.0 129
*** t = 72
0.9966723536201536 1.0 0.0 1.0 11
1.207151154091233 1.0 0.0 1.0 15
1.2597723696506749 1.0 0.0 1.0 18
2.472088819387851 1.0 4.0 1.0 23
1.8283667832434827 1.0 4.0 1.0 25
1.8456836598483664 1.0 4.0 1.0 26
1.7305623855461711 1.0 4.0 1.0 28
1.7743654589809517 1.0 4.0 1.0 30
2.485297371866995 1.0 0.0 1.0 33
2.7810433759405804 1.0 0.0 1.0 34
1.5579230458677245 1.0 4.0 1.0 37
0.0 0.000344843698570671 0.0 0.0 39
3.6381125907379435 1.0 0.0 1.0 45
4.0 1.0 0.0 1.0 51
3.6125657876181525 1.0 0.0 1.0 52
0.0 1.39120783325516 0.0 2.0 53
0.0 1.0 0.0 0.0 54
0.25187991947418154 1.0 4.0 1.0 55
0.17411443459068693 1.0 0.0 1.0 57
0.25556659339163645 1.0 0.0 1.0 59
3.7861649321337763 1.0 4.0 1.0 60
0.2141004550277793 1.0 0.0 1.0 61
0.6494142515430297 1.0 0.0 1.0 64
0.7065347076428756 1.0 0.0 1.0 65
0.6814916378199205 1.0 0.0 1.0 66
0.6175567949878991 1.0 0.0 1.0 68
0.8136940236036936 1.0 0.0 1.0 69
0.8149858227448037 1.0 0.0 1.0 70
2.812644040107527 1.0 4.0 1.0 71
2.6073779256957073 1.0 4.0 1.0 74
2.5703165583121677 1.0 4.0 1.0 78
1.401463021356579 1.0 0.0 1.0 79
2.2440097678622237 1.0 4.0 1.0 80
1.6219209089108029 1.0 0.0 1.0 82
2.538583551322377 1.0 0.0 1.0 92
2.3731678315238445 1.0 0.0 1.0 93
2.673515527623862 1.0 0.0 1.0 95
1.2521648278260804 1.0 4.0 1.0 96
2.745444676383194 1.0 0.0 1.0 97
2.737696987633159 1.0 0.0 1.0 99
0.0 0.003245581258150443 0.0 0.0 100
0.0 1.8636264978196762 0.0 2.0 101
4.0 1.874429885644631 4.0 2.0 102
4.0 0.12142407639309555 4.0 0.0 103
3.097743697899323 1.0 0.0 1.0 104
0.6130606789472953 1.0 4.0 1.0 105
4.0 0.24105129319034016 4.0 0.0 106
0.37346092763017075 1.0 4.0 1.0 107
0.0 1.5104069516975818 0.0 2.0 108
3.627144797004557 1.0 0.0 1.0 109
3.6261315055545578 1.0 0.0 1.0 110
3.4956008880396787 1.0 0.0 1.0 111
0.0 0.8765039449040077 0.0 0.0 112
3.8760269430800802 1.0 0.0 1.0 113
3.873969794674749 1.0 0.0 1.0 114
4.0 1.0 4.0 2.0 115
0.0 1.0 4.0 1.0 116
4.0 1.0058287818401848 4.0 1.0 117
0.0 1.1331619961292776 0.0 1.0 118
0.0 0.7529232898073104 0.0 1.0 119
4.0 0.7385004964190194 4.0 1.0 120
4.0 1.2841339692291345 4.0 1.0 121
4.244536860672497 1.0 4.0 1.0 122
0.0 0.5075762201605329 0.0 1.0 123
4.0 1.489325516543686 4.0 1.0 124
4.0 0.3696109556873552 4.0 1.0 125
4.6209411123496285 1.0 4.0 1.0 126
0.0 0.25076108645943357 0.0 1.0 127
0.0 1.7500768609403012 0.0 1.0 128
4.0 1.7510409332646821 4.0 1.0 129
*** t = 73
0.8715337016876599 1.0 0.0 1.0 11
1.080203479277198 1.0 0.0 1.0 15
1.1292853396340403 1.0 0.0 1.0 18
2.6021987572503695 1.0 4.0 1.0 23
1.9502579021263815 1.0 4.0 1.0 25
1.9687292371715908 1.0 4.0 1.0 26
1.8541739845137548 1.0 4.0 1.0 28
1.9011058489081625 1.0 4.0 1.0 30
2.3590721528559113 1.0 0.0 1.0 33
2.6591477135346384 1.0 0.0 1.0 34
1.6877499663567015 1.0 4.0 1.0 37
3.517483454317258 1.0 0.0 1.0 45
3.875534735628471 1.0 0.0 1.0 51
3.4834210501575367 1.0 0.0 1.0 52
0.0 1.5216104443402134 0.0 2.0 53
0.0 0.8752502479437667 0.0 0.0 54
0.3778198792112723 1.0 4.0 1.0 55
0.050698771190386585 1.0 0.0 1.0 57
0.1307521465046909 1.0 0.0 1.0 59
3.9123704298715687 1.0 4.0 1.0 60
0.0879038035287052 1.0 0.0 1.0 61
0.5253184830816604 1.0 0.0 1.0 64
0.5845545116296487 1.0 0.0 1.0 65
0.5585839207021399 1.0 0.0 1.0 66
0.48746282556435677 1.0 0.0 1.0 68
0.6862417845478415 1.0 0.0 1.0 69
0.6875852556545959 1.0 0.0 1.0 70
2.93493291141655 1.0 4.0 1.0 71
2.731538779300265 1.0 4.0 1.0 74
2.698832386227776 1.0 4.0 1.0 78
1.2715361724244079 1.0 0.0 1.0 79
2.368676977187903 1.0 4.0 1.0 80
1.4967588514850558 1.0 0.0 1.0 82
2.4167988472659085 1.0 0.0 1.0 92
2.248026895487217 1.0 0.0 1.0 93
2.552926030135122 1.0 0.0 1.0 95
1.3773813106086885 1.0 4.0 1.0 96
2.6199891440215133 1.0 0.0 1.0 97
2.611466686396475 1.0 0.0 1.0 99
0.0 1.9870017117939156 0.0 2.0 101
4.0 1.9993484407367212 4.0 2.0 102
2.9688499404563693 1.0 0.0 1.0 104
0.7356728147367544 1.0 4.0 1.0 105
4.0 0.11455984205539688 4.0 0.0 106
0.49794790350689433 1.0 4.0 1.0 107
0.0 1.6380086896219772 0.0 2.0 108
3.5028597293394093 1.0 0.0 1.0 109
3.5015086740727437 1.0 0.0 1.0 110
3.3695011100495984 1.0 0.0 1.0 111
0.0 0.7530078898080155 0.0 0.0 112
3.7520538861601604 1.0 0.0 1.0 113
3.747939589349498 1.0 0.0 1.0 114
4.0 1.1230120021013952 4.0 2.0 115
0.12766712850764678 1.0 4.0 1.0 116
4.0 1.0 4.0 2.0 117
0.0 1.0093279955763172 0.0 1.0 118
0.0 0.8784105047751954 0.0 1.0 119
4.0 0.8615839124888559 4.0 1.0 120
4.0 1.1648229641006569 4.0 1.0 121
4.118626337451246 1.0 4.0 1.0 122
0.0 0.6344702752006661 0.0 1.0 123
4.0 1.3616568956796076 4.0 1.0 124
4.0 0.4928146075831403 4.0 1.0 125
4.494588149799505 1.0 4.0 1.0 126
0.0 0.3761416296891503 0.0 1.0 127
0.0 1.6251152914104519 0.0 1.0 128
4.0 1.6265613998970232 4.0 1.0 129
0.0 0.12494002324209548 0.0 1.0 130
4.0 0.1250303263306227 4.0 1.0 131
4.0 1.8737289231142025 4.0 1.0 132
4.873756115196388 1.0 4.0 1.0 133
*** t = 74
0.7463950497551661 1.0 0.0 1.0 11
0.9532558044631629 1.0 0.0 1.0 15
0.9987983096174058 1.0 0.0 1.0 18
2.732308695112888 1.0 4.0 1.0 23
2.0721490210092806 1.0 4.0 1.0 25
2.091774814494815 1.0 4.0 1.0 26
1.9777855834813385 1.0 4.0 1.0 28
2.0278462388353735 1.0 4.0 1.0 30
2.2328469338448276 1.0 0.0 1.0 33
2.5372520511286965 1.0 0.0 1.0 34
1.8175768868456785 1.0 4.0 1.0 37
3.3968543178965724 1.0 0.0 1.0 45
3.751069471256942 1.0 0.0 1.0 51
3.354276312696921 1.0 0.0 1.0 52
0.0 1.6520130554252668 0.0 2.0 53
0.0 0.7505004958875334 0.0 0.0 54
0.5037598389483631 1.0 4.0 1.0 55
0.0 1.0 4.0 1.0 57
0.005937699617745373 1.0 0.0 1.0 59
4.0 1.0 5.0 1.0 60
0.0 1.0 0.0 2.0 61
0.40122271462029113 1.0 0.0 1.0 64
0.46257431561642176 1.0 0.0 1.0 65
0.43567620358435927 1.0 0.0 1.0 66
0.3573688561408145 1.0 0.0 1.0 68
0.5587895454919893 1.0 0.0 1.0 69
0.5601846885643882 1.0 0.0 1.0 70
3.057221782725573 1.0 4.0 1.0 71
2.8556996329048223 1.0 4.0 1.0 74
2.827348214143384 1.0 4.0 1.0 78
1.1416093234922366 1.0 0.0 1.0 79
2.493344186513582 1.0 4.0 1.0 80
1.3715967940593088 1.0 0.0 1.0 82
2.29501414320944 1.0 0.0 1.0 92
2.1228859594505898 1.0 0.0 1.0 93
2.4323365326463824 1.0 0.0 1.0 95
1.5025977933912966 1.0 4.0 1.0 96
2.4945336116598327 1.0 0.0 1.0 97
2.4852363851597907 1.0 0.0 1.0 99
2.8399561830134155 1.0 0.0 1.0 104
0.8582849505262135 1.0 4.0 1.0 105
0.6224348793836179 1.0 4.0 1.0 107
0.0 1.7656104275463727 0.0 2.0 108
3.3785746616742616 1.0 0.0 1.0 109
3.3768858425909296 1.0 0.0 1.0 110
3.243401332059518 1.0 0.0 1.0 111
0.0 0.6295118347120232 0.0 0.0 112
3.6280808292402407 1.0 0.0 1.0 113
3.6219093840242467 1.0 0.0 1.0 114
4.0 1.2460240042027904 4.0 2.0 115
0.25533425701529355 1.0 4.0 1.0 116
4.0 1.124271402269977 4.0 2.0 117
0.0 1.0 4.0 1.0 118
0.0 1.0 4.0 1.0 119
4.0 0.9846673285586924 4.0 1.0 120
4.0 1.0455119589721793 4.0 1.0 121
4.0 1.0 0.0 1.0 122
0.0 0.7613643302407993 0.0 1.0 123
4.0 1.233988274815529 4.0 1.0 124
4.0 0.6160182594789253 4.0 1.0 125
4.368235187249381 1.0 4.0 1.0 126
0.0 0.5015221729188671 0.0 1.0 127
0.0 1.5001537218806025 0.0 1.0 128
4.0 1.5020818665293643 4.0 1.0 129
0.0 0.24988004648419096 0.0 1.0 130
4.0 0.2500606526612454 4.0 1.0 131
4.0 1.747457846228405 4.0 1.0 132
4.7475122303927755 1.0 4.0 1.0 133
*** t = 75
0.6212563978226724 1.0 0.0 1.0 11
0.8263081296491279 1.0 0.0 1.0 15
0.8683112796007713 1.0 0.0 1.0 18
2.862418632975406 1.0 4.0 1.0 23
2.1940401398921794 1.0 4.0 1.0 25
2.21482039181804 1.0 4.0 1.0 26
2.101397182448922 1.0 4.0 1.0 28
2.1545866287625843 1.0 4.0 1.0 30
2.106621714833744 1.0 0.0 1.0 33
2.4153563887227545 1.0 0.0 1.0 34
1.9474038073346556 1.0 4.0 1.0 37
3.276225181475887 1.0 0.0 1.0 45
3.626604206885413 1.0 0.0 1.0 51
3.225131575236305 1.0 0.0 1.0 52
0.0 1.7824156665103201 0.0 2.0 53
0.0 0.6257507438313001 0.0 0.0 54
0.6296997986854538 1.0 4.0 1.0 55
0.12341566340030034 1.0 4.0 1.0 57
0.0 1.0 0.0 2.0 59
4.126205497737793 1.0 5.0 1.0 60
0.0 1.126196651499074 0.0 2.0 61
0.27712694615892186 1.0 0.0 1.0 64
0.34059411960319486 1.0 0.0 1.0 65
0.3127684864665786 1.0 0.0 1.0 66
0.2272748867172722 1.0 0.0 1.0 68
0.43133730643613716 1.0 0.0 1.0 69
0.43278412147418044 1.0 0.0 1.0 70
3.179510654034596 1.0 4.0 1.0 71
2.97986048650938 1.0 4.0 1.0 74
2.9558640420589923 1.0 4.0 1.0 78
1.0116824745600654 1.0 0.0 1.0 79
2.618011395839261 1.0 4.0 1.0 80
1.2464347366335617 1.0 0.0 1.0 82
2.1732294391529714 1.0 0.0 1.0 92
1.9977450234139622 1.0 0.0 1.0 93
2.3117470351576426 1.0 0.0 1.0 95
1.6278142761739047 1.0 4.0 1.0 96
2.369078079298152 1.0 0.0 1.0 97
2.3590060839231066 1.0 0.0 1.0 99
2.7110624255704616 1.0 0.0 1.0 104
0.9808970863156725 1.0 4.0 1.0 105
0.7469218552603414 1.0 4.0 1.0 107
0.0 1.893212165470768 0.0 2.0 108
3.254289594009114 1.0 0.0 1.0 109
3.2522630111091155 1.0 0.0 1.0 110
3.1173015540694378 1.0 0.0 1.0 111
0.0 0.506015779616031 0.0 0.0 112
3.504107772320321 1.0 0.0 1.0 113
3.4958791786989956 1.0 0.0 1.0 114
4.0 1.3690360063041855 4.0 2.0 115
0.38300138552294033 1.0 4.0 1.0 116
4.0 1.2485428045399538 4.0 2.0 117
0.12383400055296033 1.0 4.0 1.0 118
0.12548721496788506 1.0 4.0 1.0 119
4.0 1.0 0.0 1.0 120
4.0 1.0 0.0 1.0 121
3.8740894767787495 1.0 0.0 1.0 122
0.0 0.8882583852809325 0.0 1.0 123
4.0 1.1063196539514506 4.0 1.0 124
4.0 0.7392219113747104 4.0 1.0 125
4.241882224699257 1.0 4.0 1.0 126
0.0 0.626902716148584 0.0 1.0 127
0.0 1.375192152350753 0.0 1.0 128
4.0 1.3776023331617053 4.0 1.0 129
0.0 0.37482006972628645 0.0 1.0 130
4.0 0.37509097899186805 4.0 1.0 131
4.0 1.6211867693426074 4.0 1.0 132
4.621268345589163 1.0 4.0 1.0 133
0.0 0.13070480750738173 0.0 1.0 134
4.0 1.8713150583970004 4.0 1.0 135
*** t = 76
0.49611774589017865 1.0 0.0 1.0 11
0.6993604548350929 1.0 0.0 1.0 15
0.7378242495841367 1.0 0.0 1.0 18
2.9925285708379246 1.0 4.0 1.0 23
2.315931258775078 1.0 4.0 1.0 25
2.3378659691412644 1.0 4.0 1.0 26
2.2250087814165056 1.0 4.0 1.0 28
2.281327018689795 1.0 4.0 1.0 30
1.98039649582266 1.0 0.0 1.0 33
2.2934607263168125 1.0 0.0 1.0 34
2.0772307278236326 1.0 4.0 1.0 37
3.1555960450552014 1.0 0.0 1.0 45
3.5021389425138842 1.0 0.0 1.0 51
3.095986837775689 1.0 0.0 1.0 52
0.0 1.9128182775953735 0.0 2.0 53
0.0 0.5010009917750669 0.0 0.0 54
0.7556397584225445 1.0 4.0 1.0 55
0.2468313268006007 1.0 4.0 1.0 57
0.0 1.1248144468869454 0.0 2.0 59
4.252410995475586 1.0 5.0 1.0 60
0.0 1.252393302998148 0.0 2.0 61
0.1530311776975526 1.0 0.0 1.0 64
0.21861392358996795 1.0 0.0 1.0 65
0.18986076934879798 1.0 0.0 1.0 66
0.09718091729372991 1.0 0.0 1.0 68
0.303885067380285 1.0 0.0 1.0 69
0.3053835543839727 1.0 0.0 1.0 70
3.3017995253436188 1.0 4.0 1.0 71
3.1040213401139374 1.0 4.0 1.0 74
3.0843798699746006 1.0 4.0 1.0 78
0.8817556256278942 1.0 0.0 1.0 79
2.74267860516494 1.0 4.0 1.0 80
1.1212726792078147 1.0 0.0 1.0 82
2.051444735096503 1.0 0.0 1.0 92
1.8726040873773346 1.0 0.0 1.0 93
2.1911575376689028 1.0 0.0 1.0 95
1.7530307589565128 1.0 4.0 1.0 96
2.2436225469364715 1.0 0.0 1.0 97
2.2327757826864225 1.0 0.0 1.0 99
2.582168668127508 1.0 0.0 1.0 104
1.1035092221051315 1.0 4.0 1.0 105
0.8714088311370649 1.0 4.0 1.0 107
3.130004526343966 1.0 0.0 1.0 109
3.1276401796273015 1.0 0.0 1.0 110
2.9912017760793574 1.0 0.0 1.0 111
0.0 0.3825197245200387 0.0 0.0 112
3.380134715400401 1.0 0.0 1.0 113
3.3698489733737444 1.0 0.0 1.0 114
4.0 1.4920480084055807 4.0 2.0 115
0.5106685140305871 1.0 4.0 1.0 116
4.0 1.3728142068099307 4.0 2.0 117
0.24766800110592066 1.0 4.0 1.0 118
0.2509744299357701 1.0 4.0 1.0 119
3.8769165839301634 1.0 0.0 1.0 120
3.8806889948715226 1.0 0.0 1.0 121
3.748178953557499 1.0 0.0 1.0 122
0.0 1.0 0.0 0.0 123
4.0 1.0 0.0 1.0 124
4.0 0.8624255632704955 4.0 1.0 125
4.115529262149133 1.0 4.0 1.0 126
0.0 0.7522832593783008 0.0 1.0 127
0.0 1.2502305828209037 0.0 1.0 128
4.0 1.2531227997940464 4.0 1.0 129
0.0 0.4997600929683819 0.0 1.0 130
4.0 0.5001213053224908 4.0 1.0 131
4.0 1.4949156924568099 4.0 1.0 132
4.495024460785551 1.0 4.0 1.0 133
0.0 0.26140961501476345 0.0 1.0 134
4.0 1.7426301167940008 4.0 1.0 135
0.0 1.8748069123528344 0.0 1.0 136
4.0 0.126718618203192 4.0 1.0 137
4.873564481043302 1.0 4.0 1.0 138
*** t = 77
0.3709790939576849 1.0 0.0 1.0 11
0.5724127800210579 1.0 0.0 1.0 15
0.6073372195675022 1.0 0.0 1.0 18
3.122638508700443 1.0 4.0 1.0 23
2.437822377657977 1.0 4.0 1.0 25
2.460911546464489 1.0 4.0 1.0 26
2.348620380384089 1.0 4.0 1.0 28
2.408067408617006 1.0 4.0 1.0 30
1.8541712768115763 1.0 0.0 1.0 33
2.1715650639108706 1.0 0.0 1.0 34
2.2070576483126096 1.0 4.0 1.0 37
3.034966908634516 1.0 0.0 1.0 45
3.3776736781423553 1.0 0.0 1.0 51
2.9668421003150733 1.0 0.0 1.0 52
0.0 0.37625123971883356 0.0 0.0 54
0.8815797181596352 1.0 4.0 1.0 55
0.370246990200901 1.0 4.0 1.0 57
0.0 1.2496288937738909 0.0 2.0 59
4.378616493213379 1.0 5.0 1.0 60
0.0 1.378589954497222 0.0 2.0 61
0.028935409236183318 1.0 0.0 1.0 64
0.09663372757674103 1.0 0.0 1.0 65
0.06695305223101734 1.0 0.0 1.0 66
0.0 1.0 0.0 2.0 68
0.1764328283244328 1.0 0.0 1.0 69
0.1779829872937649 1.0 0.0 1.0 70
3.4240883966526416 1.0 4.0 1.0 71
3.228182193718495 1.0 4.0 1.0 74
3.212895697890209 1.0 4.0 1.0 78
0.751828776695723 1.0 0.0 1.0 79
2.867345814490619 1.0 4.0 1.0 80
0.9961106217820676 1.0 0.0 1.0 82
1.9296600310400343 1.0 0.0 1.0 92
1.747463151340707 1.0 0.0 1.0 93
2.070568040180163 1.0 0.0 1.0 95
1.878247241739121 1.0 4.0 1.0 96
2.118167014574791 1.0 0.0 1.0 97
2.1065454814497384 1.0 0.0 1.0 99
2.453274910684554 1.0 0.0 1.0 104
1.2261213578945904 1.0 4.0 1.0 105
0.9958958070137884 1.0 4.0 1.0 107
3.0057194586788185 1.0 0.0 1.0 109
3.0030173481454874 1.0 0.0 1.0 110
2.865101998089277 1.0 0.0 1.0 111
0.0 0.2590236694240464 0.0 0.0 112
3.2561616584804813 1.0 0.0 1.0 113
3.2438187680484933 1.0 0.0 1.0 114
4.0 1.615060010506976 4.0 2.0 115
0.6383356425382338 1.0 4.0 1.0 116
4.0 1.4970856090799076 4.0 2.0 117
0.371502001658881 1.0 4.0 1.0 118
0.3764616449036552 1.0 4.0 1.0 119
3.7538331678603267 1.0 0.0 1.0 120
3.7613779897430453 1.0 0.0 1.0 121
3.6222684303362485 1.0 0.0 1.0 122
0.0 0.8731059449598668 0.0 0.0 123
3.8723313791359213 1.0 0.0 1.0 124
4.0 0.9856292151662805 4.0 1.0 125
4.0 1.0 0.0 1.0 126
0.0 0.8776638026080176 0.0 1.0 127
0.0 1.1252690132910543 0.0 1.0 128
4.0 1.1286432664263875 4.0 1.0 129
0.0 0.6247001162104774 0.0 1.0 130
4.0 0.6251516316531135 4.0 1.0 131
4.0 1.3686446155710124 4.0 1.0 132
4.368780575981939 1.0 4.0 1.0 133
0.0 0.3921144225221452 0.0 1.0 134
4.0 1.6139451751910012 4.0 1.0 135
0.0 1.7496138247056687 0.0 1.0 136
4.0 0.253437236406384 4.0 1.0 137
4.747128962086604 1.0 4.0 1.0 138
0.0 0.1236528287833775 0.0 1.0 139
4.0 1.8739673127032026 4.0 1.0 140
*** t = 78
0.24584044202519117 1.0 0.0 1.0 11
0.44546510520702287 1.0 0.0 1.0 15
0.4768501895508676 1.0 0.0 1.0 18
3.2527484465629612 1.0 4.0 1.0 23
2.559713496540876 1.0 4.0 1.0 25
2.5839571237877137 1.0 4.0 1.0 26
2.4722319793516725 1.0 4.0 1.0 28
2.534807798544217 1.0 4.0 1.0 30
1.7279460578004926 1.0 0.0 1.0 33
2.0496694015049286 1.0 0.0 1.0 34
2.3368845688015867 1.0 4.0 1.0 37
2.9143377722138304 1.0 0.0 1.0 45
3.2532084137708264 1.0 0.0 1.0 51
2.8376973628544575 1.0 0.0 1.0 52
0.0 0.2515014876626003 0.0 0.0 54
1.007519677896726 1.0 4.0 1.0 55
0.4936626536012014 1.0 4.0 1.0 57
0.0 1.3744433406608363 0.0 2.0 59
4.5048219909511715 1.0 5.0 1.0 60
0.0 1.504786605996296 0.0 2.0 61
0.0 1.0 0.0 2.0 64
0.0 1.0 0.0 2.0 65
0.0 1.0 4.0 1.0 66
0.0 1.1300939694235423 0.0 2.0 68
0.04898058926858062 1.0 0.0 1.0 69
0.05058242020355713 1.0 0.0 1.0 70
3.5463772679616645 1.0 4.0 1.0 71
3.3523430473230524 1.0 4.0 1.0 74
3.341411525805817 1.0 4.0 1.0 78
0.6219019277635518 1.0 0.0 1.0 79
2.9920130238162983 1.0 4.0 1.0 80
0.8709485643563204 1.0 0.0 1.0 82
1.8078753269835657 1.0 0.0 1.0 92
1.6223222153040795 1.0 0.0 1.0 93
1.9499785426914231 1.0 0.0 1.0 95
2.003463724521729 1.0 4.0 1.0 96
1.99271148221311 1.0 0.0 1.0 97
1.9803151802130545 1.0 0.0 1.0 99
2.3243811532416 1.0 0.0 1.0 104
1.3487334936840494 1.0 4.0 1.0 105
1.120382782890512 1.0 4.0 1.0 107
2.881434391013671 1.0 0.0 1.0 109
2.8783945166636733 1.0 0.0 1.0 110
2.739002220099197 1.0 0.0 1.0 111
0.0 0.13552761432805419 0.0 0.0 112
3.1321886015605616 1.0 0.0 1.0 113
3.1177885627232422 1.0 0.0 1.0 114
4.0 1.738072012608371 4.0 2.0 115
0.7660027710458805 1.0 4.0 1.0 116
4.0 1.6213570113498845 4.0 2.0 117
0.4953360022118413 1.0 4.0 1.0 118
0.5019488598715403 1.0 4.0 1.0 119
3.63074975179049 1.0 0.0 1.0 120
3.642066984614568 1.0 0.0 1.0 121
3.496357907114998 1.0 0.0 1.0 122
0.0 0.7462118899197336 0.0 0.0 123
3.7446627582718426 1.0 0.0 1.0 124
4.0 1.0 4.0 2.0 125
3.8736470374498766 1.0 0.0 1.0 126
0.0 1.0 0.0 0.0 127
0.0 1.000307443761205 0.0 1.0 128
4.0 1.0041637330587285 4.0 1.0 129
0.0 0.7496401394525729 0.0 1.0 130
4.0 0.7501819579837362 4.0 1.0 131
4.0 1.2423735386852148 4.0 1.0 132
4.242536691178326 1.0 4.0 1.0 133
0.0 0.5228192300295269 0.0 1.0 134
4.0 1.4852602335880016 4.0 1.0 135
0.0 1.624420737058503 0.0 1.0 136
4.0 0.380155854609576 4.0 1.0 137
4.620693443129906 1.0 4.0 1.0 138
0.0 0.247305657566755 0.0 1.0 139
4.0 1.7479346254064052 4.0 1.0 140
*** t = 79
0.12070179009269744 1.0 0.0 1.0 11
0.31851743039298785 1.0 0.0 1.0 15
0.346363159534233 1.0 0.0 1.0 18
3.3828583844254796 1.0 4.0 1.0 23
2.6816046154237747 1.0 4.0 1.0 25
2.7070027011109383 1.0 4.0 1.0 26
2.595843578319256 1.0 4.0 1.0 28
2.6615481884714276 1.0 4.0 1.0 30
1.6017208387894089 1.0 0.0 1.0 33
1.9277737390989866 1.0 0.0 1.0 34
2.4667114892905637 1.0 4.0 1.0 37
2.793708635793145 1.0 0.0 1.0 45
3.1287431493992974 1.0 0.0 1.0 51
2.7085526253938417 1.0 0.0 1.0 52
0.0 0.126751735606367 0.0 0.0 54
1.1334596376338166 1.0 4.0 1.0 55
0.6170783170015017 1.0 4.0 1.0 57
0.0 1.4992577875477817 0.0 2.0 59
4.631027488688964 1.0 5.0 1.0 60
0.0 1.63098325749537 0.0 2.0 61
0.0 1.1240957684613693 0.0 2.0 64
0.0 1.121980196013227 0.0 2.0 65
0.12290771711778063 1.0 4.0 1.0 66
0.0 1.2601879388470847 0.0 2.0 68
0.0 1.0 0.0 2.0 69
0.0 1.0 0.0 2.0 70
3.6686661392706874 1.0 4.0 1.0 71
3.47650390092761 1.0 4.0 1.0 74
3.4699273537214252 1.0 4.0 1.0 78
0.49197507883138064 1.0 0.0 1.0 79
3.1166802331419774 1.0 4.0 1.0 80
0.7457865069305732 1.0 0.0 1.0 82
1.686090622927097 1.0 0.0 1.0 92
1.497181279267452 1.0 0.0 1.0 93
1.8293890452026833 1.0 0.0 1.0 95
2.128680207304337 1.0 4.0 1.0 96
1.8672559498514292 1.0 0.0 1.0 97
1.8540848789763706 1.0 0.0 1.0 99
2.1954873957986463 1.0 0.0 1.0 104
1.4713456294735083 1.0 4.0 1.0 105
1.2448697587672355 1.0 4.0 1.0 107
2.757149323348523 1.0 0.0 1.0 109
2.753771685181859 1.0 0.0 1.0 110
2.6129024421091165 1.0 0.0 1.0 111
0.0 0.01203155923206195 0.0 0.0 112
3.008215544640642 1.0 0.0 1.0 113
2.991758357397991 1.0 0.0 1.0 114
4.0 1.8610840147097663 4.0 2.0 115
0.8936698995535273 1.0 4.0 1.0 116
4.0 1.7456284136198614 4.0 2.0 117
0.6191700027648016 1.0 4.0 1.0 118
0.6274360748394253 1.0 4.0 1.0 119
3.5076663357206534 1.0 0.0 1.0 120
3.5227559794860905 1.0 0.0 1.0 121
3.3704473838937474 1.0 0.0 1.0 122
0.0 0.6193178348796005 0.0 0.0 123
3.616994137407764 1.0 0.0 1.0 124
4.0 1.123203651895785 4.0 2.0 125
3.747294074899753 1.0 0.0 1.0 126
0.0 0.8746194567702832 0.0 0.0 127
0.0 1.0 0.0 2.0 128
4.0 1.0 4.0 0.0 129
0.0 0.8745801626946684 0.0 1.0 130
4.0 0.8752122843143589 4.0 1.0 131
4.0 1.1161024617994173 4.0 1.0 132
4.116292806374714 1.0 4.0 1.0 133
0.0 0.6535240375369087 0.0 1.0 134
4.0 1.356575291985002 4.0 1.0 135
0.0 1.4992276494113375 0.0 1.0 136
4.0 0.506874472812768 4.0 1.0 137
4.494257924173208 1.0 4.0 1.0 138
0.0 0.3709584863501325 0.0 1.0 139
4.0 1.6219019381096078 4.0 1.0 140
0.0 0.1268904551465159 0.0 1.0 141
4.0 0.12652606474301994 4.0 1.0 142
4.0 1.8763023656485756 4.0 1.0 143
4.874943784142149 1.0 4.0 1.0 144
*** t = 80
0.0 1.0 4.0 1.0 11
0.19156975557895287 1.0 0.0 1.0 15
0.21587612951759844 1.0 0.0 1.0 18
3.512968322287998 1.0 4.0 1.0 23
2.8034957343066735 1.0 4.0 1.0 25
2.830048278434163 1.0 4.0 1.0 26
2.7194551772868394 1.0 4.0 1.0 28
2.7882885783986384 1.0 4.0 1.0 30
1.475495619778325 1.0 0.0 1.0 33
1.8058780766930447 1.0 0.0 1.0 34
2.5965384097795408 1.0 4.0 1.0 37
2.6730794993724594 1.0 0.0 1.0 45
3.0042778850277685 1.0 0.0 1.0 51
2.579407887933226 1.0 0.0 1.0 52
0.0 0.002001983550133715 0.0 0.0 54
1.2593995973709073 1.0 4.0 1.0 55
0.740493980401802 1.0 4.0 1.0 57
0.0 1.6240722344347271 0.0 2.0 59
4.757232986426757 1.0 5.0 1.0 60
0.0 1.757179908994444 0.0 2.0 61
0.0 1.2481915369227385 0.0 2.0 64
0.0 1.243960392026454 0.0 2.0 65
0.24581543423556126 1.0 4.0 1.0 66
0.0 1.390281908270627 0.0 2.0 68
0.0 1.1274522390558521 0.0 2.0 69
0.0 1.1274005670902079 0.0 2.0 70
3.7909550105797103 1.0 4.0 1.0 71
3.6006647545321675 1.0 4.0 1.0 74
3.5984431816370335 1.0 4.0 1.0 78
0.3620482298992095 1.0 0.0 1.0 79
3.2413474424676565 1.0 4.0 1.0 80
0.6206244495048261 1.0 0.0 1.0 82
1.5643059188706285 1.0 0.0 1.0 92
1.3720403432308244 1.0 0.0 1.0 93
1.7087995477139435 1.0 0.0 1.0 95
2.253896690086945 1.0 4.0 1.0 96
1.7418004174897483 1.0 0.0 1.0 97
1.7278545777396868 1.0 0.0 1.0 99
2.0665936383556924 1.0 0.0 1.0 104
1.5939577652629673 1.0 4.0 1.0 105
1.369356734643959 1.0 4.0 1.0 107
2.6328642556833755 1.0 0.0 1.0 109
2.629148853700045 1.0 0.0 1.0 110
2.486802664119036 1.0 0.0 1.0 111
2.884242487720722 1.0 0.0 1.0 113
2.86572815207274 1.0 0.0 1.0 114
4.0 1.9840960168111614 4.0 2.0 115
1.021337028061174 1.0 4.0 1.0 116
4.0 1.8698998158898383 4.0 2.0 117
0.743004003317762 1.0 4.0 1.0 118
0.7529232898073104 1.0 4.0 1.0 119
3.384582919650817 1.0 0.0 1.0 120
3.403444974357613 1.0 0.0 1.0 121
3.244536860672497 1.0 0.0 1.0 122
0.0 0.4924237798394672 0.0 0.0 123
3.489325516543685 1.0 0.0 1.0 124
4.0 1.2464073037915702 4.0 2.0 125
3.62094111234963 1.0 0.0 1.0 126
0.0 0.7492389135405664 0.0 0.0 127
0.0 1.1249615695298494 0.0 2.0 128
4.0 0.8755204666323411 4.0 0.0 129
0.0 0.999520185936764 0.0 1.0 130
4.0 1.0 0.0 1.0 131
4.0 1.0 4.0 2.0 132
4.0 1.0 0.0 1.0 133
0.0 0.7842288450442905 0.0 1.0 134
4.0 1.2278903503820024 4.0 1.0 135
0.0 1.3740345617641718 0.0 1.0 136
4.0 0.63359309101596 4.0 1.0 137
4.36782240521651 1.0 4.0 1.0 138
0.0 0.49461131513351 0.0 1.0 139
4.0 1.4958692508128104 4.0 1.0 140
0.0 0.2537809102930318 0.0 1.0 141
4.0 0.2530521294860399 4.0 1.0 142
4.0 1.752604731297151 4.0 1.0 143
4.749887568284297 1.0 4.0 1.0 144
*** t = 81
0.12513865193249374 1.0 4.0 1.0 11
0.06462208076491788 1.0 0.0 1.0 15
0.08538909950096385 1.0 0.0 1.0 18
3.6430782601505163 1.0 4.0 1.0 23
2.9253868531895724 1.0 4.0 1.0 25
2.9530938557573876 1.0 4.0 1.0 26
2.843066776254423 1.0 4.0 1.0 28
2.9150289683258492 1.0 4.0 1.0 30
1.3492704007672414 1.0 0.0 1.0 33
1.6839824142871027 1.0 0.0 1.0 34
2.726365330268518 1.0 4.0 1.0 37
2.552450362951774 1.0 0.0 1.0 45
2.8798126206562396 1.0 0.0 1.0 51
2.45026315047261 1.0 0.0 1.0 52
1.385339557107998 1.0 4.0 1.0 55
0.8639096438021023 1.0 4.0 1.0 57
0.0 1.7488866813216726 0.0 2.0 59
4.88343848416455 1.0 5.0 1.0 60
0.0 1.883376560493518 0.0 2.0 61
0.0 1.3722873053841078 0.0 2.0 64
0.0 1.3659405880396809 0.0 2.0 65
0.3687231513533419 1.0 4.0 1.0 66
0.0 1.5203758776941694 0.0 2.0 68
0.0 1.2549044781117042 0.0 2.0 69
0.0 1.2548011341804157 0.0 2.0 70
3.913243881888733 1.0 4.0 1.0 71
3.724825608136725 1.0 4.0 1.0 74
3.7269590095526417 1.0 4.0 1.0 78
0.23212138096703833 1.0 0.0 1.0 79
3.3660146517933356 1.0 4.0 1.0 80
0.49546239207907894 1.0 0.0 1.0 82
1.44252121481416 1.0 0.0 1.0 92
1.2468994071941968 1.0 0.0 1.0 93
1.5882100502252037 1.0 0.0 1.0 95
2.379113172869553 1.0 4.0 1.0 96
1.6163448851280675 1.0 0.0 1.0 97
1.6016242765030029 1.0 0.0 1.0 99
1.9376998809127386 1.0 0.0 1.0 104
1.7165699010524262 1.0 4.0 1.0 105
1.4938437105206825 1.0 4.0 1.0 107
2.5085791880182278 1.0 0.0 1.0 109
2.504526022218231 1.0 0.0 1.0 110
2.360702886128956 1.0 0.0 1.0 111
2.7602694308008022 1.0 0.0 1.0 113
2.739697946747489 1.0 0.0 1.0 114
1.1490041565688207 1.0 4.0 1.0 116
4.0 1.9941712181598152 4.0 2.0 117
0.8668380038707223 1.0 4.0 1.0 118
0.8784105047751954 1.0 4.0 1.0 119
3.26149950358098 1.0 0.0 1.0 120
3.284133969229136 1.0 0.0 1.0 121
3.1186263374512464 1.0 0.0 1.0 122
0.0 0.365529724799334 0.0 0.0 123
3.3616568956796065 1.0 0.0 1.0 124
4.0 1.3696109556873552 4.0 2.0 125
3.4945881497995064 1.0 0.0 1.0 126
0.0 0.6238583703108496 0.0 0.0 127
0.0 1.2499231390596988 0.0 2.0 128
4.0 0.7510409332646821 4.0 0.0 129
0.0 1.0 0.0 2.0 130
3.8749696736693773 1.0 0.0 1.0 131
4.0 1.1262710768857975 4.0 2.0 132
3.873756115196388 1.0 0.0 1.0 133
0.0 0.9149336525516722 0.0 1.0 134
4.0 1.0992054087790029 4.0 1.0 135
0.0 1.2488414741170062 0.0 1.0 136
4.0 0.7603117092191519 4.0 1.0 137
4.2413868862598125 1.0 4.0 1.0 138
0.0 0.6182641439168874 0.0 1.0 139
4.0 1.369836563516013 4.0 1.0 140
0.0 0.3806713654395477 0.0 1.0 141
4.0 0.3795781942290598 4.0 1.0 142
4.0 1.6289070969457267 4.0 1.0 143
4.624831352426446 1.0 4.0 1.0 144
0.0 0.1306259963059351 0.0 1.0 145
0.0 1.8747033783967972 0.0 1.0 146
4.0 1.8757909204465657 4.0 1.0 147
*** t = 82
0.2502773038649875 1.0 4.0 1.0 11
0.0 1.0 4.0 1.0 15
0.0 1.0 4.0 1.0 18
3.7731881980130346 1.0 4.0 1.0 23
3.047277972072471 1.0 4.0 1.0 25
3.076139433080612 1.0 4.0 1.0 26
2.9666783752220063 1.0 4.0 1.0 28
3.04176935825306 1.0 4.0 1.0 30
1.2230451817561576 1.0 0.0 1.0 33
1.5620867518811608 1.0 0.0 1.0 34
2.856192250757495 1.0 4.0 1.0 37
2.4318212265310883 1.0 0.0 1.0 45
2.7553473562847106 1.0 0.0 1.0 51
2.321118413011994 1.0 0.0 1.0 52
1.5112795168450888 1.0 4.0 1.0 55
0.9873253072024026 1.0 4.0 1.0 57
0.0 1.873701128208618 0.0 2.0 59
0.0 1.496383073845477 0.0 2.0 64
0.0 1.4879207840529078 0.0 2.0 65
0.49163086847112253 1.0 4.0 1.0 66
0.0 1.6504698471177117 0.0 2.0 68
0.0 1.3823567171675564 0.0 2.0 69
0.0 1.3822017012706236 0.0 2.0 70
4.0 1.0 0.0 1.0 71
3.8489864617412826 1.0 4.0 1.0 74
3.85547483746825 1.0 4.0 1.0 78
0.10219453203486717 1.0 0.0 1.0 79
3.4906818611190147 1.0 4.0 1.0 80
0.3703003346533318 1.0 0.0 1.0 82
1.3207365107576914 1.0 0.0 1.0 92
1.1217584711575692 1.0 0.0 1.0 93
1.4676205527364639 1.0 0.0 1.0 95
2.5043296556521613 1.0 4.0 1.0 96
1.4908893527663867 1.0 0.0 1.0 97
1.475393975266319 1.0 0.0 1.0 99
1.8088061234697848 1.0 0.0 1.0 104
1.8391820368418852 1.0 4.0 1.0 105
1.618330686397406 1.0 4.0 1.0 107
2.38429412035308 1.0 0.0 1.0 109
2.379903190736417 1.0 0.0 1.0 110
2.2346031081388755 1.0 0.0 1.0 111
2.6362963738808824 1.0 0.0 1.0 113
2.613667741422238 1.0 0.0 1.0 114
1.2766712850764674 1.0 4.0 1.0 116
0.9906720044236826 1.0 4.0 1.0 118
1.0038977197430805 1.0 4.0 1.0 119
3.1384160875111435 1.0 0.0 1.0 120
3.1648229641006584 1.0 0.0 1.0 121
2.992715814229996 1.0 0.0 1.0 122
0.0 0.23863566975920075 0.0 0.0 123
3.2339882748155278 1.0 0.0 1.0 124
4.0 1.4928146075831403 4.0 2.0 125
3.368235187249383 1.0 0.0 1.0 126
0.0 0.49847782708113275 0.0 0.0 127
0.0 1.3748847085895481 0.0 2.0 128
4.0 0.6265613998970232 4.0 0.0 129
0.0 1.1249400232420954 0.0 2.0 130
3.7499393473387546 1.0 0.0 1.0 131
4.0 1.252542153771595 4.0 2.0 132
3.7475122303927764 1.0 0.0 1.0 133
0.0 1.0 4.0 1.0 134
4.0 1.0 0.0 1.0 135
0.0 1.1236483864698406 0.0 1.0 136
4.0 0.8870303274223439 4.0 1.0 137
4.114951367303115 1.0 4.0 1.0 138
0.0 0.7419169727002649 0.0 1.0 139
4.0 1.2438038762192156 4.0 1.0 140
0.0 0.5075618205860636 0.0 1.0 141
4.0 0.5061042589720798 4.0 1.0 142
4.0 1.5052094625943022 4.0 1.0 143
4.499775136568594 1.0 4.0 1.0 144
0.0 0.2612519926118702 0.0 1.0 145
0.0 1.7494067567935945 0.0 1.0 146
4.0 1.7515818408931314 4.0 1.0 147
4.0 0.12084708269488187 4.0 1.0 148
4.875150714774832 1.0 4.0 1.0 149
*** t = 83
0.3754159557974812 1.0 4.0 1.0 11
0.126947674814035 1.0 4.0 1.0 15
0.1304870300166346 1.0 4.0 1.0 18
3.903298135875553 1.0 4.0 1.0 23
3.16916909095537 1.0 4.0 1.0 25
3.199185010403837 1.0 4.0 1.0 26
3.0902899741895897 1.0 4.0 1.0 28
3.168509748180271 1.0 4.0 1.0 30
1.0968199627450739 1.0 0.0 1.0 33
1.4401910894752188 1.0 0.0 1.0 34
2.986019171246472 1.0 4.0 1.0 37
2.311192090110403 1.0 0.0 1.0 45
2.6308820919131817 1.0 0.0 1.0 51
2.1919736755513783 1.0 0.0 1.0 52
1.6372194765821795 1.0 4.0 1.0 55
1.110740970602703 1.0 4.0 1.0 57
0.0 1.9985155750955634 0.0 2.0 59
0.0 1.6204788423068464 0.0 2.0 64
0.0 1.6099009800661348 0.0 2.0 65
0.6145385855889032 1.0 4.0 1.0 66
0.0 1.780563816541254 0.0 2.0 68
0.0 1.5098089562234085 0.0 2.0 69
0.0 1.5096022683608314 0.0 2.0 70
3.877711128690977 1.0 0.0 1.0 71
3.97314731534584 1.0 4.0 1.0 74
3.983990665383858 1.0 4.0 1.0 78
0.0 1.0 0.0 2.0 79
3.615349070444694 1.0 4.0 1.0 80
0.24513827722758466 1.0 0.0 1.0 82
1.1989518067012228 1.0 0.0 1.0 92
0.9966175351209416 1.0 0.0 1.0 93
1.347031055247724 1.0 0.0 1.0 95
2.6295461384347694 1.0 4.0 1.0 96
1.3654338204047058 1.0 0.0 1.0 97
1.349163674029635 1.0 0.0 1.0 99
1.679912366026831 1.0 0.0 1.0 104
1.9617941726313441 1.0 4.0 1.0 105
1.7428176622741296 1.0 4.0 1.0 107
2.2600090526879324 1.0 0.0 1.0 109
2.255280359254603 1.0 0.0 1.0 110
2.108503330148795 1.0 0.0 1.0 111
2.5123233169609627 1.0 0.0 1.0 113
2.4876375360969867 1.0 0.0 1.0 114
1.4043384135841142 1.0 4.0 1.0 116
1.1145060049766429 1.0 4.0 1.0 118
1.1293849347109655 1.0 4.0 1.0 119
3.015332671441307 1.0 0.0 1.0 120
3.045511958972181 1.0 0.0 1.0 121
2.8668052910087454 1.0 0.0 1.0 122
0.0 0.11174161471906752 0.0 0.0 123
3.106319653951449 1.0 0.0 1.0 124
4.0 1.6160182594789254 4.0 2.0 125
3.2418822246992596 1.0 0.0 1.0 126
0.0 0.37309728385141594 0.0 0.0 127
0.0 1.4998462781193975 0.0 2.0 128
4.0 0.5020818665293643 4.0 0.0 129
0.0 1.2498800464841908 0.0 2.0 130
3.624909021008132 1.0 0.0 1.0 131
4.0 1.3788132306573926 4.0 2.0 132
3.6212683455891646 1.0 0.0 1.0 133
0.13070480750738173 1.0 4.0 1.0 134
3.871315058397 1.0 0.0 1.0 135
0.0 1.0 0.0 2.0 136
4.0 1.0 0.0 1.0 137
4.0 1.0 4.0 2.0 138
0.0 0.8655698014836424 0.0 1.0 139
4.0 1.1177711889224182 4.0 1.0 140
0.0 0.6344522757325795 0.0 1.0 141
4.0 0.6326303237150998 4.0 1.0 142
4.0 1.3815118282428778 4.0 1.0 143
4.374718920710743 1.0 4.0 1.0 144
0.0 0.39187798891780534 0.0 1.0 145
0.0 1.6241101351903917 0.0 1.0 146
4.0 1.627372761339697 4.0 1.0 147
4.0 0.24169416538976374 4.0 1.0 148
4.750301429549664 1.0 4.0 1.0 149
0.0 0.12437935933725688 0.0 1.0 150
4.0 1.873029912879312 4.0 1.0 151
*** t = 84
0.500554607729975 1.0 4.0 1.0 11
0.25389534962807 1.0 4.0 1.0 15
0.2609740600332692 1.0 4.0 1.0 18
4.0 1.0 0.0 1.0 23
3.291060209838269 1.0 4.0 1.0 25
3.3222305877270615 1.0 4.0 1.0 26
3.213901573157173 1.0 4.0 1.0 28
3.2952501381074817 1.0 4.0 1.0 30
0.97059474373399 1.0 0.0 1.0 33
1.3182954270692768 1.0 0.0 1.0 34
3.115846091735449 1.0 4.0 1.0 37
2.1905629536897173 1.0 0.0 1.0 45
2.5064168275416527 1.0 0.0 1.0 51
2.0628289380907625 1.0 0.0 1.0 52
1.7631594363192702 1.0 4.0 1.0 55
1.2341566340030032 1.0 4.0 1.0 57
0.0 1.7445746107682156 0.0 2.0 64
0.0 1.7318811760793618 0.0 2.0 65
0.7374463027066838 1.0 4.0 1.0 66
0.0 1.9106577859647964 0.0 2.0 68
0.0 1.6372611952792606 0.0 2.0 69
0.0 1.6370028354510393 0.0 2.0 70
3.7554222573819542 1.0 0.0 1.0 71
4.0 1.0 0.0 1.0 74
4.0 1.0 0.0 1.0 78
0.0 1.1299268489321712 0.0 2.0 79
3.740016279770373 1.0 4.0 1.0 80
0.11997621980183754 1.0 0.0 1.0 82
1.0771671026447542 1.0 0.0 1.0 92
0.8714765990843141 1.0 0.0 1.0 93
1.2264415577589842 1.0 0.0 1.0 95
2.7547626212173775 1.0 4.0 1.0 96
1.239978288043025 1.0 0.0 1.0 97
1.2229333727929512 1.0 0.0 1.0 99
1.551018608583877 1.0 0.0 1.0 104
2.084406308420803 1.0 4.0 1.0 105
1.8673046381508531 1.0 4.0 1.0 107
2.1357239850227847 1.0 0.0 1.0 109
2.130657527772789 1.0 0.0 1.0 110
1.9824035521587149 1.0 0.0 1.0 111
2.388350260041043 1.0 0.0 1.0 113
2.3616073307717356 1.0 0.0 1.0 114
1.5320055420917609 1.0 4.0 1.0 116
1.2383400055296032 1.0 4.0 1.0 118
1.2548721496788504 1.0 4.0 1.0 119
2.8922492553714703 1.0 0.0 1.0 120
2.9262009538437037 1.0 0.0 1.0 121
2.740894767787495 1.0 0.0 1.0 122
2.9786510330873703 1.0 0.0 1.0 124
4.0 1.7392219113747105 4.0 2.0 125
3.115529262149136 1.0 0.0 1.0 126
0.0 0.24771674062169916 0.0 0.0 127
0.0 1.624807847649247 0.0 2.0 128
4.0 0.3776023331617054 4.0 0.0 129
0.0 1.3748200697262862 0.0 2.0 130
3.499878694677509 1.0 0.0 1.0 131
4.0 1.5050843075431901 4.0 2.0 132
3.4950244607855527 1.0 0.0 1.0 133
0.26140961501476345 1.0 4.0 1.0 134
3.7426301167940004 1.0 0.0 1.0 135
0.0 1.1251930876471656 0.0 2.0 136
3.873281381796808 1.0 0.0 1.0 137
4.0 1.1264355189566975 4.0 2.0 138
0.0 0.9892226302670198 0.0 1.0 139
4.0 1.0 0.0 1.0 140
0.0 0.7613427308790953 0.0 1.0 141
4.0 0.7591563884581197 4.0 1.0 142
4.0 1.2578141938914533 4.0 1.0 143
4.249662704852891 1.0 4.0 1.0 144
0.0 0.5225039852237404 0.0 1.0 145
0.0 1.498813513587189 0.0 1.0 146
4.0 1.5031636817862628 4.0 1.0 147
4.0 0.3625412480846456 4.0 1.0 148
4.625452144324496 1.0 4.0 1.0 149
0.0 0.24875871867451377 0.0 1.0 150
4.0 1.746059825758624 4.0 1.0 151
*** t = 85
0.6256932596624687 1.0 4.0 1.0 11
0.38084302444210494 1.0 4.0 1.0 15
0.39146109004990376 1.0 4.0 1.0 18
3.8698900621374817 1.0 0.0 1.0 23
3.4129513287211677 1.0 4.0 1.0 25
3.445276165050286 1.0 4.0 1.0 26
3.3375131721247566 1.0 4.0 1.0 28
3.4219905280346925 1.0 4.0 1.0 30
0.8443695247229062 1.0 0.0 1.0 33
1.1963997646633349 1.0 0.0 1.0 34
3.245673012224426 1.0 4.0 1.0 37
2.069933817269032 1.0 0.0 1.0 45
2.381951563170124 1.0 0.0 1.0 51
1.9336842006301467 1.0 0.0 1.0 52
1.889099396056361 1.0 4.0 1.0 55
1.3575722974033035 1.0 4.0 1.0 57
0.0 1.868670379229585 0.0 2.0 64
0.0 1.8538613720925887 0.0 2.0 65
0.8603540198244644 1.0 4.0 1.0 66
0.0 1.7647134343351127 0.0 2.0 69
0.0 1.7644034025412472 0.0 2.0 70
3.6331333860729313 1.0 0.0 1.0 71
3.8758391463954425 1.0 0.0 1.0 74
3.8714841720843918 1.0 0.0 1.0 78
0.0 1.2598536978643424 0.0 2.0 79
3.864683489096052 1.0 4.0 1.0 80
0.0 1.0 0.0 0.0 82
0.9553823985882857 1.0 0.0 1.0 92
0.7463356630476865 1.0 0.0 1.0 93
1.1058520602702444 1.0 0.0 1.0 95
2.8799791039999856 1.0 4.0 1.0 96
1.1145227556813442 1.0 0.0 1.0 97
1.0967030715562673 1.0 0.0 1.0 99
1.4221248511409232 1.0 0.0 1.0 104
2.207018444210262 1.0 4.0 1.0 105
1.9917916140275767 1.0 4.0 1.0 107
2.011438917357637 1.0 0.0 1.0 109
2.0060346962909748 1.0 0.0 1.0 110
1.8563037741686346 1.0 0.0 1.0 111
2.264377203121123 1.0 0.0 1.0 113
2.2355771254464845 1.0 0.0 1.0 114
1.6596726705994076 1.0 4.0 1.0 116
1.3621740060825636 1.0 4.0 1.0 118
1.3803593646467354 1.0 4.0 1.0 119
2.7691658393016336 1.0 0.0 1.0 120
2.8068899487152263 1.0 0.0 1.0 121
2.6149842445662443 1.0 0.0 1.0 122
2.8509824122232916 1.0 0.0 1.0 124
4.0 1.8624255632704956 4.0 2.0 125
2.9891762995990128 1.0 0.0 1.0 126
0.0 0.12233619739198237 0.0 0.0 127
0.0 1.7497694171790963 0.0 2.0 128
4.0 0.2531227997940465 4.0 0.0 129
0.0 1.4997600929683816 0.0 2.0 130
3.3748483683468864 1.0 0.0 1.0 131
4.0 1.6313553844289876 4.0 2.0 132
3.368780575981941 1.0 0.0 1.0 133
0.3921144225221452 1.0 4.0 1.0 134
3.6139451751910006 1.0 0.0 1.0 135
0.0 1.2503861752943313 0.0 2.0 136
3.746562763593616 1.0 0.0 1.0 137
4.0 1.252871037913395 4.0 2.0 138
0.0 1.0 4.0 1.0 139
3.873967312703203 1.0 0.0 1.0 140
0.0 0.8882331860256112 0.0 1.0 141
4.0 0.8856824532011397 4.0 1.0 142
4.0 1.1341165595400289 4.0 1.0 143
4.12460648899504 1.0 4.0 1.0 144
0.0 0.6531299815296755 0.0 1.0 145
0.0 1.3735168919839862 0.0 1.0 146
4.0 1.3789546022328285 4.0 1.0 147
4.0 0.4833883307795275 4.0 1.0 148
4.5006028590993274 1.0 4.0 1.0 149
0.0 0.3731380780117707 0.0 1.0 150
4.0 1.619089738637936 4.0 1.0 151
0.0 0.1256976543597417 0.0 1.0 152
4.0 0.12290395596577026 4.0 1.0 153
4.0 1.8745580979170318 4.0 1.0 154
4.8697359851487425 1.0 4.0 1.0 155
*** t = 86
0.7508319115949624 1.0 4.0 1.0 11
0.50779069925614 1.0 4.0 1.0 15
0.5219481200665383 1.0 4.0 1.0 18
3.7397801242749633 1.0 0.0 1.0 23
3.5348424476040665 1.0 4.0 1.0 25
3.5683217423735107 1.0 4.0 1.0 26
3.46112477109234 1.0 4.0 1.0 28
3.5487309179619033 1.0 4.0 1.0 30
0.7181443057118223 1.0 0.0 1.0 33
1.074504102257393 1.0 0.0 1.0 34
3.375499932713403 1.0 4.0 1.0 37
1.9493046808483463 1.0 0.0 1.0 45
2.257486298798595 1.0 0.0 1.0 51
1.8045394631695308 1.0 0.0 1.0 52
2.015039355793452 1.0 4.0 1.0 55
1.4809879608036038 1.0 4.0 1.0 57
0.0 1.9927661476909542 0.0 2.0 64
0.0 1.9758415681058157 0.0 2.0 65
0.983261736942245 1.0 4.0 1.0 66
0.0 1.8921656733909649 0.0 2.0 69
0.0 1.891803969631455 0.0 2.0 70
3.5108445147639085 1.0 0.0 1.0 71
3.751678292790885 1.0 0.0 1.0 74
3.7429683441687835 1.0 0.0 1.0 78
0.0 1.3897805467965136 0.0 2.0 79
3.989350698421731 1.0 4.0 1.0 80
0.0 0.8748379425742528 0.0 0.0 82
0.8335976945318171 1.0 0.0 1.0 92
0.6211947270110589 1.0 0.0 1.0 93
0.9852625627815045 1.0 0.0 1.0 95
3.0051955867825937 1.0 4.0 1.0 96
0.9890672233196633 1.0 0.0 1.0 97
0.9704727703195835 1.0 0.0 1.0 99
1.2932310936979694 1.0 0.0 1.0 104
2.329630579999721 1.0 4.0 1.0 105
2.1162785899043004 1.0 4.0 1.0 107
1.8871538496924896 1.0 0.0 1.0 109
1.8814118648091607 1.0 0.0 1.0 110
1.7302039961785542 1.0 0.0 1.0 111
2.1404041462012033 1.0 0.0 1.0 113
2.1095469201212333 1.0 0.0 1.0 114
1.7873397991070543 1.0 4.0 1.0 116
1.486008006635524 1.0 4.0 1.0 118
1.5058465796146203 1.0 4.0 1.0 119
2.646082423231797 1.0 0.0 1.0 120
2.687578943586749 1.0 0.0 1.0 121
2.489073721344994 1.0 0.0 1.0 122
2.723313791359213 1.0 0.0 1.0 124
4.0 1.9856292151662807 4.0 2.0 125
2.8628233370488894 1.0 0.0 1.0 126
0.0 1.8747309867089457 0.0 2.0 128
4.0 0.12864326642638763 4.0 0.0 129
0.0 1.624700116210477 0.0 2.0 130
3.2498180420162637 1.0 0.0 1.0 131
4.0 1.7576264613147852 4.0 2.0 132
3.242536691178329 1.0 0.0 1.0 133
0.5228192300295269 1.0 4.0 1.0 134
3.4852602335880007 1.0 0.0 1.0 135
0.0 1.375579262941497 0.0 2.0 136
3.6198441453904238 1.0 0.0 1.0 137
4.0 1.3793065568700924 4.0 2.0 138
0.1236528287833775 1.0 4.0 1.0 139
3.7479346254064057 1.0 0.0 1.0 140
0.0 1.0 4.0 1.0 141
4.0 1.0 0.0 1.0 142
4.0 1.0104189251886044 4.0 1.0 143
4.0 1.0 4.0 2.0 144
0.0 0.7837559778356106 0.0 1.0 145
0.0 1.2482202703807834 0.0 1.0 146
4.0 1.2547455226793942 4.0 1.0 147
4.0 0.6042354134744093 4.0 1.0 148
4.375753573874159 1.0 4.0 1.0 149
0.0 0.49751743734902754 0.0 1.0 150
4.0 1.492119651517248 4.0 1.0 151
0.0 0.2513953087194834 0.0 1.0 152
4.0 0.24580791193154053 4.0 1.0 153
4.0 1.7491161958340635 4.0 1.0 154
4.739471970297485 1.0 4.0 1.0 155
0.0 1.8742574898342876 0.0 1.0 156
*** t = 87
0.8759705635274562 1.0 4.0 1.0 11
0.634738374070175 1.0 4.0 1.0 15
0.6524351500831729 1.0 4.0 1.0 18
3.609670186412445 1.0 0.0 1.0 23
3.6567335664869653 1.0 4.0 1.0 25
3.6913673196967354 1.0 4.0 1.0 26
3.5847363700599235 1.0 4.0 1.0 28
3.675471307889114 1.0 4.0 1.0 30
0.5919190867007385 1.0 0.0 1.0 33
0.9526084398514509 1.0 0.0 1.0 34
3.50532685320238 1.0 4.0 1.0 37
1.8286755444276608 1.0 0.0 1.0 45
2.133021034427066 1.0 0.0 1.0 51
1.675394725708915 1.0 0.0 1.0 52
2.1409793155305428 1.0 4.0 1.0 55
1.6044036242039041 1.0 4.0 1.0 57
1.1061694540600255 1.0 4.0 1.0 66
3.3885556434548856 1.0 0.0 1.0 71
3.6275174391863274 1.0 0.0 1.0 74
3.6144525162531753 1.0 0.0 1.0 78
0.0 1.5197073957286849 0.0 2.0 79
4.0 1.0 0.0 1.0 80
0.0 0.7496758851485057 0.0 0.0 82
0.7118129904753485 1.0 0.0 1.0 92
0.4960537909744314 1.0 0.0 1.0 93
0.8646730652927646 1.0 0.0 1.0 95
3.130412069565202 1.0 4.0 1.0 96
0.8636116909579825 1.0 0.0 1.0 97
0.8442424690828996 1.0 0.0 1.0 99
1.1643373362550156 1.0 0.0 1.0 104
2.45224271578918 1.0 4.0 1.0 105
2.240765565781024 1.0 4.0 1.0 107
1.762868782027342 1.0 0.0 1.0 109
1.7567890333273466 1.0 0.0 1.0 110
1.604104218188474 1.0 0.0 1.0 111
2.0164310892812836 1.0 0.0 1.0 113
1.983516714795982 1.0 0.0 1.0 114
1.915006927614701 1.0 4.0 1.0 116
1.6098420071884842 1.0 4.0 1.0 118
1.6313337945825053 1.0 4.0 1.0 119
2.5229990071619603 1.0 0.0 1.0 120
2.5682679384582716 1.0 0.0 1.0 121
2.3631631981237433 1.0 0.0 1.0 122
2.595645170495134 1.0 0.0 1.0 124
2.736470374498766 1.0 0.0 1.0 126
0.0 1.999692556238795 0.0 2.0 128
4.0 0.004163733058728733 4.0 0.0 129
0.0 1.7496401394525725 0.0 2.0 130
3.124787715685641 1.0 0.0 1.0 131
4.0 1.8838975382005827 4.0 2.0 132
3.1162928063747173 1.0 0.0 1.0 133
0.6535240375369087 1.0 4.0 1.0 134
3.356575291985001 1.0 0.0 1.0 135
0.0 1.5007723505886625 0.0 2.0 136
3.4931255271872317 1.0 0.0 1.0 137
4.0 1.5057420758267899 4.0 2.0 138
0.247305657566755 1.0 4.0 1.0 139
3.6219019381096085 1.0 0.0 1.0 140
0.1268904551465159 1.0 4.0 1.0 141
3.87347393525698 1.0 0.0 1.0 142
4.0 1.0 4.0 0.0 143
4.0 1.1250562158578519 4.0 2.0 144
0.0 0.9143819741415457 0.0 1.0 145
0.0 1.1229236487775807 0.0 1.0 146
4.0 1.13053644312596 4.0 1.0 147
4.0 0.7250824961692912 4.0 1.0 148
4.250904288648991 1.0 4.0 1.0 149
0.0 0.6218967966862844 0.0 1.0 150
4.0 1.3651495643965599 4.0 1.0 151
0.0 0.37709296307922513 0.0 1.0 152
4.0 0.3687118678973108 4.0 1.0 153
4.0 1.6236742937510953 4.0 1.0 154
4.6092079554462275 1.0 4.0 1.0 155
0.0 1.7485149796685753 0.0 1.0 156
0.0 0.1256511512859886 0.0 1.0 157
4.0 1.8725137401275274 4.0 1.0 158
*** t = 88
1.00110921545995 1.0 4.0 1.0 11
0.76168604888421 1.0 4.0 1.0 15
0.7829221800998074 1.0 4.0 1.0 18
3.4795602485499266 1.0 0.0 1.0 23
3.778624685369864 1.0 4.0 1.0 25
3.81441289701996 1.0 4.0 1.0 26
3.708347969027507 1.0 4.0 1.0 28
3.802211697816325 1.0 4.0 1.0 30
0.4656938676896546 1.0 0.0 1.0 33
0.830712777445509 1.0 0.0 1.0 34
3.635153773691357 1.0 4.0 1.0 37
1.7080464080069753 1.0 0.0 1.0 45
2.008555770055537 1.0 0.0 1.0 51
1.5462499882482992 1.0 0.0 1.0 52
2.2669192752676337 1.0 4.0 1.0 55
1.7278192876042044 1.0 4.0 1.0 57
1.2290771711778061 1.0 4.0 1.0 66
3.2662667721458627 1.0 0.0 1.0 71
3.50335658558177 1.0 0.0 1.0 74
3.485936688337567 1.0 0.0 1.0 78
0.0 1.649634244660856 0.0 2.0 79
3.875332790674321 1.0 0.0 1.0 80
0.0 0.6245138277227585 0.0 0.0 82
0.5900282864188799 1.0 0.0 1.0 92
0.3709128549378039 1.0 0.0 1.0 93
0.7440835678040246 1.0 0.0 1.0 95
3.25562855234781 1.0 4.0 1.0 96
0.7381561585963017 1.0 0.0 1.0 97
0.7180121678462157 1.0 0.0 1.0 99
1.0354435788120617 1.0 0.0 1.0 104
2.574854851578639 1.0 4.0 1.0 105
2.3652525416577475 1.0 4.0 1.0 107
1.6385837143621946 1.0 0.0 1.0 109
1.6321662018455325 1.0 0.0 1.0 110
1.4780044401983936 1.0 0.0 1.0 111
1.8924580323613636 1.0 0.0 1.0 113
1.8574865094707307 1.0 0.0 1.0 114
2.042674056122348 1.0 4.0 1.0 116
1.7336760077414446 1.0 4.0 1.0 118
1.7568210095503902 1.0 4.0 1.0 119
2.3999155910921237 1.0 0.0 1.0 120
2.4489569333297942 1.0 0.0 1.0 121
2.237252674902493 1.0 0.0 1.0 122
2.4679765496310555 1.0 0.0 1.0 124
2.6101174119486426 1.0 0.0 1.0 126
0.0 1.8745801626946679 0.0 2.0 130
2.9997573893550182 1.0 0.0 1.0 131
2.9900489215711055 1.0 0.0 1.0 133
0.7842288450442905 1.0 4.0 1.0 134
3.227890350382001 1.0 0.0 1.0 135
0.0 1.6259654382358282 0.0 2.0 136
3.3664069089840396 1.0 0.0 1.0 137
4.0 1.6321775947834873 4.0 2.0 138
0.3709584863501325 1.0 4.0 1.0 139
3.4958692508128113 1.0 0.0 1.0 140
0.2537809102930318 1.0 4.0 1.0 141
3.74694787051396 1.0 0.0 1.0 142
4.0 0.8763023656485757 4.0 0.0 143
4.0 1.2501124317157037 4.0 2.0 144
0.0 1.0 4.0 1.0 145
0.0 1.0 0.0 0.0 146
4.0 1.0063273635725256 4.0 1.0 147
4.0 0.8459295788641731 4.0 1.0 148
4.126055003423823 1.0 4.0 1.0 149
0.0 0.7462761560235412 0.0 1.0 150
4.0 1.2381794772758719 4.0 1.0 151
0.0 0.5027906174389668 0.0 1.0 152
4.0 0.49161582386308106 4.0 1.0 153
4.0 1.498232391668127 4.0 1.0 154
4.47894394059497 1.0 4.0 1.0 155
0.0 1.622772469502863 0.0 1.0 156
0.0 0.2513023025719772 0.0 1.0 157
4.0 1.7450274802550547 4.0 1.0 158
4.0 0.12719547221541205 4.0 1.0 159
4.874025910263572 1.0 4.0 1.0 160
*** t = 89
1.1262478673924436 1.0 4.0 1.0 11
0.888633723698245 1.0 4.0 1.0 15
0.9134092101164419 1.0 4.0 1.0 18
3.3494503106874083 1.0 0.0 1.0 23
3.900515804252763 1.0 4.0 1.0 25
3.9374584743431846 1.0 4.0 1.0 26
3.8319595679950904 1.0 4.0 1.0 28
3.9289520877435358 1.0 4.0 1.0 30
0.33946864867857074 1.0 0.0 1.0 33
0.708817115039567 1.0 0.0 1.0 34
3.764980694180334 1.0 4.0 1.0 37
1.5874172715862898 1.0 0.0 1.0 45
1.8840905056840083 1.0 0.0 1.0 51
1.4171052507876833 1.0 0.0 1.0 52
2.3928592350047246 1.0 4.0 1.0 55
1.8512349510045047 1.0 4.0 1.0 57
1.3519848882955867 1.0 4.0 1.0 66
3.14397790083684 1.0 0.0 1.0 71
3.3791957319772123 1.0 0.0 1.0 74
3.357420860421959 1.0 0.0 1.0 78
0.0 1.7795610935930273 0.0 2.0 79
3.750665581348642 1.0 0.0 1.0 80
0.0 0.4993517702970114 0.0 0.0 82
0.46824358236241137 1.0 0.0 1.0 92
0.2457719189011764 1.0 0.0 1.0 93
0.6234940703152847 1.0 0.0 1.0 95
3.380845035130418 1.0 4.0 1.0 96
0.6127006262346208 1.0 0.0 1.0 97
0.5917818666095318 1.0 0.0 1.0 99
0.9065498213691078 1.0 0.0 1.0 104
2.697466987368098 1.0 4.0 1.0 105
2.489739517534471 1.0 4.0 1.0 107
1.5142986466970472 1.0 0.0 1.0 109
1.5075433703637184 1.0 0.0 1.0 110
1.3519046622083133 1.0 0.0 1.0 111
1.7684849754414436 1.0 0.0 1.0 113
1.7314563041454794 1.0 0.0 1.0 114
2.170341184629995 1.0 4.0 1.0 116
1.857510008294405 1.0 4.0 1.0 118
1.8823082245182752 1.0 4.0 1.0 119
2.276832175022287 1.0 0.0 1.0 120
2.329645928201317 1.0 0.0 1.0 121
2.1113421516812423 1.0 0.0 1.0 122
2.340307928766977 1.0 0.0 1.0 124
2.483764449398519 1.0 0.0 1.0 126
0.0 1.9995201859367633 0.0 2.0 130
2.8747270630243955 1.0 0.0 1.0 131
2.8638050367674937 1.0 0.0 1.0 133
0.9149336525516722 1.0 4.0 1.0 134
3.0992054087790013 1.0 0.0 1.0 135
0.0 1.7511585258829938 0.0 2.0 136
3.2396882907808475 1.0 0.0 1.0 137
4.0 1.7586131137401848 4.0 2.0 138
0.49461131513351 1.0 4.0 1.0 139
3.369836563516014 1.0 0.0 1.0 140
0.3806713654395477 1.0 4.0 1.0 141
3.62042180577094 1.0 0.0 1.0 142
4.0 0.7526047312971513 4.0 0.0 143
4.0 1.3751686475735556 4.0 2.0 144
0.1306259963059351 1.0 4.0 1.0 145
0.0 0.8747033783967972 0.0 0.0 146
4.0 1.0 0.0 1.0 147
4.0 0.966776661559055 4.0 1.0 148
4.001205718198655 1.0 4.0 1.0 149
0.0 0.8706555153607981 0.0 1.0 150
4.0 1.1112093901551838 4.0 1.0 151
0.0 0.6284882717987085 0.0 1.0 152
4.0 0.6145197798288513 4.0 1.0 153
4.0 1.3727904895851588 4.0 1.0 154
4.3486799257437125 1.0 4.0 1.0 155
0.0 1.4970299593371506 0.0 1.0 156
0.0 0.37695345385796586 0.0 1.0 157
4.0 1.617541220382582 4.0 1.0 158
4.0 0.2543909444308241 4.0 1.0 159
4.748051820527143 1.0 4.0 1.0 160
0.0 0.12250787238745463 0.0 1.0 161
4.0 1.8739947393071672 4.0 1.0 162
*** t = 90
1.2513865193249374 1.0 4.0 1.0 11
1.01558139851228 1.0 4.0 1.0 15
1.0438962401330765 1.0 4.0 1.0 18
3.21934037282489 1.0 0.0 1.0 23
4.0 1.0 5.0 1.0 25
4.0 1.0 4.0 2.0 26
3.955571166962674 1.0 4.0 1.0 28
4.0 1.0 0.0 1.0 30
0.2132434296674869 1.0 0.0 1.0 33
0.586921452633625 1.0 0.0 1.0 34
3.894807614669311 1.0 4.0 1.0 37
1.4667881351656042 1.0 0.0 1.0 45
1.7596252413124795 1.0 0.0 1.0 51
1.2879605133270675 1.0 0.0 1.0 52
2.5187991947418156 1.0 4.0 1.0 55
1.974650614404805 1.0 4.0 1.0 57
1.4748926054133673 1.0 4.0 1.0 66
3.021689029527817 1.0 0.0 1.0 71
3.255034878372655 1.0 0.0 1.0 74
3.2289050325063506 1.0 0.0 1.0 78
0.0 1.9094879425251985 0.0 2.0 79
3.6259983720229627 1.0 0.0 1.0 80
0.0 0.37418971287126424 0.0 0.0 82
0.3464588783059428 1.0 0.0 1.0 92
0.12063098286454887 1.0 0.0 1.0 93
0.5029045728265448 1.0 0.0 1.0 95
3.506061517913026 1.0 4.0 1.0 96
0.48724509387294007 1.0 0.0 1.0 97
0.46555156537284786 1.0 0.0 1.0 99
0.7776560639261538 1.0 0.0 1.0 104
2.820079123157557 1.0 4.0 1.0 105
2.6142264934111945 1.0 4.0 1.0 107
1.3900135790318997 1.0 0.0 1.0 109
1.3829205388819044 1.0 0.0 1.0 110
1.225804884218233 1.0 0.0 1.0 111
1.6445119185215236 1.0 0.0 1.0 113
1.605426098820228 1.0 0.0 1.0 114
2.298008313137642 1.0 4.0 1.0 116
1.9813440088473653 1.0 4.0 1.0 118
2.00779543948616 1.0 4.0 1.0 119
2.1537487589524504 1.0 0.0 1.0 120
2.2103349230728395 1.0 0.0 1.0 121
1.9854316284599918 1.0 0.0 1.0 122
2.212639307902898 1.0 0.0 1.0 124
2.3574114868483957 1.0 0.0 1.0 126
2.749696736693773 1.0 0.0 1.0 131
2.737561151963882 1.0 0.0 1.0 133
1.045638460059054 1.0 4.0 1.0 134
2.9705204671760015 1.0 0.0 1.0 135
0.0 1.8763516135301594 0.0 2.0 136
3.1129696725776554 1.0 0.0 1.0 137
4.0 1.8850486326968823 4.0 2.0 138
0.6182641439168874 1.0 4.0 1.0 139
3.243803876219217 1.0 0.0 1.0 140
0.5075618205860636 1.0 4.0 1.0 141
3.49389574102792 1.0 0.0 1.0 142
4.0 0.628907096945727 4.0 0.0 143
4.0 1.5002248634314075 4.0 2.0 144
0.2612519926118702 1.0 4.0 1.0 145
0.0 0.7494067567935945 0.0 0.0 146
3.875790920446566 1.0 0.0 1.0 147
4.0 1.0 0.0 1.0 148
4.0 1.0 5.0 1.0 149
0.0 0.995034874698055 0.0 1.0 150
4.0 1.0 0.0 1.0 151
0.0 0.7541859261584501 0.0 1.0 152
4.0 0.7374237357946216 4.0 1.0 153
4.0 1.2473485875021906 4.0 1.0 154
4.218415910892455 1.0 4.0 1.0 155
0.0 1.3712874491714382 0.0 1.0 156
0.0 0.5026046051439544 0.0 1.0 157
4.0 1.4900549605101094 4.0 1.0 158
4.0 0.38158641664623616 4.0 1.0 159
4.622077730790715 1.0 4.0 1.0 160
0.0 0.24501574477490926 0.0 1.0 161
4.0 1.7479894786143344 4.0 1.0 162
*** t = 91
1.3765251712574311 1.0 4.0 1.0 11
1.142529073326315 1.0 4.0 1.0 15
1.174383270149711 1.0 4.0 1.0 18
3.0892304349623716 1.0 0.0 1.0 23
4.121891118882899 1.0 5.0 1.0 25
4.0 1.1230455773232244 4.0 2.0 26
4.0 1.0 0.0 1.0 28
3.873259610072789 1.0 0.0 1.0 30
0.08701821065640308 1.0 0.0 1.0 33
0.4650257902276831 1.0 0.0 1.0 34
4.0 1.0 0.0 1.0 37
1.3461589987449187 1.0 0.0 1.0 45
1.6351599769409508 1.0 0.0 1.0 51
1.1588157758664517 1.0 0.0 1.0 52
2.6447391544789065 1.0 4.0 1.0 55
2.0980662778051054 1.0 4.0 1.0 57
1.597800322531148 1.0 4.0 1.0 66
2.899400158218794 1.0 0.0 1.0 71
3.1308740247680973 1.0 0.0 1.0 74
3.1003892045907424 1.0 0.0 1.0 78
3.5013311626972836 1.0 0.0 1.0 80
0.0 0.2490276554455171 0.0 0.0 82
0.22467417424947422 1.0 0.0 1.0 92
0.0 1.0 0.0 2.0 93
0.38231507533780484 1.0 0.0 1.0 95
3.6312780006956342 1.0 4.0 1.0 96
0.3617895615112593 1.0 0.0 1.0 97
0.3393212641361639 1.0 0.0 1.0 99
0.6487623064831999 1.0 0.0 1.0 104
2.9426912589470158 1.0 4.0 1.0 105
2.738713469287918 1.0 4.0 1.0 107
1.2657285113667522 1.0 0.0 1.0 109
1.2582977074000903 1.0 0.0 1.0 110
1.0997051062281527 1.0 0.0 1.0 111
1.5205388616016036 1.0 0.0 1.0 113
1.4793958934949767 1.0 0.0 1.0 114
2.425675441645289 1.0 4.0 1.0 116
2.1051780094003254 1.0 4.0 1.0 118
2.133282654454045 1.0 4.0 1.0 119
2.030665342882614 1.0 0.0 1.0 120
2.091023917944362 1.0 0.0 1.0 121
1.8595211052387413 1.0 0.0 1.0 122
2.0849706870388194 1.0 0.0 1.0 124
2.2310585242982723 1.0 0.0 1.0 126
2.62466641036315 1.0 0.0 1.0 131
2.61131726716027 1.0 0.0 1.0 133
1.1763432675664358 1.0 4.0 1.0 134
2.8418355255730017 1.0 0.0 1.0 135
2.9862510543744634 1.0 0.0 1.0 137
0.7419169727002649 1.0 4.0 1.0 139
3.11777118892242 1.0 0.0 1.0 140
0.6344522757325795 1.0 4.0 1.0 141
3.3673696762849 1.0 0.0 1.0 142
4.0 0.5052094625943027 4.0 0.0 143
4.0 1.6252810792892594 4.0 2.0 144
0.39187798891780534 1.0 4.0 1.0 145
0.0 0.6241101351903917 0.0 0.0 146
3.751581840893132 1.0 0.0 1.0 147
3.879152917305118 1.0 0.0 1.0 148
4.124849285225168 1.0 5.0 1.0 149
0.0 1.0 4.0 1.0 150
3.873029912879312 1.0 0.0 1.0 151
0.0 0.8798835805181918 0.0 1.0 152
4.0 0.8603276917603919 4.0 1.0 153
4.0 1.1219066854192223 4.0 1.0 154
4.0881518960411976 1.0 4.0 1.0 155
0.0 1.2455449390057258 0.0 1.0 156
0.0 0.628255756429943 0.0 1.0 157
4.0 1.3625687006376368 4.0 1.0 158
4.0 0.5087818888616482 4.0 1.0 159
4.496103641054287 1.0 4.0 1.0 160
0.0 0.36752361716236387 0.0 1.0 161
4.0 1.6219842179215016 4.0 1.0 162
0.0 0.13141229725440964 0.0 1.0 163
0.0 1.8780832466672714 0.0 1.0 164
4.0 0.12479121972154532 4.0 1.0 165
4.0 1.8748775875591404 4.0 1.0 166
4.871568444162932 1.0 4.0 1.0 167
*** t = 92
1.5016638231899249 1.0 4.0 1.0 11
1.26947674814035 1.0 4.0 1.0 15
1.3048703001663455 1.0 4.0 1.0 18
2.9591204970998533 1.0 0.0 1.0 23
4.243782237765798 1.0 5.0 1.0 25
4.0 1.2460911546464488 4.0 2.0 26
3.8763884010324166 1.0 0.0 1.0 28
3.7465192201455784 1.0 0.0 1.0 30
0.0 1.0 0.0 0.0 33
0.3431301278217411 1.0 0.0 1.0 34
3.870173079511023 1.0 0.0 1.0 37
1.2255298623242332 1.0 0.0 1.0 45
1.5106947125694221 1.0 0.0 1.0 51
1.0296710384058358 1.0 0.0 1.0 52
2.7706791142159974 1.0 4.0 1.0 55
2.221481941205406 1.0 4.0 1.0 57
1.7207080396489285 1.0 4.0 1.0 66
2.777111286909771 1.0 0.0 1.0 71
3.0067131711635398 1.0 0.0 1.0 74
2.971873376675134 1.0 0.0 1.0 78
3.3766639533716045 1.0 0.0 1.0 80
0.0 0.12386559801976998 0.0 0.0 82
0.10288947019300566 1.0 0.0 1.0 92
0.0 1.1251409360366276 0.0 2.0 93
0.2617255778490649 1.0 0.0 1.0 95
3.7564944834782423 1.0 4.0 1.0 96
0.23633402914957852 1.0 0.0 1.0 97
0.21309096289947999 1.0 0.0 1.0 99
0.5198685490402459 1.0 0.0 1.0 104
3.0653033947364747 1.0 4.0 1.0 105
2.8632004451646416 1.0 4.0 1.0 107
1.1414434437016048 1.0 0.0 1.0 109
1.1336748759182762 1.0 0.0 1.0 110
0.9736053282380723 1.0 0.0 1.0 111
1.3965658046816836 1.0 0.0 1.0 113
1.3533656881697254 1.0 0.0 1.0 114
2.5533425701529358 1.0 4.0 1.0 116
2.2290120099532857 1.0 4.0 1.0 118
2.25876986942193 1.0 4.0 1.0 119
1.9075819268127772 1.0 0.0 1.0 120
1.9717129128158846 1.0 0.0 1.0 121
1.7336105820174907 1.0 0.0 1.0 122
1.957302066174741 1.0 0.0 1.0 124
2.104705561748149 1.0 0.0 1.0 126
2.4996360840325274 1.0 0.0 1.0 131
2.485073382356658 1.0 0.0 1.0 133
1.3070480750738176 1.0 4.0 1.0 134
2.713150583970002 1.0 0.0 1.0 135
2.8595324361712713 1.0 0.0 1.0 137
0.8655698014836424 1.0 4.0 1.0 139
2.9917385016256226 1.0 0.0 1.0 140
0.7613427308790953 1.0 4.0 1.0 141
3.24084361154188 1.0 0.0 1.0 142
4.0 0.3815118282428783 4.0 0.0 143
4.0 1.7503372951471112 4.0 2.0 144
0.5225039852237404 1.0 4.0 1.0 145
0.0 0.49881351358718895 0.0 0.0 146
3.6273727613396978 1.0 0.0 1.0 147
3.758305834610236 1.0 0.0 1.0 148
4.249698570450336 1.0 5.0 1.0 149
0.12437935933725688 1.0 4.0 1.0 150
3.746059825758624 1.0 0.0 1.0 151
0.0 1.0 4.0 1.0 152
4.0 0.9832316477261622 4.0 1.0 153
4.0 1.0 0.0 1.0 154
4.0 1.0 0.0 1.0 155
0.0 1.1198024288400135 0.0 1.0 156
0.0 0.7539069077159316 0.0 1.0 157
4.0 1.2350824407651642 4.0 1.0 158
4.0 0.6359773610770603 4.0 1.0 159
4.370129551317858 1.0 4.0 1.0 160
0.0 0.4900314895498185 0.0 1.0 161
4.0 1.4959789572286688 4.0 1.0 162
0.0 0.2628245945088193 0.0 1.0 163
0.0 1.7561664933345429 0.0 1.0 164
4.0 0.24958243944309064 4.0 1.0 165
4.0 1.7497551751182807 4.0 1.0 166
4.743136888325864 1.0 4.0 1.0 167
*** t = 93
1.6268024751224186 1.0 4.0 1.0 11
1.396424422954385 1.0 4.0 1.0 15
1.43535733018298 1.0 4.0 1.0 18
2.829010559237335 1.0 0.0 1.0 23
4.3656733566486965 1.0 5.0 1.0 25
4.0 1.3691367319696732 4.0 2.0 26
3.752776802064833 1.0 0.0 1.0 28
3.6197788302183675 1.0 0.0 1.0 30
0.0 0.8737747809889161 0.0 0.0 33
0.22123446541579916 1.0 0.0 1.0 34
3.740346159022046 1.0 0.0 1.0 37
1.1049007259035477 1.0 0.0 1.0 45
1.3862294481978934 1.0 0.0 1.0 51
0.90052630094522 1.0 0.0 1.0 52
2.8966190739530884 1.0 4.0 1.0 55
2.3448976046057064 1.0 4.0 1.0 57
1.843615756766709 1.0 4.0 1.0 66
2.6548224156007483 1.0 0.0 1.0 71
2.8825523175589822 1.0 0.0 1.0 74
2.843357548759526 1.0 0.0 1.0 78
3.2519967440459254 1.0 0.0 1.0 80
0.0 1.0 4.0 1.0 92
0.0 1.2502818720732551 0.0 2.0 93
0.14113608036032502 1.0 0.0 1.0 95
3.8817109662608504 1.0 4.0 1.0 96
0.11087849678789774 1.0 0.0 1.0 97
0.08686066166279605 1.0 0.0 1.0 99
0.390974791597292 1.0 0.0 1.0 104
3.1879155305259337 1.0 4.0 1.0 105
2.987687421041365 1.0 4.0 1.0 107
1.0171583760364573 1.0 0.0 1.0 109
1.0090520444364621 1.0 0.0 1.0 110
0.847505550247992 1.0 0.0 1.0 111
1.2725927477617636 1.0 0.0 1.0 113
1.227335482844474 1.0 0.0 1.0 114
2.6810096986605827 1.0 4.0 1.0 116
2.352846010506246 1.0 4.0 1.0 118
2.384257084389815 1.0 4.0 1.0 119
1.7844985107429405 1.0 0.0 1.0 120
1.852401907687407 1.0 0.0 1.0 121
1.6077000587962402 1.0 0.0 1.0 122
1.8296334453106624 1.0 0.0 1.0 124
1.9783525991980253 1.0 0.0 1.0 126
2.3746057577019046 1.0 0.0 1.0 131
2.3588294975530464 1.0 0.0 1.0 133
1.4377528825811994 1.0 4.0 1.0 134
2.584465642367002 1.0 0.0 1.0 135
2.732813817968079 1.0 0.0 1.0 137
0.9892226302670198 1.0 4.0 1.0 139
2.8657058143288254 1.0 0.0 1.0 140
0.8882331860256112 1.0 4.0 1.0 141
3.11431754679886 1.0 0.0 1.0 142
4.0 0.257814193891454 4.0 0.0 143
4.0 1.875393511004963 4.0 2.0 144
0.6531299815296755 1.0 4.0 1.0 145
0.0 0.3735168919839862 0.0 0.0 146
3.5031636817862637 1.0 0.0 1.0 147
3.637458751915354 1.0 0.0 1.0 148
4.374547855675504 1.0 5.0 1.0 149
0.24875871867451377 1.0 4.0 1.0 150
3.619089738637936 1.0 0.0 1.0 151
0.1256976543597417 1.0 4.0 1.0 152
4.0 1.0 4.0 2.0 153
3.8745580979170318 1.0 0.0 1.0 154
3.869735985148742 1.0 0.0 1.0 155
0.0 1.0 4.0 1.0 156
0.0 0.8795580590019202 0.0 1.0 157
4.0 1.1075961808926915 4.0 1.0 158
4.0 0.7631728332924723 4.0 1.0 159
4.24415546158143 1.0 4.0 1.0 160
0.0 0.6125393619372731 0.0 1.0 161
4.0 1.369973696535836 4.0 1.0 162
0.0 0.39423689176322896 0.0 1.0 163
0.0 1.6342497400018143 0.0 1.0 164
4.0 0.37437365916463594 4.0 1.0 165
4.0 1.624632762677421 4.0 1.0 166
4.614705332488796 1.0 4.0 1.0 167
0.0 0.1247487661343319 0.0 1.0 168
4.0 1.8824997438188047 4.0 1.0 169
*** t = 94
1.7519411270549123 1.0 4.0 1.0 11
1.52337209776842 1.0 4.0 1.0 15
1.5658443601996146 1.0 4.0 1.0 18
2.6989006213748166 1.0 0.0 1.0 23
4.487564475531595 1.0 5.0 1.0 25
4.0 1.4921823092928976 4.0 2.0 26
3.6291652030972497 1.0 0.0 1.0 28
3.4930384402911567 1.0 0.0 1.0 30
0.0 0.7475495619778323 0.0 0.0 33
0.0993388030098572 1.0 0.0 1.0 34
3.610519238533069 1.0 0.0 1.0 37
0.9842715894828622 1.0 0.0 1.0 45
1.2617641838263647 1.0 0.0 1.0 51
0.7713815634846042 1.0 0.0 1.0 52
3.0225590336901793 1.0 4.0 1.0 55
2.468313268006007 1.0 4.0 1.0 57
1.9665234738844897 1.0 4.0 1.0 66
2.5325335442917254 1.0 0.0 1.0 71
2.7583914639544247 1.0 0.0 1.0 74
2.7148417208439177 1.0 0.0 1.0 78
3.1273295347202463 1.0 0.0 1.0 80
0.12178470405646856 1.0 4.0 1.0 92
0.0 1.3754228081098827 0.0 2.0 93
0.020546582871585117 1.0 0.0 1.0 95
4.0 1.0 4.0 2.0 96
0.0 1.0 4.0 1.0 97
0.0 1.0 0.0 0.0 99
0.26208103415433803 1.0 0.0 1.0 104
3.3105276663153926 1.0 4.0 1.0 105
3.1121743969180886 1.0 4.0 1.0 107
0.8928733083713097 1.0 0.0 1.0 109
0.884429212954648 1.0 0.0 1.0 110
0.7214057722579117 1.0 0.0 1.0 111
1.1486196908418436 1.0 0.0 1.0 113
1.1013052775192227 1.0 0.0 1.0 114
2.8086768271682296 1.0 4.0 1.0 116
2.4766800110592064 1.0 4.0 1.0 118
2.5097442993577 1.0 4.0 1.0 119
1.6614150946731039 1.0 0.0 1.0 120
1.7330909025589294 1.0 0.0 1.0 121
1.4817895355749897 1.0 0.0 1.0 122
1.701964824446584 1.0 0.0 1.0 124
1.8519996366479017 1.0 0.0 1.0 126
2.249575431371282 1.0 0.0 1.0 131
2.2325856127494346 1.0 0.0 1.0 133
1.5684576900885812 1.0 4.0 1.0 134
2.4557807007640022 1.0 0.0 1.0 135
2.606095199764887 1.0 0.0 1.0 137
1.1128754590503973 1.0 4.0 1.0 139
2.7396731270320283 1.0 0.0 1.0 140
1.0151236411721272 1.0 4.0 1.0 141
2.98779148205584 1.0 0.0 1.0 142
4.0 0.13411655954002966 4.0 0.0 143
0.7837559778356106 1.0 4.0 1.0 145
0.0 0.24822027038078345 0.0 0.0 146
3.3789546022328296 1.0 0.0 1.0 147
3.516611669220472 1.0 0.0 1.0 148
4.4993971409006726 1.0 5.0 1.0 149
0.3731380780117707 1.0 4.0 1.0 150
3.492119651517248 1.0 0.0 1.0 151
0.2513953087194834 1.0 4.0 1.0 152
4.0 1.1229039559657703 4.0 2.0 153
3.7491161958340635 1.0 0.0 1.0 154
3.739471970297484 1.0 0.0 1.0 155
0.1257425101657123 1.0 4.0 1.0 156
0.0 1.0 0.0 2.0 157
4.0 1.0 4.0 0.0 158
4.0 0.8903683055078844 4.0 1.0 159
4.118181371845002 1.0 4.0 1.0 160
0.0 0.7350472343247277 0.0 1.0 161
4.0 1.2439684358430032 4.0 1.0 162
0.0 0.5256491890176386 0.0 1.0 163
0.0 1.5123329866690858 0.0 1.0 164
4.0 0.4991648788861813 4.0 1.0 165
4.0 1.4995103502365614 4.0 1.0 166
4.486273776651728 1.0 4.0 1.0 167
0.0 0.2494975322686638 0.0 1.0 168
4.0 1.7649994876376094 4.0 1.0 169
4.0 0.12653006096310138 4.0 1.0 170
4.873645351214872 1.0 4.0 1.0 171
*** t = 95
1.877079778987406 1.0 4.0 1.0 11
1.650319772582455 1.0 4.0 1.0 15
1.6963313902162491 1.0 4.0 1.0 18
2.5687906835122982 1.0 0.0 1.0 23
4.609455594414494 1.0 5.0 1.0 25
4.0 1.615227886616122 4.0 2.0 26
3.505553604129666 1.0 0.0 1.0 28
3.366298050363946 1.0 0.0 1.0 30
0.0 0.6213243429667484 0.0 0.0 33
0.0 1.0 4.0 1.0 34
3.480692318044092 1.0 0.0 1.0 37
0.8636424530621767 1.0 0.0 1.0 45
1.137298919454836 1.0 0.0 1.0 51
0.6422368260239883 1.0 0.0 1.0 52
3.1484989934272702 1.0 4.0 1.0 55
2.5917289314063074 1.0 4.0 1.0 57
2.0894311910022703 1.0 4.0 1.0 66
2.4102446729827025 1.0 0.0 1.0 71
2.634230610349867 1.0 0.0 1.0 74
2.5863258929283095 1.0 0.0 1.0 78
3.0026623253945672 1.0 0.0 1.0 80
0.24356940811293712 1.0 4.0 1.0 92
0.0 1.5005637441465103 0.0 2.0 93
0.0 1.0 4.0 1.0 95
4.0 1.125216482782608 4.0 2.0 96
0.12545553236168078 1.0 4.0 1.0 97
0.0 0.8737696987633161 0.0 0.0 99
0.13318727671138408 1.0 0.0 1.0 104
3.4331398021048516 1.0 4.0 1.0 105
3.236661372794812 1.0 4.0 1.0 107
0.7685882407061622 1.0 0.0 1.0 109
0.759806381472834 1.0 0.0 1.0 110
0.5953059942678314 1.0 0.0 1.0 111
1.0246466339219236 1.0 0.0 1.0 113
0.9752750721939715 1.0 0.0 1.0 114
2.9363439556758766 1.0 4.0 1.0 116
2.6005140116121668 1.0 4.0 1.0 118
2.635231514325585 1.0 4.0 1.0 119
1.5383316786032672 1.0 0.0 1.0 120
1.6137798974304518 1.0 0.0 1.0 121
1.3558790123537392 1.0 0.0 1.0 122
1.5742962035825054 1.0 0.0 1.0 124
1.725646674097778 1.0 0.0 1.0 126
2.124545105040659 1.0 0.0 1.0 131
2.1063417279458228 1.0 0.0 1.0 133
1.699162497595963 1.0 4.0 1.0 134
2.3270957591610024 1.0 0.0 1.0 135
2.479376581561695 1.0 0.0 1.0 137
1.2365282878337749 1.0 4.0 1.0 139
2.613640439735231 1.0 0.0 1.0 140
1.1420140963186431 1.0 4.0 1.0 141
2.8612654173128202 1.0 0.0 1.0 142
4.0 0.010418925188605307 4.0 0.0 143
0.9143819741415457 1.0 4.0 1.0 145
0.0 0.12292364877758072 0.0 0.0 146
3.2547455226793955 1.0 0.0 1.0 147
3.39576458652559 1.0 0.0 1.0 148
4.624246426125841 1.0 5.0 1.0 149
0.49751743734902754 1.0 4.0 1.0 150
3.36514956439656 1.0 0.0 1.0 151
0.37709296307922513 1.0 4.0 1.0 152
4.0 1.2458079119315406 4.0 2.0 153
3.6236742937510953 1.0 0.0 1.0 154
3.609207955446226 1.0 0.0 1.0 155
0.2514850203314246 1.0 4.0 1.0 156
0.0 1.1256511512859886 0.0 2.0 157
4.0 0.8725137401275275 4.0 0.0 158
4.0 1.0 4.0 0.0 159
4.0 1.0 4.0 0.0 160
0.0 0.8575551067121824 0.0 1.0 161
4.0 1.1179631751501704 4.0 1.0 162
0.0 0.6570614862720482 0.0 1.0 163
0.0 1.3904162333363572 0.0 1.0 164
4.0 0.6239560986077266 4.0 1.0 165
4.0 1.3743879377957018 4.0 1.0 166
4.3578422208146605 1.0 4.0 1.0 167
0.0 0.3742462984029957 0.0 1.0 168
4.0 1.647499231456414 4.0 1.0 169
4.0 0.25306012192620275 4.0 1.0 170
4.747290702429744 1.0 4.0 1.0 171
0.0 0.12814255345943054 0.0 1.0 172
4.0 1.8732889913778012 4.0 1.0 173
*** t = 96
2.0022184309199 1.0 4.0 1.0 11
1.77726744739649 1.0 4.0 1.0 15
1.8268184202328837 1.0 4.0 1.0 18
2.43868074564978 1.0 0.0 1.0 23
4.731346713297393 1.0 5.0 1.0 25
4.0 1.7382734639393465 4.0 2.0 26
3.3819420051620828 1.0 0.0 1.0 28
3.239557660436735 1.0 0.0 1.0 30
0.0 0.4950991239556646 0.0 0.0 33
0.12189566240594196 1.0 4.0 1.0 34
3.350865397555115 1.0 0.0 1.0 37
0.7430133166414912 1.0 0.0 1.0 45
1.0128336550833072 1.0 0.0 1.0 51
0.5130920885633725 1.0 0.0 1.0 52
3.274438953164361 1.0 4.0 1.0 55
2.715144594806608 1.0 4.0 1.0 57
2.212338908120051 1.0 4.0 1.0 66
2.2879558016736796 1.0 0.0 1.0 71
2.5100697567453096 1.0 0.0 1.0 74
2.4578100650127013 1.0 0.0 1.0 78
2.877995116068888 1.0 0.0 1.0 80
0.36535411216940566 1.0 4.0 1.0 92
0.0 1.6257046801831379 0.0 2.0 93
0.1205894974887399 1.0 4.0 1.0 95
4.0 1.2504329655652162 4.0 2.0 96
0.25091106472336155 1.0 4.0 1.0 97
0.0 0.7475393975266322 0.0 0.0 99
0.004293519268430135 1.0 0.0 1.0 104
3.5557519378943105 1.0 4.0 1.0 105
3.3611483486715357 1.0 4.0 1.0 107
0.6443031730410146 1.0 0.0 1.0 109
0.6351835499910199 1.0 0.0 1.0 110
0.46920621627775105 1.0 0.0 1.0 111
0.9006735770020036 1.0 0.0 1.0 113
0.8492448668687202 1.0 0.0 1.0 114
3.0640110841835235 1.0 4.0 1.0 116
2.724348012165127 1.0 4.0 1.0 118
2.76071872929347 1.0 4.0 1.0 119
1.4152482625334306 1.0 0.0 1.0 120
1.4944688923019742 1.0 0.0 1.0 121
1.2299684891324887 1.0 0.0 1.0 122
1.446627582718427 1.0 0.0 1.0 124
1.5992937115476544 1.0 0.0 1.0 126
1.9995147787100365 1.0 0.0 1.0 131
1.9800978431422107 1.0 0.0 1.0 133
1.8298673051033447 1.0 4.0 1.0 134
2.1984108175580026 1.0 0.0 1.0 135
2.352657963358503 1.0 0.0 1.0 137
1.3601811166171525 1.0 4.0 1.0 139
2.487607752438434 1.0 0.0 1.0 140
1.2689045514651591 1.0 4.0 1.0 141
2.7347393525698003 1.0 0.0 1.0 142
1.0450079704474808 1.0 4.0 1.0 145
3.1305364431259615 1.0 0.0 1.0 147
3.274917503830708 1.0 0.0 1.0 148
4.749095711351009 1.0 5.0 1.0 149
0.6218967966862844 1.0 4.0 1.0 150
3.238179477275872 1.0 0.0 1.0 151
0.5027906174389668 1.0 4.0 1.0 152
4.0 1.368711867897311 4.0 2.0 153
3.498232391668127 1.0 0.0 1.0 154
3.4789439405949683 1.0 0.0 1.0 155
0.3772275304971369 1.0 4.0 1.0 156
0.0 1.2513023025719772 0.0 2.0 157
4.0 0.7450274802550549 4.0 0.0 158
4.0 0.872804527784588 4.0 0.0 159
4.0 0.8740259102635712 4.0 0.0 160
0.0 0.980062979099637 0.0 1.0 161
4.0 1.0 4.0 0.0 162
0.0 0.7884737835264578 0.0 1.0 163
0.0 1.2684994800036287 0.0 1.0 164
4.0 0.7487473183292719 4.0 1.0 165
4.0 1.2492655253548421 4.0 1.0 166
4.229410664977593 1.0 4.0 1.0 167
0.0 0.4989950645373276 0.0 1.0 168
4.0 1.5299989752752188 4.0 1.0 169
4.0 0.37959018288930413 4.0 1.0 170
4.620936053644616 1.0 4.0 1.0 171
0.0 0.2562851069188611 0.0 1.0 172
4.0 1.7465779827556025 4.0 1.0 173
0.0 1.8729386419266554 0.0 1.0 174
*** t = 97
2.1273570828523933 1.0 4.0 1.0 11
1.904215122210525 1.0 4.0 1.0 15
1.9573054502495182 1.0 4.0 1.0 18
2.3085708077872615 1.0 0.0 1.0 23
4.853237832180292 1.0 5.0 1.0 25
4.0 1.8613190412625709 4.0 2.0 26
3.2583304061944993 1.0 0.0 1.0 28
3.1128172705095243 1.0 0.0 1.0 30
0.0 0.3688739049445807 0.0 0.0 33
0.24379132481188392 1.0 4.0 1.0 34
3.2210384770661378 1.0 0.0 1.0 37
0.6223841802208057 1.0 0.0 1.0 45
0.8883683907117784 1.0 0.0 1.0 51
0.3839473511027567 1.0 0.0 1.0 52
3.400378912901452 1.0 4.0 1.0 55
2.8385602582069085 1.0 4.0 1.0 57
2.335246625237832 1.0 4.0 1.0 66
2.1656669303646567 1.0 0.0 1.0 71
2.385908903140752 1.0 0.0 1.0 74
2.329294237097093 1.0 0.0 1.0 78
2.753327906743209 1.0 0.0 1.0 80
0.48713881622587424 1.0 4.0 1.0 92
0.0 1.7508456162197654 0.0 2.0 93
0.2411789949774798 1.0 4.0 1.0 95
4.0 1.3756494483478243 4.0 2.0 96
0.37636659708504233 1.0 4.0 1.0 97
0.0 0.6213090962899483 0.0 0.0 99
0.0 1.0 4.0 1.0 104
3.6783640736837695 1.0 4.0 1.0 105
3.485635324548259 1.0 4.0 1.0 107
0.520018105375867 1.0 0.0 1.0 109
0.5105607185092058 1.0 0.0 1.0 110
0.34310643828767073 1.0 0.0 1.0 111
0.7767005200820836 1.0 0.0 1.0 113
0.723214661543469 1.0 0.0 1.0 114
3.1916782126911705 1.0 4.0 1.0 116
2.8481820127180875 1.0 4.0 1.0 118
2.886205944261355 1.0 4.0 1.0 119
1.292164846463594 1.0 0.0 1.0 120
1.3751578871734966 1.0 0.0 1.0 121
1.1040579659112382 1.0 0.0 1.0 122
1.3189589618543485 1.0 0.0 1.0 124
1.4729407489975308 1.0 0.0 1.0 126
1.8744844523794137 1.0 0.0 1.0 131
1.8538539583385987 1.0 0.0 1.0 133
1.9605721126107265 1.0 4.0 1.0 134
2.069725875955003 1.0 0.0 1.0 135
2.225939345155311 1.0 0.0 1.0 137
1.48383394540053 1.0 4.0 1.0 139
2.3615750651416367 1.0 0.0 1.0 140
1.395795006611675 1.0 4.0 1.0 141
2.6082132878267803 1.0 0.0 1.0 142
1.175633966753416 1.0 4.0 1.0 145
3.0063273635725274 1.0 0.0 1.0 147
3.154070421135826 1.0 0.0 1.0 148
4.873944996576177 1.0 5.0 1.0 149
0.7462761560235412 1.0 4.0 1.0 150
3.111209390155184 1.0 0.0 1.0 151
0.6284882717987085 1.0 4.0 1.0 152
4.0 1.4916158238630812 4.0 2.0 153
3.372790489585159 1.0 0.0 1.0 154
3.3486799257437103 1.0 0.0 1.0 155
0.5029700406628492 1.0 4.0 1.0 156
0.0 1.3769534538579657 0.0 2.0 157
4.0 0.6175412203825824 4.0 0.0 158
4.0 0.7456090555691759 4.0 0.0 159
4.0 0.7480518205271425 4.0 0.0 160
0.0 1.0 0.0 0.0 161
4.0 0.8739947393071672 4.0 0.0 162
0.0 0.9198860807808674 0.0 1.0 163
0.0 1.1465827266709 0.0 1.0 164
4.0 0.8735385380508172 4.0 1.0 165
4.0 1.1241431129139825 4.0 1.0 166
4.100979109140525 1.0 4.0 1.0 167
0.0 0.6237438306716595 0.0 1.0 168
4.0 1.4124987190940235 4.0 1.0 169
4.0 0.5061202438524055 4.0 1.0 170
4.494581404859488 1.0 4.0 1.0 171
0.0 0.3844276603782916 0.0 1.0 172
4.0 1.6198669741334037 4.0 1.0 173
0.0 1.7458772838533108 0.0 1.0 174
0.0 0.12400581762887469 0.0 1.0 175
4.0 0.12805448422863278 4.0 1.0 176
4.0 1.8749720202882152 4.0 1.0 177
4.878337219897889 1.0 4.0 1.0 178
*** t = 98
2.252495734784887 1.0 4.0 1.0 11
2.03116279702456 1.0 4.0 1.0 15
2.087792480266153 1.0 4.0 1.0 18
2.178460869924743 1.0 0.0 1.0 23
4.975128951063191 1.0 5.0 1.0 25
4.0 1.9843646185857953 4.0 2.0 26
3.134718807226916 1.0 0.0 1.0 28
2.9860768805823135 1.0 0.0 1.0 30
0.0 0.2426486859334969 0.0 0.0 33
0.3656869872178259 1.0 4.0 1.0 34
3.0912115565771607 1.0 0.0 1.0 37
0.5017550438001201 1.0 0.0 1.0 45
0.7639031263402496 1.0 0.0 1.0 51
0.25480261364214085 1.0 0.0 1.0 52
3.526318872638543 1.0 4.0 1.0 55
2.961975921607209 1.0 4.0 1.0 57
2.4581543423556127 1.0 4.0 1.0 66
2.043378059055634 1.0 0.0 1.0 71
2.2617480495361946 1.0 0.0 1.0 74
2.200778409181485 1.0 0.0 1.0 78
2.62866069741753 1.0 0.0 1.0 80
0.6089235202823428 1.0 4.0 1.0 92
0.0 1.875986552256393 0.0 2.0 93
0.36176849246621967 1.0 4.0 1.0 95
4.0 1.5008659311304324 4.0 2.0 96
0.5018221294467231 1.0 4.0 1.0 97
0.0 0.4950787950532644 0.0 0.0 99
0.12889375744295395 1.0 4.0 1.0 104
3.8009762094732285 1.0 4.0 1.0 105
3.6101223004249827 1.0 4.0 1.0 107
0.39573303771071944 1.0 0.0 1.0 109
0.3859378870273918 1.0 0.0 1.0 110
0.21700666029759044 1.0 0.0 1.0 111
0.6527274631621636 1.0 0.0 1.0 113
0.5971844562182178 1.0 0.0 1.0 114
3.3193453411988174 1.0 4.0 1.0 116
2.972016013271048 1.0 4.0 1.0 118
3.0116931592292397 1.0 4.0 1.0 119
1.1690814303937573 1.0 0.0 1.0 120
1.255846882045019 1.0 0.0 1.0 121
0.9781474426899877 1.0 0.0 1.0 122
1.19129034099027 1.0 0.0 1.0 124
1.3465877864474072 1.0 0.0 1.0 126
1.749454126048791 1.0 0.0 1.0 131
1.7276100735349866 1.0 0.0 1.0 133
2.091276920118108 1.0 4.0 1.0 134
1.9410409343520032 1.0 0.0 1.0 135
2.099220726952119 1.0 0.0 1.0 137
1.6074867741839076 1.0 4.0 1.0 139
2.2355423778448396 1.0 0.0 1.0 140
1.522685461758191 1.0 4.0 1.0 141
2.4816872230837603 1.0 0.0 1.0 142
1.306259963059351 1.0 4.0 1.0 145
2.8821182840190933 1.0 0.0 1.0 147
3.033223338440944 1.0 0.0 1.0 148
4.998794281801345 1.0 5.0 1.0 149
0.8706555153607981 1.0 4.0 1.0 150
2.984239303034496 1.0 0.0 1.0 151
0.7541859261584501 1.0 4.0 1.0 152
4.0 1.6145197798288515 4.0 2.0 153
3.2473485875021906 1.0 0.0 1.0 154
3.2184159108924524 1.0 0.0 1.0 155
0.6287125508285616 1.0 4.0 1.0 156
0.0 1.5026046051439543 0.0 2.0 157
4.0 0.4900549605101099 4.0 0.0 158
4.0 0.6184135833537638 4.0 0.0 159
4.0 0.6220777307907137 4.0 0.0 160
0.0 0.8774921276125454 0.0 0.0 161
4.0 0.7479894786143344 4.0 0.0 162
0.0 1.0 4.0 1.0 163
0.0 1.0246659733381716 0.0 1.0 164
4.0 0.9983297577723624 4.0 1.0 165
4.0 1.0 0.0 1.0 166
4.0 1.0 0.0 1.0 167
0.0 0.7484925968059915 0.0 1.0 168
4.0 1.2949984629128282 4.0 1.0 169
4.0 0.6326503048155069 4.0 1.0 170
4.36822675607436 1.0 4.0 1.0 171
0.0 0.5125702138377222 0.0 1.0 172
4.0 1.493155965511205 4.0 1.0 173
0.0 1.6188159257799661 0.0 1.0 174
0.0 0.24801163525774939 0.0 1.0 175
4.0 0.25610896845726555 4.0 1.0 176
4.0 1.7499440405764304 4.0 1.0 177
4.756674439795779 1.0 4.0 1.0 178
*** t = 99
2.3776343867173804 1.0 4.0 1.0 11
2.1581104718385946 1.0 4.0 1.0 15
2.2182795102827875 1.0 4.0 1.0 18
2.048350932062225 1.0 0.0 1.0 23
3.0111072082593324 1.0 0.0 1.0 28
2.8593364906551026 1.0 0.0 1.0 30
0.0 0.11642346692241307 0.0 0.0 33
0.48758264962376785 1.0 4.0 1.0 34
2.9613846360881837 1.0 0.0 1.0 37
0.38112590737943464 1.0 0.0 1.0 45
0.6394378619687208 1.0 0.0 1.0 51
0.125657876181525 1.0 0.0 1.0 52
3.652258832375634 1.0 4.0 1.0 55
3.0853915850075095 1.0 4.0 1.0 57
2.5810620594733935 1.0 4.0 1.0 66
1.921089187746611 1.0 0.0 1.0 71
2.137587195931637 1.0 0.0 1.0 74
2.0722625812658766 1.0 0.0 1.0 78
2.503993488091851 1.0 0.0 1.0 80
0.7307082243388113 1.0 4.0 1.0 92
0.4823579899549596 1.0 4.0 1.0 95
4.0 1.6260824139130405 4.0 2.0 96
0.6272776618084039 1.0 4.0 1.0 97
0.0 0.36884849381658047 0.0 0.0 99
0.2577875148859079 1.0 4.0 1.0 104
3.9235883452626874 1.0 4.0 1.0 105
3.7346092763017062 1.0 4.0 1.0 107
0.27144797004557186 1.0 0.0 1.0 109
0.26131505554557777 1.0 0.0 1.0 110
0.09090688230751015 1.0 0.0 1.0 111
0.5287544062422436 1.0 0.0 1.0 113
0.4711542508929666 1.0 0.0 1.0 114
3.4470124697064644 1.0 4.0 1.0 116
3.095850013824008 1.0 4.0 1.0 118
3.1371803741971247 1.0 4.0 1.0 119
1.0459980143239207 1.0 0.0 1.0 120
1.1365358769165415 1.0 0.0 1.0 121
0.8522369194687371 1.0 0.0 1.0 122
1.0636217201261915 1.0 0.0 1.0 124
1.2202348238972835 1.0 0.0 1.0 126
1.6244237997181683 1.0 0.0 1.0 131
1.6013661887313746 1.0 0.0 1.0 133
2.2219817276254896 1.0 4.0 1.0 134
1.8123559927490036 1.0 0.0 1.0 135
1.9725021087489267 1.0 0.0 1.0 137
1.7311396029672852 1.0 4.0 1.0 139
2.1095096905480424 1.0 0.0 1.0 140
1.649575916904707 1.0 4.0 1.0 141
2.3551611583407404 1.0 0.0 1.0 142
1.436885959365286 1.0 4.0 1.0 145
2.7579092044656592 1.0 0.0 1.0 147
2.912376255746062 1.0 0.0 1.0 148
0.995034874698055 1.0 4.0 1.0 150
2.857269215913808 1.0 0.0 1.0 151
0.8798835805181918 1.0 4.0 1.0 152
4.0 1.7374237357946218 4.0 2.0 153
3.1219066854192223 1.0 0.0 1.0 154
3.0881518960411944 1.0 0.0 1.0 155
0.754455060994274 1.0 4.0 1.0 156
0.0 1.628255756429943 0.0 2.0 157
4.0 0.36256870063763735 4.0 0.0 158
4.0 0.4912181111383518 4.0 0.0 159
4.0 0.49610364105428495 4.0 0.0 160
0.0 0.7549842552250907 0.0 0.0 161
4.0 0.6219842179215016 4.0 0.0 162
0.13141229725440964 1.0 4.0 1.0 163
0.0 1.0 0.0 0.0 164
4.0 1.0 0.0 1.0 165
3.8748775875591406 1.0 0.0 1.0 166
3.8715684441629326 1.0 0.0 1.0 167
0.0 0.8732413629403234 0.0 1.0 168
4.0 1.1774982067316329 4.0 1.0 169
4.0 0.7591803657786083 4.0 1.0 170
4.2418721072892325 1.0 4.0 1.0 171
0.0 0.6407127672971527 0.0 1.0 172
4.0 1.3664449568890062 4.0 1.0 173
0.0 1.4917545677066215 0.0 1.0 174
0.0 0.3720174528866241 0.0 1.0 175
4.0 0.38416345268589835 4.0 1.0 176
4.0 1.6249160608646456 4.0 1.0 177
4.635011659693668 1.0 4.0 1.0 178
0.0 0.12731437819480074 0.0 1.0 179
4.0 1.8797093891570849 4.0 1.0 180
*** t = 100
2.502773038649874 1.0 4.0 1.0 11
2.2850581466526294 1.0 4.0 1.0 15
2.348766540299422 1.0 4.0 1.0 18
1.9182409941997063 1.0 0.0 1.0 23
2.887495609291749 1.0 0.0 1.0 28
2.732596100727892 1.0 0.0 1.0 30
0.6094783120297098 1.0 4.0 1.0 34
2.8315577155992067 1.0 0.0 1.0 37
0.2604967709587491 1.0 0.0 1.0 45
0.5149725975971919 1.0 0.0 1.0 51
0.0 1.0 0.0 0.0 52
3.778198792112725 1.0 4.0 1.0 55
3.20880724840781 1.0 4.0 1.0 57
2.7039697765911743 1.0 4.0 1.0 66
1.798800316437588 1.0 0.0 1.0 71
2.0134263423270795 1.0 0.0 1.0 74
1.9437467533502681 1.0 0.0 1.0 78
2.3793262787661718 1.0 0.0 1.0 80
0.8524929283952799 1.0 4.0 1.0 92
0.6029474874436995 1.0 4.0 1.0 95
4.0 1.7512988966956486 4.0 2.0 96
0.7527331941700848 1.0 4.0 1.0 97
0.0 0.24261819257989653 0.0 0.0 99
0.38668127232886185 1.0 4.0 1.0 104
4.0 1.0 4.0 2.0 105
3.8590962521784298 1.0 4.0 1.0 107
0.1471629023804243 1.0 0.0 1.0 109
0.13669222406376375 1.0 0.0 1.0 110
0.0 1.0 4.0 1.0 111
0.40478134932232357 1.0 0.0 1.0 113
0.34512404556771537 1.0 0.0 1.0 114
3.5746795982141113 1.0 4.0 1.0 116
3.2196840143769685 1.0 4.0 1.0 118
3.2626675891650097 1.0 4.0 1.0 119
0.9229145982540842 1.0 0.0 1.0 120
1.0172248717880639 1.0 0.0 1.0 121
0.7263263962474866 1.0 0.0 1.0 122
0.935953099262113 1.0 0.0 1.0 124
1.09388186134716 1.0 0.0 1.0 126
1.4993934733875456 1.0 0.0 1.0 131
1.4751223039277626 1.0 0.0 1.0 133
2.352686535132871 1.0 4.0 1.0 134
1.683671051146004 1.0 0.0 1.0 135
1.8457834905457347 1.0 0.0 1.0 137
1.8547924317506628 1.0 4.0 1.0 139
1.983477003251245 1.0 0.0 1.0 140
1.776466372051223 1.0 4.0 1.0 141
2.2286350935977204 1.0 0.0 1.0 142
1.5675119556712211 1.0 4.0 1.0 145
2.633700124912225 1.0 0.0 1.0 147
2.79152917305118 1.0 0.0 1.0 148
1.119414234035312 1.0 4.0 1.0 150
2.7302991287931198 1.0 0.0 1.0 151
1.0055812348779336 1.0 4.0 1.0 152
4.0 1.8603276917603921 4.0 2.0 153
2.996464783336254 1.0 0.0 1.0 154
2.9578878811899365 1.0 0.0 1.0 155
0.8801975711599863 1.0 4.0 1.0 156
0.0 1.7539069077159315 0.0 2.0 157
4.0 0.23508244076516482 4.0 0.0 158
4.0 0.36402263892293973 4.0 0.0 159
4.0 0.3701295513178562 4.0 0.0 160
0.0 0.6324763828376361 0.0 0.0 161
4.0 0.4959789572286688 4.0 0.0 162
0.2628245945088193 1.0 4.0 1.0 163
0.0 0.8780832466672714 0.0 0.0 164
3.8752087802784545 1.0 0.0 1.0 165
3.749755175118281 1.0 0.0 1.0 166
3.743136888325865 1.0 0.0 1.0 167
0.0 0.9979901290746553 0.0 1.0 168
4.0 1.0599979505504376 4.0 1.0 169
4.0 0.8857104267417096 4.0 1.0 170
4.1155174585041046 1.0 4.0 1.0 171
0.0 0.7688553207565831 0.0 1.0 172
4.0 1.2397339482668075 4.0 1.0 173
0.0 1.364693209633277 0.0 1.0 174
0.0 0.49602327051549877 0.0 1.0 175
4.0 0.5122179369145311 4.0 1.0 176
4.0 1.4998880811528608 4.0 1.0 177
4.5133488795915575 1.0 4.0 1.0 178
0.0 0.2546287563896015 0.0 1.0 179
4.0 1.7594187783141697 4.0 1.0 180
4.0 0.12422228004270083 4.0 1.0 181
4.870989282152054 1.0 4.0 1.0 182
