*** t = 0
*** t = 1
*** t = 2
0.0 1.873321933356046 0.0 1.0 0
*** t = 3
0.0 1.746643866712092 0.0 1.0 0
0.0 0.1173558316526359 0.0 1.0 1
0.0 1.875963179219208 0.0 1.0 2
1.0 1.8786961326639282 1.0 1.0 3
*** t = 4
0.0 1.619965800068138 0.0 1.0 0
0.0 0.2347116633052718 0.0 1.0 1
0.0 1.751926358438416 0.0 1.0 2
1.0 1.7573922653278564 1.0 1.0 3
-0.8737170279940965 1.0 0.0 1.0 4
0.0 1.8750868061886947 0.0 1.0 5
1.0 0.12543338050866956 1.0 1.0 6
1.8709670996765624 1.0 1.0 1.0 7
*** t = 5
0.0 1.493287733424184 0.0 1.0 0
0.0 0.3520674949579077 0.0 1.0 1
0.0 1.627889537657624 0.0 1.0 2
1.0 1.6360883979917846 1.0 1.0 3
-0.7474340559881929 1.0 0.0 1.0 4
0.0 1.7501736123773894 0.0 1.0 5
1.0 0.2508667610173391 1.0 1.0 6
1.7419341993531248 1.0 1.0 1.0 7
0.0 0.121931847984756 0.0 1.0 8
0.0 1.8760868264979764 0.0 1.0 9
1.0 1.873744734089939 1.0 1.0 10
*** t = 6
0.0 1.36660966678023 0.0 1.0 0
0.0 0.4694233266105436 0.0 1.0 1
0.0 1.5038527168768319 0.0 1.0 2
1.0 1.5147845306557128 1.0 1.0 3
-0.6211510839822894 1.0 0.0 1.0 4
0.0 1.6252604185660842 0.0 1.0 5
1.0 0.37630014152600866 1.0 1.0 6
1.6129012990296872 1.0 1.0 1.0 7
0.0 0.243863695969512 0.0 1.0 8
0.0 1.7521736529959528 0.0 1.0 9
1.0 1.7474894681798778 1.0 1.0 10
0.0 1.8734283118155128 0.0 1.0 11
*** t = 7
0.0 1.2399316001362761 0.0 1.0 0
0.0 0.5867791582631795 0.0 1.0 1
0.0 1.3798158960960398 0.0 1.0 2
1.0 1.393480663319641 1.0 1.0 3
-0.4948681119763858 1.0 0.0 1.0 4
0.0 1.5003472247547789 0.0 1.0 5
1.0 0.5017335220346782 1.0 1.0 6
1.4838683987062495 1.0 1.0 1.0 7
0.0 0.365795543954268 0.0 1.0 8
0.0 1.6282604794939293 0.0 1.0 9
1.0 1.6212342022698167 1.0 1.0 10
0.0 1.7468566236310257 0.0 1.0 11
0.0 0.12778140840363744 0.0 1.0 12
-0.8782885445846152 1.0 0.0 1.0 13
0.0 1.8776799214057087 0.0 1.0 14
1.0 1.8724728917720814 1.0 1.0 15
1.0 0.1259104260968663 1.0 1.0 16
1.8752009032550492 1.0 1.0 1.0 17
*** t = 8
0.0 1.1132535334923221 0.0 1.0 0
0.0 0.7041349899158154 0.0 1.0 1
0.0 1.2557790753152478 0.0 1.0 2
1.0 1.2721767959835693 1.0 1.0 3
-0.36858513997048226 1.0 0.0 1.0 4
0.0 1.3754340309434736 0.0 1.0 5
1.0 0.6271669025433478 1.0 1.0 6
1.354835498382812 1.0 1.0 1.0 7
0.0 0.487727391939024 0.0 1.0 8
0.0 1.5043473059919057 0.0 1.0 9
1.0 1.4949789363597557 1.0 1.0 10
0.0 1.6202849354465385 0.0 1.0 11
0.0 0.2555628168072749 0.0 1.0 12
-0.7565770891692305 1.0 0.0 1.0 13
0.0 1.7553598428114174 0.0 1.0 14
1.0 1.7449457835441629 1.0 1.0 15
1.0 0.2518208521937326 1.0 1.0 16
1.7504018065100984 1.0 1.0 1.0 17
0.0 1.8710450605246542 0.0 1.0 18
*** t = 9
0.0 1.0 -1.0 1.0 0
0.0 0.8214908215684512 0.0 1.0 1
0.0 1.1317422545344558 0.0 1.0 2
1.0 1.1508729286474975 1.0 1.0 3
-0.24230216796457874 1.0 0.0 1.0 4
0.0 1.2505208371321683 0.0 1.0 5
1.0 0.7526002830520174 1.0 1.0 6
1.2258025980593743 1.0 1.0 1.0 7
0.0 0.60965923992378 0.0 1.0 8
0.0 1.3804341324898821 0.0 1.0 9
1.0 1.3687236704496946 1.0 1.0 10
0.0 1.4937132472620513 0.0 1.0 11
0.0 0.3833442252109123 0.0 1.0 12
-0.6348656337538457 1.0 0.0 1.0 13
0.0 1.6330397642171262 0.0 1.0 14
1.0 1.6174186753162443 1.0 1.0 15
1.0 0.37773127829059894 1.0 1.0 16
1.6256027097651475 1.0 1.0 1.0 17
0.0 1.7420901210493085 0.0 1.0 18
0.0 0.12706815231507426 0.0 1.0 19
0.0 1.8748835660582255 0.0 1.0 20
1.0 1.8706173925989789 1.0 1.0 21
*** t = 10
-0.12667806664395398 1.0 -1.0 1.0 0
0.0 0.9388466532210871 0.0 1.0 1
0.0 1.0077054337536637 0.0 1.0 2
1.0 1.0295690613114257 1.0 1.0 3
-0.11601919595867521 1.0 0.0 1.0 4
0.0 1.125607643320863 0.0 1.0 5
1.0 0.878033663560687 1.0 1.0 6
1.0967696977359367 1.0 1.0 1.0 7
0.0 0.731591087908536 0.0 1.0 8
0.0 1.2565209589878585 0.0 1.0 9
1.0 1.2424684045396335 1.0 1.0 10
0.0 1.3671415590775642 0.0 1.0 11
0.0 0.5111256336145498 0.0 1.0 12
-0.513154178338461 1.0 0.0 1.0 13
0.0 1.5107196856228349 0.0 1.0 14
1.0 1.4898915670883257 1.0 1.0 15
1.0 0.5036417043874652 1.0 1.0 16
1.5008036130201967 1.0 1.0 1.0 17
0.0 1.6131351815739627 0.0 1.0 18
0.0 0.2541363046301485 0.0 1.0 19
0.0 1.749767132116451 0.0 1.0 20
1.0 1.7412347851979577 1.0 1.0 21
-0.8717796722706487 1.0 0.0 1.0 22
0.0 1.8760737616679954 0.0 1.0 23
1.0 0.12403466505195881 1.0 1.0 24
1.8714884120930901 1.0 1.0 1.0 25
*** t = 11
-0.25335613328790796 1.0 -1.0 1.0 0
0.0 1.0 0.0 0.0 1
0.0 1.0 0.0 0.0 2
1.0 1.0 2.0 1.0 3
0.0 1.0 1.0 1.0 4
0.0 1.0006944495095578 0.0 1.0 5
1.0 1.0 0.0 1.0 6
1.0 1.0 1.0 0.0 7
0.0 0.853522935893292 0.0 1.0 8
0.0 1.132607785485835 0.0 1.0 9
1.0 1.1162131386295724 1.0 1.0 10
0.0 1.240569870893077 0.0 1.0 11
0.0 0.6389070420181873 0.0 1.0 12
-0.3914427229230762 1.0 0.0 1.0 13
0.0 1.3883996070285436 0.0 1.0 14
1.0 1.3623644588604071 1.0 1.0 15
1.0 0.6295521304843316 1.0 1.0 16
1.376004516275246 1.0 1.0 1.0 17
0.0 1.484180242098617 0.0 1.0 18
0.0 0.38120445694522276 0.0 1.0 19
0.0 1.6246506981746764 0.0 1.0 20
1.0 1.6118521777969366 1.0 1.0 21
-0.7435593445412974 1.0 0.0 1.0 22
0.0 1.7521475233359909 0.0 1.0 23
1.0 0.24806933010391763 1.0 1.0 24
1.7429768241861803 1.0 1.0 1.0 25
0.0 0.1277297868186439 0.0 1.0 26
0.0 1.8753275388373138 0.0 1.0 27
1.0 1.87412834667536 1.0 1.0 28
*** t = 12
-0.38003419993186194 1.0 -1.0 1.0 0
0.0 0.8826441683473641 0.0 0.0 1
0.0 0.875963179219208 0.0 0.0 2
1.1213038673360718 1.0 2.0 1.0 3
0.12628297200590352 1.0 1.0 1.0 4
0.0 1.0 0.5 1.5 5
0.8745666194913304 1.0 0.0 1.0 6
1.0 0.8709670996765623 1.0 0.0 7
0.0 0.975454783878048 0.0 1.0 8
0.0 1.0086946119838114 0.0 1.0 9
1.0 1.0 0.5 1.5 10
0.0 1.1139981827085899 0.0 1.0 11
0.0 0.7666884504218248 0.0 1.0 12
-0.2697312675076914 1.0 0.0 1.0 13
0.0 1.2660795284342523 0.0 1.0 14
1.0 1.2348373506324886 1.0 1.0 15
1.0 0.7554625565811979 1.0 1.0 16
1.251205419530295 1.0 1.0 1.0 17
0.0 1.3552253026232712 0.0 1.0 18
0.0 0.508272609260297 0.0 1.0 19
0.0 1.499534264232902 0.0 1.0 20
1.0 1.4824695703959154 1.0 1.0 21
-0.615339016811946 1.0 0.0 1.0 22
0.0 1.6282212850039863 0.0 1.0 23
1.0 0.37210399515587644 1.0 1.0 24
1.6144652362792704 1.0 1.0 1.0 25
0.0 0.2554595736372878 0.0 1.0 26
0.0 1.7506550776746277 0.0 1.0 27
1.0 1.74825669335072 1.0 1.0 28
0.0 1.8760801287759126 0.0 1.0 29
*** t = 13
-0.5067122665758159 1.0 -1.0 1.0 0
0.0 0.7652883366947283 0.0 0.0 1
0.0 0.7519263584384159 0.0 0.0 2
1.2426077346721436 1.0 2.0 1.0 3
0.25256594401180704 1.0 1.0 1.0 4
0.1249131938113052 1.1249131938113053 0.5 1.5 5
0.7491332389826608 1.0 0.0 1.0 6
1.0 0.7419341993531245 1.0 0.0 7
0.0 1.0 0.0 0.0 8
0.0 1.0 0.5 1.5 9
0.8737447340899389 1.126255265910061 0.5 1.5 10
0.0 1.0 0.0 0.0 11
0.0 0.8944698588254623 0.0 1.0 12
-0.14801981209230658 1.0 0.0 1.0 13
0.0 1.143759449839961 0.0 1.0 14
1.0 1.10731024240457 1.0 1.0 15
1.0 0.8813729826780642 1.0 1.0 16
1.1264063227853442 1.0 1.0 1.0 17
0.0 1.2262703631479255 0.0 1.0 18
0.0 0.6353407615753713 0.0 1.0 19
0.0 1.3744178302911274 0.0 1.0 20
1.0 1.3530869629948943 1.0 1.0 21
-0.4871186890825947 1.0 0.0 1.0 22
0.0 1.5042950466719818 0.0 1.0 23
1.0 0.49613866020783526 1.0 1.0 24
1.4859536483723605 1.0 1.0 1.0 25
0.0 0.38318936045593166 0.0 1.0 26
0.0 1.6259826165119415 0.0 1.0 27
1.0 1.62238504002608 1.0 1.0 28
0.0 1.7521602575518251 0.0 1.0 29
0.0 0.12529656044401172 0.0 1.0 30
-0.8740824228691876 1.0 0.0 1.0 31
0.0 1.8757355912119802 0.0 1.0 32
1.0 1.8763337997905132 1.0 1.0 33
1.0 0.12262857076200642 1.0 1.0 34
1.8727108675044812 1.0 1.0 1.0 35
*** t = 14
-0.6333903332197699 1.0 -1.0 1.0 0
0.0 0.6479325050420924 0.0 0.0 1
0.0 0.6278895376576239 0.0 0.0 2
1.3639116020082154 1.0 2.0 1.0 3
0.37884891601771054 1.0 1.0 1.0 4
0.2498263876226104 1.2498263876226106 0.5 1.5 5
0.6236998584739912 1.0 0.0 1.0 6
1.0 0.6129012990296868 1.0 0.0 7
0.0 0.878068152015244 0.0 0.0 8
0.12391317350202362 1.1239131735020236 0.5 1.5 9
0.7474894681798778 1.2525105318201222 0.5 1.5 10
0.0 0.8734283118155128 0.0 0.0 11
0.0 1.0 -1.0 1.0 12
-0.026308356676921787 1.0 0.0 1.0 13
0.0 1.0214393712456697 0.0 1.0 14
1.0 1.0 2.0 1.0 15
1.0 1.0 0.0 1.0 16
1.0016072260403934 1.0 1.0 1.0 17
0.0 1.0973154236725797 0.0 1.0 18
0.0 0.7624089138904456 0.0 1.0 19
0.0 1.2493013963493529 0.0 1.0 20
1.0 1.2237043555938731 1.0 1.0 21
-0.3588983613532434 1.0 0.0 1.0 22
0.0 1.3803688083399772 0.0 1.0 23
1.0 0.6201733252597941 1.0 1.0 24
1.3574420604654507 1.0 1.0 1.0 25
0.0 0.5109191472745755 0.0 1.0 26
0.0 1.5013101553492554 0.0 1.0 27
1.0 1.49651338670144 1.0 1.0 28
0.0 1.6282403863277377 0.0 1.0 29
0.0 0.25059312088802344 0.0 1.0 30
-0.7481648457383752 1.0 0.0 1.0 31
0.0 1.7514711824239604 0.0 1.0 32
1.0 1.7526675995810264 1.0 1.0 33
1.0 0.24525714152401284 1.0 1.0 34
1.7454217350089625 1.0 1.0 1.0 35
0.0 1.8762705128270867 0.0 1.0 36
*** t = 15
-0.7600683998637239 1.0 -1.0 1.0 0
0.0 0.5305766733894566 0.0 0.0 1
0.0 0.5038527168768319 0.0 0.0 2
1.4852154693442872 1.0 2.0 1.0 3
0.5051318880236141 1.0 1.0 1.0 4
0.3747395814339156 1.3747395814339158 0.5 1.5 5
0.49826647796532164 1.0 0.0 1.0 6
1.0 0.4838683987062491 1.0 0.0 7
0.0 0.756136304030488 0.0 0.0 8
0.24782634700404724 1.2478263470040472 0.5 1.5 9
0.6212342022698167 1.3787657977301833 0.5 1.5 10
0.0 0.7468566236310257 0.0 0.0 11
-0.12778140840363744 1.0 -1.0 1.0 12
0.0 1.0 0.5 1.5 13
0.0 1.0 0.0 2.0 14
1.1275271082279186 1.0 2.0 1.0 15
0.8740895739031337 1.0 0.0 1.0 16
1.0 1.0 2.0 1.0 17
0.0 1.0 1.0 1.0 18
0.0 0.8894770662055199 0.0 1.0 19
0.0 1.1241849624075784 0.0 1.0 20
1.0 1.094321748192852 1.0 1.0 21
-0.23067803362389203 1.0 0.0 1.0 22
0.0 1.2564425700079727 0.0 1.0 23
1.0 0.7442079903117529 1.0 1.0 24
1.2289304725585408 1.0 1.0 1.0 25
0.0 0.6386489340932194 0.0 1.0 26
0.0 1.3766376941865692 0.0 1.0 27
1.0 1.3706417333768 1.0 1.0 28
0.0 1.5043205151036503 0.0 1.0 29
0.0 0.37588968133203515 0.0 1.0 30
-0.6222472686075627 1.0 0.0 1.0 31
0.0 1.6272067736359406 0.0 1.0 32
1.0 1.6290013993715395 1.0 1.0 33
1.0 0.3678857122860193 1.0 1.0 34
1.6181326025134437 1.0 1.0 1.0 35
0.0 1.7525410256541734 0.0 1.0 36
0.0 0.12271033815920958 0.0 1.0 37
0.0 1.8785050353919657 0.0 1.0 38
1.0 1.8742623881353349 1.0 1.0 39
*** t = 16
-0.8867464665076779 1.0 -1.0 1.0 0
0.0 0.41322084173682067 0.0 0.0 1
0.0 0.37981589609603983 0.0 0.0 2
1.606519336680359 1.0 2.0 1.0 3
0.6314148600295176 1.0 1.0 1.0 4
0.4996527752452208 1.4996527752452211 0.5 1.5 5
0.37283309745665205 1.0 0.0 1.0 6
1.0 0.35483549838281137 1.0 0.0 7
0.0 0.6342044560457321 0.0 0.0 8
0.37173952050607084 1.3717395205060707 0.5 1.5 9
0.5 1.5 0.0 1.0 10
0.0 0.6202849354465385 0.0 0.0 11
-0.2555628168072749 1.0 -1.0 1.0 12
0.12171145541538479 1.1217114554153849 0.5 1.5 13
0.0 1.1223200785942913 0.0 2.0 14
1.2550542164558371 1.0 2.0 1.0 15
0.7481791478062674 1.0 0.0 1.0 16
1.1247990967449508 1.0 2.0 1.0 17
0.12895493947534584 1.0 1.0 1.0 18
0.0 1.0 0.5 1.5 19
0.0 1.0 0.0 2.0 20
1.0 1.0 1.0 0.0 21
-0.10245770589454067 1.0 0.0 1.0 22
0.0 1.132516331675968 0.0 1.0 23
1.0 0.8682426553637117 1.0 1.0 24
1.100418884651631 1.0 1.0 1.0 25
0.0 0.7663787209118633 0.0 1.0 26
0.0 1.251965233023883 0.0 1.0 27
1.0 1.24477008005216 1.0 1.0 28
0.0 1.3804006438795628 0.0 1.0 29
0.0 0.5011862417760469 0.0 1.0 30
-0.4963296914767503 1.0 0.0 1.0 31
0.0 1.5029423648479208 0.0 1.0 32
1.0 1.5053351991620527 1.0 1.0 33
1.0 0.4905142830480257 1.0 1.0 34
1.490843470017925 1.0 1.0 1.0 35
0.0 1.62881153848126 0.0 1.0 36
0.0 0.24542067631841916 0.0 1.0 37
0.0 1.7570100707839313 0.0 1.0 38
1.0 1.7485247762706697 1.0 1.0 39
-0.8791597373036497 1.0 0.0 1.0 40
0.0 1.87491146860686 0.0 1.0 41
1.0 0.120799983799839 1.0 1.0 42
1.878141086970613 1.0 1.0 1.0 43
*** t = 17
0.0 0.29586501008418475 0.0 0.0 1
0.0 0.2557790753152478 0.0 0.0 2
1.7278232040164307 1.0 2.0 1.0 3
0.7576978320354212 1.0 1.0 1.0 4
0.5 1.5 0.0 1.0 5
0.2473997169479825 1.0 0.0 1.0 6
1.0 0.22580259805937367 1.0 0.0 7
0.0 0.5122726080609761 0.0 0.0 8
0.4956526940080945 1.4956526940080943 0.5 1.5 9
0.3737447340899389 1.373744734089939 0.0 1.0 10
0.0 0.49371324726205135 0.0 0.0 11
-0.3833442252109123 1.0 -1.0 1.0 12
0.24342291083076958 1.2434229108307697 0.5 1.5 13
0.0 1.2446401571885826 0.0 2.0 14
1.3825813246837557 1.0 2.0 1.0 15
0.6222687217094011 1.0 0.0 1.0 16
1.2495981934899016 1.0 2.0 1.0 17
0.2579098789506917 1.0 1.0 1.0 18
0.12706815231507426 1.1270681523150743 0.5 1.5 19
0.0 1.1251164339417745 0.0 2.0 20
1.0 0.8706173925989789 1.0 0.0 21
0.0 1.0 0.5 1.5 22
0.0 1.0085900933439635 0.0 1.0 23
1.0 0.9922773204156705 1.0 1.0 24
1.0 1.0 1.0 0.0 25
0.0 0.8941085077305072 0.0 1.0 26
0.0 1.127292771861197 0.0 1.0 27
1.0 1.11889842672752 1.0 1.0 28
0.0 1.2564807726554754 0.0 1.0 29
0.0 0.6264828022200586 0.0 1.0 30
-0.3704121143459379 1.0 0.0 1.0 31
0.0 1.378677956059901 0.0 1.0 32
1.0 1.381668998952566 1.0 1.0 33
1.0 0.6131428538100321 1.0 1.0 34
1.3635543375224062 1.0 1.0 1.0 35
0.0 1.5050820513083467 0.0 1.0 36
0.0 0.36813101447762875 0.0 1.0 37
0.0 1.635515106175897 0.0 1.0 38
1.0 1.6227871644060046 1.0 1.0 39
-0.7583194746072994 1.0 0.0 1.0 40
0.0 1.74982293721372 0.0 1.0 41
1.0 0.241599967599678 1.0 1.0 42
1.756282173941226 1.0 1.0 1.0 43
0.0 0.12572365035430372 0.0 1.0 44
0.0 1.8754068973826845 0.0 1.0 45
1.0 1.8760881709096902 1.0 1.0 46
*** t = 18
0.0 0.17850917843154884 0.0 0.0 1
0.0 0.13174225453445576 0.0 0.0 2
1.8491270713525025 1.0 2.0 1.0 3
0.8839808040413247 1.0 1.0 1.0 4
0.37508680618869483 1.3750868061886947 0.0 1.0 5
0.12196633643931293 1.0 0.0 1.0 6
1.0 0.09676969773593597 1.0 0.0 7
0.0 0.3903407600762201 0.0 0.0 8
0.5 1.5 0.0 1.0 9
0.24748946817987783 1.2474894681798778 0.0 1.0 10
0.0 0.3671415590775642 0.0 0.0 11
-0.5111256336145498 1.0 -1.0 1.0 12
0.36513436624615436 1.3651343662461546 0.5 1.5 13
0.0 1.3669602357828738 0.0 2.0 14
1.5101084329116743 1.0 2.0 1.0 15
0.49635829561253475 1.0 0.0 1.0 16
1.3743972902348525 1.0 2.0 1.0 17
0.3868648184260375 1.0 1.0 1.0 18
0.2541363046301485 1.2541363046301486 0.5 1.5 19
0.0 1.250232867883549 0.0 2.0 20
1.0 0.7412347851979577 1.0 0.0 21
0.12822032772935135 1.1282203277293514 0.5 1.5 22
0.0 1.0 1.0 1.0 23
1.0 1.0 0.0 1.0 24
1.0 0.8714884120930901 1.0 0.0 25
0.0 1.0 1.0 1.0 26
0.0 1.0026203106985108 0.0 1.0 27
1.0 1.0 2.0 1.0 28
0.0 1.132560901431388 0.0 1.0 29
0.0 0.7517793626640703 0.0 1.0 30
-0.24449453721512548 1.0 0.0 1.0 31
0.0 1.2544135472718811 0.0 1.0 32
1.0 1.258002798743079 1.0 1.0 33
1.0 0.7357714245720385 1.0 1.0 34
1.2362652050268874 1.0 1.0 1.0 35
0.0 1.3813525641354334 0.0 1.0 36
0.0 0.4908413526368383 0.0 1.0 37
0.0 1.5140201415678627 0.0 1.0 38
1.0 1.4970495525413394 1.0 1.0 39
-0.6374792119109491 1.0 0.0 1.0 40
0.0 1.62473440582058 0.0 1.0 41
1.0 0.362399951399517 1.0 1.0 42
1.634423260911839 1.0 1.0 1.0 43
0.0 0.25144730070860744 0.0 1.0 44
0.0 1.750813794765369 0.0 1.0 45
1.0 1.7521763418193803 1.0 1.0 46
0.0 1.8724069922519273 0.0 1.0 47
*** t = 19
0.0 0.061153346778912945 0.0 0.0 1
0.0 0.00770543375366374 0.0 0.0 2
1.9704309386885743 1.0 2.0 1.0 3
1.0 1.0 0.0 1.0 4
0.25017361237738966 1.2501736123773894 0.0 1.0 5
0.0 1.0 0.0 2.0 6
0.0 0.2684089120914641 0.0 0.0 8
0.37608682649797637 1.3760868264979764 0.0 1.0 9
0.12123420226981674 1.1212342022698167 0.0 1.0 10
0.0 0.24056987089307705 0.0 0.0 11
-0.6389070420181873 1.0 -1.0 1.0 12
0.48684582166153917 1.4868458216615394 0.5 1.5 13
0.0 1.4892803143771651 0.0 2.0 14
1.6376355411395929 1.0 2.0 1.0 15
0.37044786951566844 1.0 0.0 1.0 16
1.4991963869798033 1.0 2.0 1.0 17
0.5158197579013833 1.0 1.0 1.0 18
0.38120445694522276 1.3812044569452229 0.5 1.5 19
0.0 1.3753493018253236 0.0 2.0 20
1.0 0.6118521777969366 1.0 0.0 21
0.2564406554587027 1.2564406554587029 0.5 1.5 22
0.12392623833200465 1.0 1.0 1.0 23
0.8759653349480412 1.0 0.0 1.0 24
1.0 0.7429768241861803 1.0 0.0 25
0.1277297868186439 1.0 1.0 1.0 26
0.0 1.0 -1.0 1.0 27
1.12587165332464 1.0 2.0 1.0 28
0.0 1.0086410302073006 0.0 1.0 29
0.0 0.877075923108082 0.0 1.0 30
-0.11857696008431307 1.0 0.0 1.0 31
0.0 1.1301491384838613 0.0 1.0 32
1.0 1.1343365985335923 1.0 1.0 33
1.0 0.8583999953340449 1.0 1.0 34
1.1089760725313687 1.0 1.0 1.0 35
0.0 1.25762307696252 0.0 1.0 36
0.0 0.6135516907960479 0.0 1.0 37
0.0 1.3925251769598284 0.0 1.0 38
1.0 1.3713119406766743 1.0 1.0 39
-0.5166389492145989 1.0 0.0 1.0 40
0.0 1.49964587442744 0.0 1.0 41
1.0 0.483199935199356 1.0 1.0 42
1.512564347882452 1.0 1.0 1.0 43
0.0 0.37717095106291115 0.0 1.0 44
0.0 1.6262206921480535 0.0 1.0 45
1.0 1.6282645127290705 1.0 1.0 46
0.0 1.7448139845038546 0.0 1.0 47
0.0 0.12358560723108532 0.0 1.0 48
-0.8775085909356855 1.0 0.0 1.0 49
0.0 1.8731478041497596 0.0 1.0 50
1.0 1.8751337584373777 1.0 1.0 51
1.0 0.12289879239871332 1.0 1.0 52
1.8757055834199319 1.0 1.0 1.0 53
*** t = 20
0.8737170279940965 1.0 0.0 1.0 4
0.12526041856608447 1.1252604185660842 0.0 1.0 5
0.0 1.1254333805086696 0.0 2.0 6
0.0 0.14647706410670813 0.0 0.0 8
0.25217365299595274 1.2521736529959528 0.0 1.0 9
0.0 1.0 0.0 2.0 10
0.0 0.11399818270858991 0.0 0.0 11
-0.7666884504218248 1.0 -1.0 1.0 12
0.5 1.5 0.0 1.0 13
0.0 1.6116003929714564 0.0 2.0 14
1.7651626493675114 1.0 2.0 1.0 15
0.24453744341880213 1.0 0.0 1.0 16
1.623995483724754 1.0 2.0 1.0 17
0.6447746973767292 1.0 1.0 1.0 18
0.5 1.5 1.0 1.0 19
0.0 1.500465735767098 0.0 2.0 20
1.0 0.4824695703959154 1.0 0.0 21
0.3846609831880541 1.3846609831880543 0.5 1.5 22
0.2478524766640093 1.0 1.0 1.0 23
0.7519306698960824 1.0 0.0 1.0 24
1.0 0.6144652362792704 1.0 0.0 25
0.2554595736372878 1.0 1.0 1.0 26
-0.12467246116268627 1.0 -1.0 1.0 27
1.25174330664928 1.0 2.0 1.0 28
0.0 1.0 0.5 1.5 29
0.0 1.0 0.0 0.0 30
0.0 1.0 0.0 0.0 31
0.0 1.0058847296958415 0.0 1.0 32
1.0 1.0106703983241054 1.0 1.0 33
1.0 0.9810285660960513 1.0 1.0 34
1.0 1.0 0.5 1.5 35
0.0 1.1338935897896067 0.0 1.0 36
0.0 0.7362620289552575 0.0 1.0 37
0.0 1.271030212351794 0.0 1.0 38
1.0 1.2455743288120091 1.0 1.0 39
-0.39579868651824857 1.0 0.0 1.0 40
0.0 1.3745573430342999 0.0 1.0 41
1.0 0.603999918999195 1.0 1.0 42
1.390705434853065 1.0 1.0 1.0 43
0.0 0.5028946014172149 0.0 1.0 44
0.0 1.501627589530738 0.0 1.0 45
1.0 1.5043526836387606 1.0 1.0 46
0.0 1.617220976755782 0.0 1.0 47
0.0 0.24717121446217064 0.0 1.0 48
-0.7550171818713709 1.0 0.0 1.0 49
0.0 1.7462956082995191 0.0 1.0 50
1.0 1.7502675168747555 1.0 1.0 51
1.0 0.24579758479742664 1.0 1.0 52
1.7514111668398638 1.0 1.0 1.0 53
0.0 1.8742485159948028 0.0 1.0 54
*** t = 21
0.7474340559881929 1.0 0.0 1.0 4
0.00034722475477927395 1.0003472247547789 0.0 1.0 5
0.0 1.2508667610173392 0.0 2.0 6
0.0 0.024545216121952138 0.0 0.0 8
0.1282604794939291 1.1282604794939293 0.0 1.0 9
0.0 1.126255265910061 0.0 2.0 10
-0.8944698588254623 1.0 -1.0 1.0 12
0.3782885445846152 1.3782885445846151 0.0 1.0 13
0.0 1.7339204715657477 0.0 2.0 14
1.89268975759543 1.0 2.0 1.0 15
0.11862701732193581 1.0 0.0 1.0 16
1.748794580469705 1.0 2.0 1.0 17
0.7737296368520751 1.0 1.0 1.0 18
0.6270681523150743 1.3729318476849257 1.0 1.0 19
0.0 1.6255821697088726 0.0 2.0 20
1.0 0.3530869629948943 1.0 0.0 21
0.5 1.5 0.0 1.0 22
0.37177871499601395 1.0 1.0 1.0 23
0.6278960048441236 1.0 0.0 1.0 24
1.0 0.48595364837236055 1.0 0.0 25
0.38318936045593166 1.0 1.0 1.0 26
-0.24934492232537253 1.0 -1.0 1.0 27
1.37761495997392 1.0 2.0 1.0 28
0.12391987122408735 1.1239198712240874 0.5 1.5 29
0.0 0.8747034395559883 0.0 0.0 30
0.0 0.8740824228691876 0.0 0.0 31
0.0 1.0 -1.0 1.0 32
1.0 1.0 0.5 1.5 33
1.0 1.0 0.0 1.0 34
0.8727108675044811 1.1272891324955188 0.5 1.5 35
0.0 1.0101641026166934 0.0 1.0 36
0.0 0.8589723671144671 0.0 1.0 37
0.0 1.1495352477437597 0.0 1.0 38
1.0 1.119836716947344 1.0 1.0 39
-0.2749584238218983 1.0 0.0 1.0 40
0.0 1.2494688116411599 0.0 1.0 41
1.0 0.7247999027990341 1.0 1.0 42
1.268846521823678 1.0 1.0 1.0 43
0.0 0.6286182517715186 0.0 1.0 44
0.0 1.3770344869134226 0.0 1.0 45
1.0 1.3804408545484508 1.0 1.0 46
0.0 1.4896279690077092 0.0 1.0 47
0.0 0.37075682169325597 0.0 1.0 48
-0.6325257728070564 1.0 0.0 1.0 49
0.0 1.6194434124492787 0.0 1.0 50
1.0 1.6254012753121332 1.0 1.0 51
1.0 0.36869637719613996 1.0 1.0 52
1.6271167502597956 1.0 1.0 1.0 53
0.0 1.7484970319896056 0.0 1.0 54
0.0 0.12037873394341986 0.0 1.0 55
0.0 1.8801252400942323 0.0 1.0 56
1.0 1.8686268931311365 1.0 1.0 57
*** t = 22
0.6211510839822894 1.0 0.0 1.0 4
0.0 1.0 0.0 0.0 5
0.0 1.3763001415260088 0.0 2.0 6
0.004347305991905484 1.0043473059919057 0.0 1.0 9
0.0 1.2525105318201222 0.0 2.0 10
0.2565770891692304 1.2565770891692303 0.0 1.0 13
0.0 1.856240550160039 0.0 2.0 14
0.0 1.0 0.0 0.0 16
1.8735936772146558 1.0 2.0 1.0 17
0.9026845763274209 1.0 1.0 1.0 18
0.7541363046301486 1.2458636953698514 1.0 1.0 19
0.0 1.7506986036506471 0.0 2.0 20
1.0 0.22370435559387317 1.0 0.0 21
0.3717796722706487 1.3717796722706486 0.0 1.0 22
0.4957049533280186 1.0 1.0 1.0 23
0.5038613397921647 1.0 0.0 1.0 24
1.0 0.3574420604654507 1.0 0.0 25
0.5109191472745755 1.0 1.0 1.0 26
-0.3740173834880588 1.0 -1.0 1.0 27
1.50348661329856 1.0 2.0 1.0 28
0.2478397424481747 1.2478397424481749 0.5 1.5 29
0.0 0.7494068791119766 0.0 0.0 30
0.0 0.7481648457383752 0.0 0.0 31
-0.12426440878801978 1.0 -1.0 1.0 32
0.8763337997905132 1.1236662002094868 0.5 1.5 33
0.8773714292379936 1.0 0.0 1.0 34
0.7454217350089622 1.2545782649910375 0.5 1.5 35
0.0 1.0 0.5 1.5 36
0.0 0.9816827052736767 0.0 1.0 37
0.0 1.0280402831357254 0.0 1.0 38
1.0 1.0 1.0 2.0 39
-0.154118161125548 1.0 0.0 1.0 40
0.0 1.1243802802480198 0.0 1.0 41
1.0 0.8455998865988731 1.0 1.0 42
1.146987608794291 1.0 1.0 1.0 43
0.0 0.7543419021258224 0.0 1.0 44
0.0 1.252441384296107 0.0 1.0 45
1.0 1.256529025458141 1.0 1.0 46
0.0 1.3620349612596365 0.0 1.0 47
0.0 0.49434242892434127 0.0 1.0 48
-0.5100343637427418 1.0 0.0 1.0 49
0.0 1.4925912165990383 0.0 1.0 50
1.0 1.500535033749511 1.0 1.0 51
1.0 0.4915951695948533 1.0 1.0 52
1.5028223336797275 1.0 1.0 1.0 53
0.0 1.6227455479844084 0.0 1.0 54
0.0 0.24075746788683972 0.0 1.0 55
0.0 1.7602504801884646 0.0 1.0 56
1.0 1.737253786262273 1.0 1.0 57
-0.878578061618778 1.0 0.0 1.0 58
0.0 1.8749762210594425 0.0 1.0 59
1.0 0.12540027369068338 1.0 1.0 60
1.8812339605573754 1.0 1.0 1.0 61
*** t = 23
0.4948681119763858 1.0 0.0 1.0 4
0.0 0.8750868061886948 0.0 0.0 5
0.0 1.5017335220346784 0.0 2.0 6
0.0 1.0 1.0 1.0 9
0.0 1.3787657977301833 0.0 2.0 10
0.13486563375384558 1.1348656337538454 0.0 1.0 13
0.0 1.9785606287543303 0.0 2.0 14
0.0 0.8740895739031337 0.0 0.0 16
1.9983927739596066 1.0 2.0 1.0 17
1.0 1.0 1.0 0.0 18
0.8812044569452229 1.1187955430547771 1.0 1.0 19
0.0 1.8758150375924216 0.0 2.0 20
1.0 0.09432174819285205 1.0 0.0 21
0.24355934454129732 1.2435593445412971 0.0 1.0 22
0.6196311916600232 1.0 1.0 1.0 23
0.3798266747402059 1.0 0.0 1.0 24
1.0 0.22893047255854082 1.0 0.0 25
0.6386489340932194 1.0 1.0 1.0 26
-0.49868984465074506 1.0 -1.0 1.0 27
1.6293582666232 1.0 2.0 1.0 28
0.37175961367226207 1.3717596136722623 0.5 1.5 29
0.0 0.6241103186679648 0.0 0.0 30
0.0 0.6222472686075627 0.0 0.0 31
-0.24852881757603956 1.0 -1.0 1.0 32
0.7526675995810264 1.2473324004189736 0.5 1.5 33
0.7547428584759872 1.0 0.0 1.0 34
0.6181326025134434 1.3818673974865563 0.5 1.5 35
0.12372948717291342 1.1237294871729133 0.5 1.5 36
0.0 1.0 1.0 1.0 37
0.0 1.0 -1.0 1.0 38
1.0 1.1257376118646651 1.0 2.0 39
-0.03327789842919769 1.0 0.0 1.0 40
0.0 1.0 0.0 2.0 41
1.0 0.9663998703987121 1.0 1.0 42
1.025128695764904 1.0 1.0 1.0 43
0.0 0.8800655524801262 0.0 1.0 44
0.0 1.1278482816787916 0.0 1.0 45
1.0 1.132617196367831 1.0 1.0 46
0.0 1.2344419535115638 0.0 1.0 47
0.0 0.6179280361554266 0.0 1.0 48
-0.38754295467842725 1.0 0.0 1.0 49
0.0 1.3657390207487978 0.0 1.0 50
1.0 1.3756687921868886 1.0 1.0 51
1.0 0.6144939619935665 1.0 1.0 52
1.3785279170996594 1.0 1.0 1.0 53
0.0 1.4969940639792112 0.0 1.0 54
0.0 0.3611362018302596 0.0 1.0 55
0.0 1.640375720282697 0.0 1.0 56
1.0 1.6058806793934095 1.0 1.0 57
-0.7571561232375561 1.0 0.0 1.0 58
0.0 1.749952442118885 0.0 1.0 59
1.0 0.25080054738136676 1.0 1.0 60
1.7624679211147507 1.0 1.0 1.0 61
0.0 0.12575477113955885 0.0 1.0 62
0.0 1.8716545774616191 0.0 1.0 63
1.0 1.8739794976778612 1.0 1.0 64
*** t = 24
0.36858513997048226 1.0 0.0 1.0 4
0.0 0.7501736123773897 0.0 0.0 5
0.0 1.627166902543348 0.0 2.0 6
0.12391317350202362 1.0 1.0 1.0 9
0.0 1.5050210636402443 0.0 2.0 10
0.01315417833846079 1.0131541783384606 0.0 1.0 13
0.0 0.7481791478062674 0.0 0.0 16
1.0 0.8710450605246541 1.0 0.0 18
1.0 1.0 0.0 1.0 19
0.11533901681194597 1.1153390168119457 0.0 1.0 22
0.7435574299920279 1.0 1.0 1.0 23
0.2557920096882471 1.0 0.0 1.0 24
1.0 0.10041888465163096 1.0 0.0 25
0.7663787209118633 1.0 1.0 1.0 26
-0.6233623058134313 1.0 -1.0 1.0 27
1.75522991994784 1.0 2.0 1.0 28
0.4956794848963494 1.4956794848963497 0.5 1.5 29
0.0 0.49881375822395313 0.0 0.0 30
0.0 0.4963296914767503 0.0 0.0 31
-0.3727932263640593 1.0 -1.0 1.0 32
0.6290013993715395 1.3709986006284605 0.5 1.5 33
0.6321142877139808 1.0 0.0 1.0 34
0.5 1.5 0.0 1.0 35
0.24745897434582684 1.2474589743458266 0.5 1.5 36
0.12271033815920958 1.0 1.0 1.0 37
-0.12149496460803427 1.0 -1.0 1.0 38
1.0 1.2514752237293303 1.0 2.0 39
0.0 1.0 0.5 1.5 40
0.0 1.12508853139314 0.0 2.0 41
1.0 1.0 1.0 2.0 42
1.0 1.0 1.0 0.0 43
0.0 1.0 0.0 2.0 44
0.0 1.003255179061476 0.0 1.0 45
1.0 1.0087053672775212 1.0 1.0 46
0.0 1.1068489457634911 0.0 1.0 47
0.0 0.7415136433865119 0.0 1.0 48
-0.2650515456141127 1.0 0.0 1.0 49
0.0 1.2388868248985574 0.0 1.0 50
1.0 1.2508025506242664 1.0 1.0 51
1.0 0.7373927543922798 1.0 1.0 52
1.2542335005195913 1.0 1.0 1.0 53
0.0 1.371242579974014 0.0 1.0 54
0.0 0.48151493577367943 0.0 1.0 55
0.0 1.5205009603769293 0.0 1.0 56
1.0 1.474507572524546 1.0 1.0 57
-0.6357341848563342 1.0 0.0 1.0 58
0.0 1.6249286631783275 0.0 1.0 59
1.0 0.3762008210720501 1.0 1.0 60
1.643701881672126 1.0 1.0 1.0 61
0.0 0.2515095422791177 0.0 1.0 62
0.0 1.7433091549232382 0.0 1.0 63
1.0 1.7479589953557224 1.0 1.0 64
0.0 1.8724891607190681 0.0 1.0 65
*** t = 25
0.24230216796457874 1.0 0.0 1.0 4
0.0 0.6252604185660845 0.0 0.0 5
0.0 1.7526002830520175 0.0 2.0 6
0.24782634700404724 1.0 1.0 1.0 9
0.0 1.6312763295503054 0.0 2.0 10
0.0 1.0 0.0 0.0 13
0.0 0.6222687217094011 0.0 0.0 16
1.0 0.7420901210493083 1.0 0.0 18
0.8729318476849257 1.0 0.0 1.0 19
0.0 1.0 0.0 2.0 22
0.8674836683240326 1.0 1.0 1.0 23
0.1317573446362883 1.0 0.0 1.0 24
0.8941085077305072 1.0 1.0 1.0 26
-0.7480347669761176 1.0 -1.0 1.0 27
1.88110157327248 1.0 2.0 1.0 28
0.5 1.5 1.0 1.0 29
0.0 0.3735171977799414 0.0 0.0 30
0.0 0.3704121143459379 0.0 0.0 31
-0.4970576351520791 1.0 -1.0 1.0 32
0.5053351991620527 1.4946648008379473 0.5 1.5 33
0.5094857169519744 1.0 0.0 1.0 34
0.3727108675044811 1.3727108675044812 0.0 1.0 35
0.37118846151874024 1.37118846151874 0.5 1.5 36
0.24542067631841916 1.0 1.0 1.0 37
-0.24298992921606855 1.0 -1.0 1.0 38
1.0 1.3772128355939954 1.0 2.0 39
0.1208402626963503 1.1208402626963503 0.5 1.5 40
0.0 1.25017706278628 0.0 2.0 41
1.0 1.120799983799839 1.0 2.0 42
1.0 0.8781410869706131 1.0 0.0 43
0.0 1.1257236503543038 0.0 2.0 44
0.0 1.0 0.0 0.0 45
1.0 1.0 0.0 1.0 46
0.0 1.0 0.0 0.0 47
0.0 0.8650992506175973 0.0 1.0 48
-0.14256013654979816 1.0 0.0 1.0 49
0.0 1.112034629048317 0.0 1.0 50
1.0 1.125936309061644 1.0 1.0 51
1.0 0.8602915467909931 1.0 1.0 52
1.1299390839395231 1.0 1.0 1.0 53
0.0 1.2454910959688168 0.0 1.0 54
0.0 0.6018936697170993 0.0 1.0 55
0.0 1.4006262004711616 0.0 1.0 56
1.0 1.3431344656556825 1.0 1.0 57
-0.5143122464751122 1.0 0.0 1.0 58
0.0 1.49990488423777 0.0 1.0 59
1.0 0.5016010947627335 1.0 1.0 60
1.5249358422295014 1.0 1.0 1.0 61
0.0 0.37726431341867656 0.0 1.0 62
0.0 1.6149637323848574 0.0 1.0 63
1.0 1.6219384930335836 1.0 1.0 64
0.0 1.7449783214381362 0.0 1.0 65
0.0 0.12457460611248994 0.0 1.0 66
-0.879200512489672 1.0 0.0 1.0 67
0.0 1.8767583279356885 0.0 1.0 68
1.0 1.8768645290085493 1.0 1.0 69
1.0 0.12686036086291938 1.0 1.0 70
1.8739036289827524 1.0 1.0 1.0 71
*** t = 26
0.11601919595867521 1.0 0.0 1.0 4
0.0 0.5003472247547793 0.0 0.0 5
0.0 1.8780336635606871 0.0 2.0 6
0.37173952050607084 1.0 1.0 1.0 9
0.0 1.7575315954603665 0.0 2.0 10
0.0 0.8782885445846152 0.0 0.0 13
0.0 0.49635829561253475 0.0 0.0 16
1.0 0.6131351815739624 1.0 0.0 18
0.7458636953698514 1.0 0.0 1.0 19
0.0 1.1282203277293514 0.0 2.0 22
0.9914099066560372 1.0 1.0 1.0 23
0.007722679584329484 1.0 0.0 1.0 24
1.0 1.0 0.5 1.5 26
-0.8727072281388039 1.0 -1.0 1.0 27
0.6239198712240873 1.3760801287759126 1.0 1.0 29
0.0 0.2482206373359297 0.0 0.0 30
0.0 0.24449453721512548 0.0 0.0 31
-0.6213220439400989 1.0 -1.0 1.0 32
0.5 1.5 0.0 1.0 33
0.386857146189968 1.0 0.0 1.0 34
0.24542173500896228 1.2454217350089625 0.0 1.0 35
0.4949179486916537 1.4949179486916533 0.5 1.5 36
0.36813101447762875 1.0 1.0 1.0 37
-0.3644848938241028 1.0 -1.0 1.0 38
1.0 1.5029504474586606 1.0 2.0 39
0.2416805253927006 1.2416805253927006 0.5 1.5 40
0.0 1.37526559417942 0.0 2.0 41
1.0 1.241599967599678 1.0 2.0 42
1.0 0.7562821739412262 1.0 0.0 43
0.0 1.2514473007086075 0.0 2.0 44
0.0 0.8754068973826845 0.0 0.0 45
0.8760881709096903 1.0 0.0 1.0 46
0.0 0.8724069922519273 0.0 0.0 47
0.0 0.9886848578486827 0.0 1.0 48
-0.020068727485483606 1.0 0.0 1.0 49
0.0 1.0 0.5 1.5 50
1.0 1.0010700674990218 1.0 1.0 51
1.0 0.9831903391897063 1.0 1.0 52
1.005644667359455 1.0 1.0 1.0 53
0.0 1.1197396119636196 0.0 1.0 54
0.0 0.7222724036605193 0.0 1.0 55
0.0 1.280751440565394 0.0 1.0 56
1.0 1.211761358786819 1.0 1.0 57
-0.39289030809389025 1.0 0.0 1.0 58
0.0 1.3748811052972125 0.0 1.0 59
1.0 0.6270013684534169 1.0 1.0 60
1.4061698027868768 1.0 1.0 1.0 61
0.0 0.5030190845582354 0.0 1.0 62
0.0 1.4866183098464765 0.0 1.0 63
1.0 1.4959179907114448 1.0 1.0 64
0.0 1.6174674821572044 0.0 1.0 65
0.0 0.24914921222497988 0.0 1.0 66
-0.758401024979344 1.0 0.0 1.0 67
0.0 1.753516655871377 0.0 1.0 68
1.0 1.7537290580170986 1.0 1.0 69
1.0 0.25372072172583876 1.0 1.0 70
1.7478072579655048 1.0 1.0 1.0 71
0.0 1.8671664803482386 0.0 1.0 72
*** t = 27
0.0 1.0 1.0 1.0 4
0.0 0.37543403094347416 0.0 0.0 5
0.4956526940080945 1.0 1.0 1.0 9
0.0 1.8837868613704276 0.0 2.0 10
0.0 0.7565770891692305 0.0 0.0 13
0.0 0.37044786951566844 0.0 0.0 16
1.0 0.48418024209861654 1.0 0.0 18
0.6187955430547771 1.0 0.0 1.0 19
0.0 1.2564406554587029 0.0 2.0 22
1.0 1.0 2.0 1.0 23
0.0 1.0 0.0 2.0 24
0.8722702131813561 1.127729786818644 0.5 1.5 26
-0.9973796893014901 1.0 -1.0 1.0 27
0.7478397424481746 1.2521602575518251 1.0 1.0 29
0.0 0.12292407689191798 0.0 0.0 30
0.0 0.11857696008431307 0.0 0.0 31
-0.7455864527281187 1.0 -1.0 1.0 32
0.3763337997905132 1.3763337997905132 0.0 1.0 33
0.26422857542796163 1.0 0.0 1.0 34
0.11813260251344343 1.1181326025134437 0.0 1.0 35
0.5 1.5 0.0 1.0 36
0.4908413526368383 1.0 1.0 1.0 37
-0.4859798584321371 1.0 -1.0 1.0 38
1.0 1.6286880593233257 1.0 2.0 39
0.3625207880890509 1.3625207880890509 0.5 1.5 40
0.0 1.50035412557256 0.0 2.0 41
1.0 1.362399951399517 1.0 2.0 42
1.0 0.6344232609118393 1.0 0.0 43
0.0 1.3771709510629113 0.0 2.0 44
0.0 0.750813794765369 0.0 0.0 45
0.7521763418193805 1.0 0.0 1.0 46
0.0 0.7448139845038546 0.0 0.0 47
0.0 1.0 0.5 1.5 48
0.0 1.0 0.5 1.5 49
0.1268521958502404 1.1268521958502404 0.5 1.5 50
1.0 1.0 0.0 1.0 51
1.0 1.0 1.0 2.0 52
1.0 1.0 2.0 1.0 53
0.0 1.0 -1.0 1.0 54
0.0 0.8426511376039392 0.0 1.0 55
0.0 1.1608766806596262 0.0 1.0 56
1.0 1.0803882519179555 1.0 1.0 57
-0.2714683697126683 1.0 0.0 1.0 58
0.0 1.249857326356655 0.0 1.0 59
1.0 0.7524016421441003 1.0 1.0 60
1.287403763344252 1.0 1.0 1.0 61
0.0 0.6287738556977942 0.0 1.0 62
0.0 1.3582728873080956 0.0 1.0 63
1.0 1.369897488389306 1.0 1.0 64
0.0 1.4899566428762725 0.0 1.0 65
0.0 0.3737238183374698 0.0 1.0 66
-0.637601537469016 1.0 0.0 1.0 67
0.0 1.6302749838070656 0.0 1.0 68
1.0 1.6305935870256478 1.0 1.0 69
1.0 0.3805810825887581 1.0 1.0 70
1.6217108869482573 1.0 1.0 1.0 71
0.0 1.7343329606964772 0.0 1.0 72
0.0 0.12433485627948478 0.0 1.0 73
0.0 1.8763466692050084 0.0 1.0 74
1.0 1.8757345774619303 1.0 1.0 75
*** t = 28
0.12628297200590352 1.0 1.0 1.0 4
0.0 0.250520837132169 0.0 0.0 5
0.6195658675101181 1.0 1.0 1.0 9
0.0 0.6348656337538457 0.0 0.0 13
0.0 0.24453744341880213 0.0 0.0 16
1.0 0.3552253026232707 1.0 0.0 18
0.49172739073970284 1.0 0.0 1.0 19
0.0 1.3846609831880543 0.0 2.0 22
1.1239262383320046 1.0 2.0 1.0 23
0.0 1.1240346650519588 0.0 2.0 24
0.7445404263627122 1.255459573637288 0.5 1.5 26
0.871759613672262 1.1282403863277377 1.0 1.0 29
-0.8698508615161386 1.0 -1.0 1.0 32
0.25266759958102636 1.2526675995810264 0.0 1.0 33
0.1416000046659552 1.0 0.0 1.0 34
0.0 1.0 -1.0 1.0 35
0.37627051282708657 1.3762705128270867 0.0 1.0 36
0.6135516907960479 1.0 1.0 1.0 37
-0.6074748230401714 1.0 -1.0 1.0 38
1.0 1.7544256711879909 1.0 2.0 39
0.4833610507854012 1.4833610507854011 0.5 1.5 40
0.0 1.6254426569657001 0.0 2.0 41
1.0 1.4831999351993561 1.0 2.0 42
1.0 0.5125643478824524 1.0 0.0 43
0.0 1.502894601417215 0.0 2.0 44
0.0 0.6262206921480535 0.0 0.0 45
0.6282645127290708 1.0 0.0 1.0 46
0.0 0.6172209767557819 0.0 0.0 47
0.12358560723108532 1.1235856072310852 0.5 1.5 48
0.12249140906431455 1.1224914090643145 0.5 1.5 49
0.2537043917004808 1.2537043917004809 0.5 1.5 50
0.8751337584373778 1.0 0.0 1.0 51
1.0 1.1228987923987133 1.0 2.0 52
1.1242944165800681 1.0 2.0 1.0 53
-0.1257514840051972 1.0 -1.0 1.0 54
0.0 0.9630298715473591 0.0 1.0 55
0.0 1.0410019207538586 0.0 1.0 56
1.0 1.0 1.0 0.0 57
-0.15004643133144638 1.0 0.0 1.0 58
0.0 1.1248335474160975 0.0 1.0 59
1.0 0.8778019158347837 1.0 1.0 60
1.1686377239016275 1.0 1.0 1.0 61
0.0 0.754528626837353 0.0 1.0 62
0.0 1.2299274647697147 0.0 1.0 63
1.0 1.2438769860671672 1.0 1.0 64
0.0 1.3624458035953406 0.0 1.0 65
0.0 0.49829842444995975 0.0 1.0 66
-0.5168020499586881 1.0 0.0 1.0 67
0.0 1.5070333117427541 0.0 1.0 68
1.0 1.507458116034197 1.0 1.0 69
1.0 0.5074414434516775 1.0 1.0 70
1.4956145159310097 1.0 1.0 1.0 71
0.0 1.6014994410447159 0.0 1.0 72
0.0 0.24866971255896955 0.0 1.0 73
0.0 1.7526933384100167 0.0 1.0 74
1.0 1.7514691549238606 1.0 1.0 75
-0.8734528554117788 1.0 0.0 1.0 76
0.0 1.8777418798880772 0.0 1.0 77
1.0 0.12775805724584896 1.0 1.0 78
1.8786738848135303 1.0 1.0 1.0 79
*** t = 29
0.25256594401180704 1.0 1.0 1.0 4
0.0 0.1256076433208638 0.0 0.0 5
0.7434790410121417 1.0 1.0 1.0 9
0.0 0.513154178338461 0.0 0.0 13
0.0 0.11862701732193581 0.0 0.0 16
1.0 0.22627036314792484 1.0 0.0 18
0.36465923842462855 1.0 0.0 1.0 19
0.0 1.5128813109174057 0.0 2.0 22
1.2478524766640091 1.0 2.0 1.0 23
0.0 1.2480693301039176 0.0 2.0 24
0.6168106395440683 1.383189360455932 0.5 1.5 26
0.9956794848963493 1.0043205151036503 1.0 1.0 29
-0.9941152703041584 1.0 -1.0 1.0 32
0.12900139937153954 1.1290013993715395 0.0 1.0 33
0.018971433903948787 1.0 0.0 1.0 34
-0.12728913249551885 1.0 -1.0 1.0 35
0.25254102565417313 1.2525410256541734 0.0 1.0 36
0.7362620289552575 1.0 1.0 1.0 37
-0.7289697876482057 1.0 -1.0 1.0 38
1.0 1.880163283052656 1.0 2.0 39
0.5 1.5 1.0 1.0 40
0.0 1.7505311883588401 0.0 2.0 41
1.0 1.6039999189991951 1.0 2.0 42
1.0 0.3907054348530655 1.0 0.0 43
0.0 1.6286182517715189 0.0 2.0 44
0.0 0.501627589530738 0.0 0.0 45
0.5043526836387611 1.0 0.0 1.0 46
0.0 0.4896279690077092 0.0 0.0 47
0.24717121446217064 1.2471712144621705 0.5 1.5 48
0.2449828181286291 1.244982818128629 0.5 1.5 49
0.3805565875507212 1.3805565875507213 0.5 1.5 50
0.7502675168747557 1.0 0.0 1.0 51
1.0 1.2457975847974265 1.0 2.0 52
1.2485888331601362 1.0 2.0 1.0 53
-0.2515029680103944 1.0 -1.0 1.0 54
0.0 1.0 1.0 1.0 55
0.0 1.0 0.0 2.0 56
1.0 0.8686268931311365 1.0 0.0 57
-0.028624492950224456 1.0 0.0 1.0 58
0.0 1.0 0.0 0.0 59
1.0 1.0 0.0 1.0 60
1.0498716844590028 1.0 1.0 1.0 61
0.0 0.8802833979769118 0.0 1.0 62
0.0 1.1015820422313338 0.0 1.0 63
1.0 1.1178564837450284 1.0 1.0 64
0.0 1.2349349643144087 0.0 1.0 65
0.0 0.6228730305624497 0.0 1.0 66
-0.3960025624483601 1.0 0.0 1.0 67
0.0 1.3837916396784427 0.0 1.0 68
1.0 1.3843226450427464 1.0 1.0 69
1.0 0.6343018043145969 1.0 1.0 70
1.3695181449137621 1.0 1.0 1.0 71
0.0 1.4686659213929545 0.0 1.0 72
0.0 0.37300456883845434 0.0 1.0 73
0.0 1.629040007615025 0.0 1.0 74
1.0 1.6272037323857909 1.0 1.0 75
-0.7469057108235575 1.0 0.0 1.0 76
0.0 1.7554837597761543 0.0 1.0 77
1.0 0.2555161144916979 1.0 1.0 78
1.7573477696270605 1.0 1.0 1.0 79
0.0 0.12421567065134723 0.0 1.0 80
0.0 1.8785482888937202 0.0 1.0 81
1.0 1.8720777954745844 1.0 1.0 82
*** t = 30
0.37884891601771054 1.0 1.0 1.0 4
0.0 0.0006944495095586034 0.0 0.0 5
0.8673922145141653 1.0 1.0 1.0 9
0.0 0.3914427229230762 0.0 0.0 13
1.0 0.097315423672579 1.0 0.0 18
0.2375910861095543 1.0 0.0 1.0 19
0.0 1.6411016386467572 0.0 2.0 22
1.3717787149960137 1.0 2.0 1.0 23
0.0 1.3721039951558764 0.0 2.0 24
0.5 1.5 0.0 1.0 26
1.0 1.0 1.0 2.0 29
0.005335199162052703 1.0053351991620527 0.0 1.0 33
0.0 1.0 0.0 2.0 34
-0.2545782649910377 1.0 -1.0 1.0 35
0.1288115384812597 1.12881153848126 0.0 1.0 36
0.8589723671144671 1.0 1.0 1.0 37
-0.8504647522562401 1.0 -1.0 1.0 38
0.6208402626963503 1.3791597373036497 1.0 1.0 40
0.0 1.8756197197519802 0.0 2.0 41
1.0 1.7247999027990342 1.0 2.0 42
1.0 0.26884652182367863 1.0 0.0 43
0.0 1.7543419021258226 0.0 2.0 44
0.0 0.37703448691342256 0.0 0.0 45
0.38044085454845133 1.0 0.0 1.0 46
0.0 0.3620349612596365 0.0 0.0 47
0.37075682169325597 1.3707568216932557 0.5 1.5 48
0.36747422719294365 1.3674742271929436 0.5 1.5 49
0.5 1.5 0.0 1.0 50
0.6254012753121335 1.0 0.0 1.0 51
1.0 1.3686963771961398 1.0 2.0 52
1.3728832497402044 1.0 2.0 1.0 53
-0.3772544520155916 1.0 -1.0 1.0 54
0.12037873394341986 1.0 1.0 1.0 55
0.0 1.1198747599057677 0.0 2.0 56
1.0 0.737253786262273 1.0 0.0 57
0.0 1.0 1.0 1.0 58
0.0 0.8749762210594425 0.0 0.0 59
0.8745997263093166 1.0 0.0 1.0 60
1.0 1.0 0.0 1.0 61
0.0 1.0 0.0 2.0 62
0.0 1.0 -1.0 1.0 63
1.0 1.0 2.0 1.0 64
0.0 1.1074241250334769 0.0 1.0 65
0.0 0.7474476366749396 0.0 1.0 66
-0.2752030749380321 1.0 0.0 1.0 67
0.0 1.2605499676141312 0.0 1.0 68
1.0 1.2611871740512957 1.0 1.0 69
1.0 0.7611621651775163 1.0 1.0 70
1.2434217738965145 1.0 1.0 1.0 71
0.0 1.335832401741193 0.0 1.0 72
0.0 0.4973394251179391 0.0 1.0 73
0.0 1.5053866768200335 0.0 1.0 74
1.0 1.5029383098477211 1.0 1.0 75
-0.6203585662353363 1.0 0.0 1.0 76
0.0 1.6332256396642315 0.0 1.0 77
1.0 0.38327417173754685 1.0 1.0 78
1.6360216544405908 1.0 1.0 1.0 79
0.0 0.24843134130269445 0.0 1.0 80
0.0 1.7570965777874403 0.0 1.0 81
1.0 1.7441555909491688 1.0 1.0 82
0.0 1.8767875619956604 0.0 1.0 83
*** t = 31
0.5051318880236141 1.0 1.0 1.0 4
0.9913053880161888 1.0 1.0 1.0 9
0.0 0.2697312675076914 0.0 0.0 13
0.11052293379448003 1.0 0.0 1.0 19
0.0 1.7693219663761086 0.0 2.0 22
1.4957049533280182 1.0 2.0 1.0 23
0.0 1.4961386602078353 0.0 2.0 24
0.3722702131813561 1.372270213181356 0.0 1.0 26
1.0 1.1239198712240874 1.0 2.0 29
0.0 1.0 -1.0 1.0 33
0.0 1.1226285707620065 0.0 2.0 34
-0.3818673974865565 1.0 -1.0 1.0 35
0.005082051308346283 1.0050820513083467 0.0 1.0 36
0.9816827052736767 1.0 1.0 1.0 37
-0.9719597168642744 1.0 -1.0 1.0 38
0.7416805253927006 1.2583194746072994 1.0 1.0 40
1.0 1.8455998865988732 1.0 2.0 42
1.0 0.1469876087942917 1.0 0.0 43
0.0 1.8800655524801264 0.0 2.0 44
0.0 0.2524413842961071 0.0 0.0 45
0.2565290254581416 1.0 0.0 1.0 46
0.0 0.23444195351156383 0.0 0.0 47
0.49434242892434127 1.494342428924341 0.5 1.5 48
0.4899656362572582 1.4899656362572582 0.5 1.5 49
0.37314780414975957 1.3731478041497596 0.0 1.0 50
0.5005350337495114 1.0 0.0 1.0 51
1.0 1.491595169594853 1.0 2.0 52
1.4971776663202725 1.0 2.0 1.0 53
-0.5030059360207888 1.0 -1.0 1.0 54
0.24075746788683972 1.0 1.0 1.0 55
0.0 1.2397495198115354 0.0 2.0 56
1.0 0.6058806793934095 1.0 0.0 57
0.12142193838122192 1.0 1.0 1.0 58
0.0 0.749952442118885 0.0 0.0 59
0.7491994526186332 1.0 0.0 1.0 60
0.8812339605573754 1.0 0.0 1.0 61
0.0 1.1257547711395588 0.0 2.0 62
-0.12834542253838083 1.0 -1.0 1.0 63
1.1260205023221388 1.0 2.0 1.0 64
0.0 1.0 -1.0 1.0 65
0.0 0.8720222427874296 0.0 1.0 66
-0.1544035874277041 1.0 0.0 1.0 67
0.0 1.1373082955498197 0.0 1.0 68
1.0 1.138051703059845 1.0 1.0 69
1.0 0.8880225260404357 1.0 1.0 70
1.117325402879267 1.0 1.0 1.0 71
0.0 1.2029988820894317 0.0 1.0 72
0.0 0.6216742813974239 0.0 1.0 73
0.0 1.3817333460250418 0.0 1.0 74
1.0 1.3786728873096514 1.0 1.0 75
-0.493811421647115 1.0 0.0 1.0 76
0.0 1.5109675195523087 0.0 1.0 77
1.0 0.5110322289833958 1.0 1.0 78
1.514695539254121 1.0 1.0 1.0 79
0.0 0.3726470119540417 0.0 1.0 80
0.0 1.6356448666811605 0.0 1.0 81
1.0 1.6162333864237532 1.0 1.0 82
0.0 1.7535751239913209 0.0 1.0 83
0.0 0.12366832672995585 0.0 1.0 84
-0.8724681519427119 1.0 0.0 1.0 85
0.0 1.8731268260797949 0.0 1.0 86
1.0 1.8734741609155285 1.0 1.0 87
1.0 0.12581269541128964 1.0 1.0 88
1.8822501579144795 1.0 1.0 1.0 89
*** t = 32
0.6314148600295176 1.0 1.0 1.0 4
1.0 1.0 0.5 1.5 9
0.0 0.14801981209230658 0.0 0.0 13
0.0 1.0 0.0 2.0 19
0.0 1.89754229410546 0.0 2.0 22
1.6196311916600228 1.0 2.0 1.0 23
0.0 1.620173325259794 0.0 2.0 24
0.24454042636271223 1.244540426362712 0.0 1.0 26
1.0 1.2478397424481749 1.0 2.0 29
-0.12366620020948683 1.0 -1.0 1.0 33
0.0 1.245257141524013 0.0 2.0 34
-0.5091565299820754 1.0 -1.0 1.0 35
0.0 1.0 0.5 1.5 36
1.0 1.0 2.0 1.0 37
0.8625207880890509 1.1374792119109491 1.0 1.0 40
1.0 1.9663998703987122 1.0 2.0 42
1.0 0.025128695764904785 1.0 0.0 43
0.0 0.1278482816787916 0.0 0.0 45
0.13261719636783187 1.0 0.0 1.0 46
0.0 0.10684894576349113 0.0 0.0 47
0.5 1.5 0.0 1.0 48
0.5 1.5 0.0 1.0 49
0.24629560829951916 1.2462956082995191 0.0 1.0 50
0.3756687921868892 1.0 0.0 1.0 51
1.0 1.6144939619935663 1.0 2.0 52
1.6214720829003406 1.0 2.0 1.0 53
-0.628757420025986 1.0 -1.0 1.0 54
0.3611362018302596 1.0 1.0 1.0 55
0.0 1.359624279717303 0.0 2.0 56
1.0 0.474507572524546 1.0 0.0 57
0.24284387676244384 1.0 1.0 1.0 58
0.0 0.6249286631783275 0.0 0.0 59
0.6237991789279498 1.0 0.0 1.0 60
0.7624679211147507 1.0 0.0 1.0 61
0.0 1.2515095422791176 0.0 2.0 62
-0.25669084507676165 1.0 -1.0 1.0 63
1.2520410046442776 1.0 2.0 1.0 64
-0.12751083928093176 1.0 -1.0 1.0 65
0.0 0.9965968488999195 0.0 1.0 66
-0.033604099917376104 1.0 0.0 1.0 67
0.0 1.0140666234855082 0.0 1.0 68
1.0 1.0149162320683942 1.0 1.0 69
1.0 1.0 1.0 2.0 70
1.0 1.0 1.0 0.0 71
0.0 1.0701653624376704 0.0 1.0 72
0.0 0.7460091376769087 0.0 1.0 73
0.0 1.2580800152300502 0.0 1.0 74
1.0 1.2544074647715817 1.0 1.0 75
-0.36726427705889375 1.0 0.0 1.0 76
0.0 1.3887093994403858 0.0 1.0 77
1.0 0.6387902862292448 1.0 1.0 78
1.3933694240676513 1.0 1.0 1.0 79
0.0 0.4968626826053889 0.0 1.0 80
0.0 1.5141931555748807 0.0 1.0 81
1.0 1.4883111818983377 1.0 1.0 82
0.0 1.6303626859869813 0.0 1.0 83
0.0 0.2473366534599117 0.0 1.0 84
-0.7449363038854238 1.0 0.0 1.0 85
0.0 1.7462536521595897 0.0 1.0 86
1.0 1.746948321831057 1.0 1.0 87
1.0 0.2516253908225793 1.0 1.0 88
1.764500315828959 1.0 1.0 1.0 89
0.0 1.8737302075347662 0.0 1.0 90
*** t = 33
0.7576978320354212 1.0 1.0 1.0 4
0.8760868264979764 1.1239131735020236 0.5 1.5 9
0.0 0.026308356676921787 0.0 0.0 13
0.0 1.1270681523150743 0.0 2.0 19
1.7435574299920273 1.0 2.0 1.0 23
0.0 1.7442079903117529 0.0 2.0 24
0.11681063954406834 1.116810639544068 0.0 1.0 26
1.0 1.3717596136722623 1.0 2.0 29
-0.24733240041897367 1.0 -1.0 1.0 33
0.0 1.3678857122860195 0.0 2.0 34
-0.6364456624775943 1.0 -1.0 1.0 35
0.12372948717291342 1.1237294871729133 0.5 1.5 36
1.1227103381592096 1.0 2.0 1.0 37
0.9833610507854011 1.0166389492145989 1.0 1.0 40
0.0 0.003255179061476099 0.0 0.0 45
0.008705367277522136 1.0 0.0 1.0 46
0.3764143927689147 1.3764143927689148 0.0 1.0 48
0.37750859093568545 1.3775085909356855 0.0 1.0 49
0.11944341244927875 1.1194434124492787 0.0 1.0 50
0.25080255062426704 1.0 0.0 1.0 51
1.0 1.7373927543922796 1.0 2.0 52
1.7457664994804087 1.0 2.0 1.0 53
-0.7545089040311832 1.0 -1.0 1.0 54
0.48151493577367943 1.0 1.0 1.0 55
0.0 1.4794990396230707 0.0 2.0 56
1.0 0.3431344656556825 1.0 0.0 57
0.36426581514366574 1.0 1.0 1.0 58
0.0 0.49990488423777 0.0 0.0 59
0.4983989052372664 1.0 0.0 1.0 60
0.643701881672126 1.0 0.0 1.0 61
0.0 1.3772643134186764 0.0 2.0 62
-0.3850362676151425 1.0 -1.0 1.0 63
1.3780615069664164 1.0 2.0 1.0 64
-0.25502167856186353 1.0 -1.0 1.0 65
0.0 1.0 1.0 1.0 66
0.0 1.0 -1.0 1.0 67
0.0 1.0 0.5 1.5 68
1.0 1.0 2.0 1.0 69
1.0 1.1268603608629193 1.0 2.0 70
1.0 0.8739036289827525 1.0 0.0 71
0.0 1.0 0.5 1.5 72
0.0 0.8703439939563935 0.0 1.0 73
0.0 1.1344266844350586 0.0 1.0 74
1.0 1.130142042233512 1.0 1.0 75
-0.2407171324706725 1.0 0.0 1.0 76
0.0 1.266451279328463 0.0 1.0 77
1.0 0.7665483434750938 1.0 1.0 78
1.2720433088811816 1.0 1.0 1.0 79
0.0 0.6210783532567361 0.0 1.0 80
0.0 1.3927414444686008 0.0 1.0 81
1.0 1.360388977372922 1.0 1.0 82
0.0 1.5071502479826417 0.0 1.0 83
0.0 0.37100498018986755 0.0 1.0 84
-0.6174044558281356 1.0 0.0 1.0 85
0.0 1.6193804782393846 0.0 1.0 86
1.0 1.6204224827465856 1.0 1.0 87
1.0 0.37743808623386893 1.0 1.0 88
1.6467504737434384 1.0 1.0 1.0 89
0.0 1.7474604150695323 0.0 1.0 90
0.0 0.12881282894638987 0.0 1.0 91
0.0 1.8706089855348005 0.0 1.0 92
1.0 1.875470577944781 1.0 1.0 93
*** t = 34
0.8839808040413247 1.0 1.0 1.0 4
0.7521736529959528 1.2478263470040472 0.5 1.5 9
0.0 1.2541363046301486 0.0 2.0 19
1.867483668324032 1.0 2.0 1.0 23
0.0 1.8682426553637117 0.0 2.0 24
0.0 1.0 0.5 1.5 26
1.0 1.4956794848963497 1.0 2.0 29
-0.3709986006284605 1.0 -1.0 1.0 33
0.0 1.490514283048026 0.0 2.0 34
-0.7637347949731131 1.0 -1.0 1.0 35
0.24745897434582684 1.2474589743458266 0.5 1.5 36
1.2454206763184192 1.0 2.0 1.0 37
1.0 1.0 0.5 1.5 40
0.0 1.0 -1.0 1.0 46
0.2528287855378294 1.2528287855378295 0.0 1.0 48
0.2550171818713709 1.255017181871371 0.0 1.0 49
0.0 1.0 0.0 2.0 50
0.12593630906164485 1.0 0.0 1.0 51
1.0 1.8602915467909928 1.0 2.0 52
1.8700609160604769 1.0 2.0 1.0 53
-0.8802603880363804 1.0 -1.0 1.0 54
0.6018936697170993 1.0 1.0 1.0 55
0.0 1.5993737995288384 0.0 2.0 56
1.0 0.21176135878681904 1.0 0.0 57
0.4856877535248877 1.0 1.0 1.0 58
0.0 0.3748811052972125 0.0 0.0 59
0.37299863154658297 1.0 0.0 1.0 60
0.5249358422295014 1.0 0.0 1.0 61
0.0 1.5030190845582352 0.0 2.0 62
-0.5133816901535233 1.0 -1.0 1.0 63
1.5040820092885552 1.0 2.0 1.0 64
-0.3825325178427953 1.0 -1.0 1.0 65
0.12457460611248994 1.0 1.0 1.0 66
-0.120799487510328 1.0 -1.0 1.0 67
0.12324167206431148 1.1232416720643115 0.5 1.5 68
1.1231354709914507 1.0 2.0 1.0 69
1.0 1.2537207217258386 1.0 2.0 70
1.0 0.7478072579655051 1.0 0.0 71
0.1328335196517615 1.1328335196517614 0.5 1.5 72
0.0 0.9946788502358783 0.0 1.0 73
0.0 1.010773353640067 0.0 1.0 74
1.0 1.0058766196954423 1.0 1.0 75
-0.11416998788245125 1.0 0.0 1.0 76
0.0 1.1441931592165402 0.0 1.0 77
1.0 0.8943064007209428 1.0 1.0 78
1.1507171936947118 1.0 1.0 1.0 79
0.0 0.7452940239080833 0.0 1.0 80
0.0 1.271289733362321 0.0 1.0 81
1.0 1.2324667728475065 1.0 1.0 82
0.0 1.3839378099783022 0.0 1.0 83
0.0 0.4946733069198234 0.0 1.0 84
-0.4898726077708475 1.0 0.0 1.0 85
0.0 1.4925073043191794 0.0 1.0 86
1.0 1.4938966436621142 1.0 1.0 87
1.0 0.5032507816451586 1.0 1.0 88
1.5290006316579179 1.0 1.0 1.0 89
0.0 1.6211906226042985 0.0 1.0 90
0.0 0.25762565789277975 0.0 1.0 91
0.0 1.741217971069601 0.0 1.0 92
1.0 1.7509411558895618 1.0 1.0 93
-0.8718908803439223 1.0 0.0 1.0 94
0.0 1.8740489280276307 0.0 1.0 95
1.0 0.12347094605718592 1.0 1.0 96
1.877002183128728 1.0 1.0 1.0 97
*** t = 35
1.0 1.0 2.0 1.0 4
0.6282604794939293 1.3717395205060707 0.5 1.5 9
0.0 1.3812044569452229 0.0 2.0 19
1.9914099066560365 1.0 2.0 1.0 23
0.0 1.9922773204156705 0.0 2.0 24
0.1277297868186439 1.127729786818644 0.5 1.5 26
1.0 1.6195993561204372 1.0 2.0 29
-0.49466480083794734 1.0 -1.0 1.0 33
0.0 1.6131428538100325 0.0 2.0 34
-0.891023927468632 1.0 -1.0 1.0 35
0.37118846151874024 1.37118846151874 0.5 1.5 36
1.3681310144776289 1.0 2.0 1.0 37
0.8791597373036497 1.1208402626963503 0.5 1.5 40
-0.12391182909030973 1.0 -1.0 1.0 46
0.1292431783067441 1.1292431783067443 0.0 1.0 48
0.13252577280705635 1.1325257728070564 0.0 1.0 49
0.0 1.1268521958502404 0.0 2.0 50
0.0010700674990226644 1.0 0.0 1.0 51
1.0 1.983190339189706 1.0 2.0 52
1.994355332640545 1.0 2.0 1.0 53
0.7222724036605193 1.0 1.0 1.0 55
0.0 1.719248559434606 0.0 2.0 56
1.0 0.08038825191795557 1.0 0.0 57
0.6071096919061096 1.0 1.0 1.0 58
0.0 0.24985732635665506 0.0 0.0 59
0.2475983578558996 1.0 0.0 1.0 60
0.40616980278687675 1.0 0.0 1.0 61
0.0 1.628773855697794 0.0 2.0 62
-0.6417271126919042 1.0 -1.0 1.0 63
1.630102511610694 1.0 2.0 1.0 64
-0.5100433571237271 1.0 -1.0 1.0 65
0.24914921222497988 1.0 1.0 1.0 66
-0.241598975020656 1.0 -1.0 1.0 67
0.24648334412862297 1.246483344128623 0.5 1.5 68
1.2462709419829014 1.0 2.0 1.0 69
1.0 1.380581082588758 1.0 2.0 70
1.0 0.6217108869482576 1.0 0.0 71
0.265667039303523 1.2656670393035228 0.5 1.5 72
0.0 1.0 0.0 0.0 73
0.0 1.0 0.0 0.0 74
1.0 1.0 0.0 1.0 75
0.0 1.0 -1.0 1.0 76
0.0 1.0219350391046174 0.0 1.0 77
1.0 1.0 0.5 1.5 78
1.029391078508242 1.0 1.0 1.0 79
0.0 0.8695096945594305 0.0 1.0 80
0.0 1.1498380222560411 0.0 1.0 81
1.0 1.104544568322091 1.0 1.0 82
0.0 1.2607253719739626 0.0 1.0 83
0.0 0.6183416336497792 0.0 1.0 84
-0.3623407597135594 1.0 0.0 1.0 85
0.0 1.3656341303989743 0.0 1.0 86
1.0 1.3673708045776427 1.0 1.0 87
1.0 0.6290634770564483 1.0 1.0 88
1.4112507895723974 1.0 1.0 1.0 89
0.0 1.4949208301390646 0.0 1.0 90
0.0 0.3864384868391696 0.0 1.0 91
0.0 1.6118269566044015 0.0 1.0 92
1.0 1.6264117338343427 1.0 1.0 93
-0.7437817606878445 1.0 0.0 1.0 94
0.0 1.7480978560552614 0.0 1.0 95
1.0 0.24694189211437184 1.0 1.0 96
1.754004366257456 1.0 1.0 1.0 97
0.0 0.12674999830430284 0.0 1.0 98
0.0 1.8777077748576978 0.0 1.0 99
1.0 1.8732883699462812 1.0 1.0 100
*** t = 36
1.1262829720059035 1.0 2.0 1.0 4
0.5043473059919057 1.4956526940080943 0.5 1.5 9
0.0 1.5082726092602972 0.0 2.0 19
0.2554595736372878 1.255459573637288 0.5 1.5 26
1.0 1.7435192273445246 1.0 2.0 29
-0.6183310010474342 1.0 -1.0 1.0 33
0.0 1.735771424572039 0.0 2.0 34
0.4949179486916537 1.4949179486916533 0.5 1.5 36
1.4908413526368385 1.0 2.0 1.0 37
0.7583194746072994 1.2416805253927006 0.5 1.5 40
-0.24782365818061947 1.0 -1.0 1.0 46
0.005657571075658771 1.005657571075659 0.0 1.0 48
0.010034363742741803 1.0100343637427418 0.0 1.0 49
0.0 1.2537043917004809 0.0 2.0 50
0.0 1.0 1.0 1.0 51
0.8426511376039392 1.0 1.0 1.0 55
0.0 1.8391233193403738 0.0 2.0 56
0.7285316302873316 1.0 1.0 1.0 58
0.0 0.12483354741609759 0.0 0.0 59
0.12219808416521621 1.0 0.0 1.0 60
0.2874037633442521 1.0 0.0 1.0 61
0.0 1.7545286268373528 0.0 2.0 62
-0.7700725352302851 1.0 -1.0 1.0 63
1.7561230139328328 1.0 2.0 1.0 64
-0.6375541964046588 1.0 -1.0 1.0 65
0.3737238183374698 1.0 1.0 1.0 66
-0.362398462530984 1.0 -1.0 1.0 67
0.36972501619293446 1.3697250161929344 0.5 1.5 68
1.3694064129743522 1.0 2.0 1.0 69
1.0 1.5074414434516772 1.0 2.0 70
1.0 0.49561451593101014 1.0 0.0 71
0.39850055895528447 1.3985005589552841 0.5 1.5 72
0.0 0.8756651437205152 0.0 0.0 73
0.0 0.8763466692050084 0.0 0.0 74
0.8757345774619304 1.0 0.0 1.0 75
-0.12654714458822125 1.0 -1.0 1.0 76
0.0 1.0 -1.0 1.0 77
0.872241942754151 1.127758057245849 0.5 1.5 78
1.0 1.0 1.0 0.0 79
0.0 0.9937253652107777 0.0 1.0 80
0.0 1.0283863111497613 0.0 1.0 81
1.0 1.0 1.0 2.0 82
0.0 1.137512933969623 0.0 1.0 83
0.0 0.7420099603797351 0.0 1.0 84
-0.23480891165627127 1.0 0.0 1.0 85
0.0 1.2387609564787692 0.0 1.0 86
1.0 1.2408449654931712 1.0 1.0 87
1.0 0.754876172467738 1.0 1.0 88
1.2935009474868768 1.0 1.0 1.0 89
0.0 1.3686510376738308 0.0 1.0 90
0.0 0.5152513157855595 0.0 1.0 91
0.0 1.482435942139202 0.0 1.0 92
1.0 1.5018823117791236 1.0 1.0 93
-0.6156726410317668 1.0 0.0 1.0 94
0.0 1.622146784082892 0.0 1.0 95
1.0 0.3704128381715578 1.0 1.0 96
1.631006549386184 1.0 1.0 1.0 97
0.0 0.25349999660860567 0.0 1.0 98
0.0 1.7554155497153956 0.0 1.0 99
1.0 1.7465767398925625 1.0 1.0 100
0.0 1.8788788641571204 0.0 1.0 101
*** t = 37
1.252565944011807 1.0 2.0 1.0 4
0.5 1.5 1.0 1.0 9
0.0 1.6353407615753714 0.0 2.0 19
0.38318936045593166 1.383189360455932 0.5 1.5 26
1.0 1.867439098568612 1.0 2.0 29
-0.741997201256921 1.0 -1.0 1.0 33
0.0 1.8583999953340455 0.0 2.0 34
0.5 1.5 1.0 1.0 36
1.613551690796048 1.0 2.0 1.0 37
0.6374792119109491 1.3625207880890509 0.5 1.5 40
-0.3717354872709292 1.0 -1.0 1.0 46
0.0 1.0 0.5 1.5 48
0.0 1.0 0.0 0.0 49
0.0 1.3805565875507213 0.0 2.0 50
0.12486624156262219 1.0 1.0 1.0 51
0.9630298715473591 1.0 1.0 1.0 55
0.0 1.9589980792461414 0.0 2.0 56
0.8499535686685535 1.0 1.0 1.0 58
0.0 1.0 -1.0 1.0 60
0.16863772390162746 1.0 0.0 1.0 61
0.0 1.8802833979769116 0.0 2.0 62
-0.898417957768666 1.0 -1.0 1.0 63
1.8821435162549716 1.0 2.0 1.0 64
-0.7650650356855906 1.0 -1.0 1.0 65
0.49829842444995975 1.0 1.0 1.0 66
-0.483197950041312 1.0 -1.0 1.0 67
0.49296668825724593 1.4929666882572459 0.5 1.5 68
1.492541883965803 1.0 2.0 1.0 69
1.0 1.6343018043145965 1.0 2.0 70
1.0 0.36951814491376267 1.0 0.0 71
0.5 1.5 0.0 1.0 72
0.0 0.7513302874410304 0.0 0.0 73
0.0 0.7526933384100167 0.0 0.0 74
0.7514691549238608 1.0 0.0 1.0 75
-0.2530942891764425 1.0 -1.0 1.0 76
-0.12225812011192277 1.0 -1.0 1.0 77
0.744483885508302 1.255516114491698 0.5 1.5 78
1.0 0.8786738848135304 1.0 0.0 79
0.0 1.0 1.0 1.0 80
0.0 1.0 -1.0 1.0 81
1.0 1.1279222045254156 1.0 2.0 82
0.0 1.0143004959652835 0.0 1.0 83
0.0 0.865678287109691 0.0 1.0 84
-0.10727706359898315 1.0 0.0 1.0 85
0.0 1.111887782558564 0.0 1.0 86
1.0 1.1143191264086998 1.0 1.0 87
1.0 0.8806888678790277 1.0 1.0 88
1.1757511054013563 1.0 1.0 1.0 89
0.0 1.242381245208597 0.0 1.0 90
0.0 0.6440641447319494 0.0 1.0 91
0.0 1.3530449276740024 0.0 1.0 92
1.0 1.3773528897239045 1.0 1.0 93
-0.48756352137568904 1.0 0.0 1.0 94
0.0 1.4961957121105227 0.0 1.0 95
1.0 0.4938837842287437 1.0 1.0 96
1.508008732514912 1.0 1.0 1.0 97
0.0 0.3802499949129085 0.0 1.0 98
0.0 1.6331233245730934 0.0 1.0 99
1.0 1.6198651098388437 1.0 1.0 100
0.0 1.7577577283142407 0.0 1.0 101
0.0 0.12266048524390176 0.0 1.0 102
-0.874720524689945 1.0 0.0 1.0 103
0.0 1.8758829519120872 0.0 1.0 104
1.0 1.8765640054986557 1.0 1.0 105
1.0 0.12320203186312485 1.0 1.0 106
1.8761483099156924 1.0 1.0 1.0 107
*** t = 38
1.3788489160177106 1.0 2.0 1.0 4
0.6239131735020236 1.3760868264979764 1.0 1.0 9
0.0 1.7624089138904457 0.0 2.0 19
0.5 1.5 0.0 1.0 26
1.0 1.9913589697926994 1.0 2.0 29
-0.8656634014664079 1.0 -1.0 1.0 33
0.0 1.981028566096052 0.0 2.0 34
0.6237294871729134 1.3762705128270867 1.0 1.0 36
1.7362620289552577 1.0 2.0 1.0 37
0.5166389492145989 1.4833610507854011 0.5 1.5 40
-0.49564731636123893 1.0 -1.0 1.0 46
0.12358560723108532 1.1235856072310852 0.5 1.5 48
0.0 0.8775085909356855 0.0 0.0 49
0.0 1.5074087834009617 0.0 2.0 50
0.24973248312524438 1.0 1.0 1.0 51
1.0 1.0 1.0 2.0 55
0.9713755070497755 1.0 1.0 1.0 58
-0.12540027369068338 1.0 -1.0 1.0 60
0.04987168445900281 1.0 0.0 1.0 61
-0.8925758749665224 1.0 -1.0 1.0 65
0.6228730305624497 1.0 1.0 1.0 66
-0.60399743755164 1.0 -1.0 1.0 67
0.5 1.5 1.0 1.0 68
1.6156773549572536 1.0 2.0 1.0 69
1.0 1.7611621651775158 1.0 2.0 70
1.0 0.2434217738965152 1.0 0.0 71
0.3671664803482385 1.3671664803482386 0.0 1.0 72
0.0 0.6269954311615455 0.0 0.0 73
0.0 0.6290400076150251 0.0 0.0 74
0.6272037323857912 1.0 0.0 1.0 75
-0.37964143376466375 1.0 -1.0 1.0 76
-0.24451624022384555 1.0 -1.0 1.0 77
0.616725828262453 1.383274171737547 0.5 1.5 78
1.0 0.7573477696270607 1.0 0.0 79
0.12421567065134723 1.0 1.0 1.0 80
-0.12145171110627975 1.0 -1.0 1.0 81
1.0 1.2558444090508312 1.0 2.0 82
0.0 1.0 0.5 1.5 83
0.0 0.9893466138396468 0.0 1.0 84
0.0 1.0 0.0 2.0 85
0.0 1.0 1.0 1.0 86
1.0 1.0 1.0 0.0 87
1.0 1.0 2.0 1.0 88
1.0580012633158358 1.0 1.0 1.0 89
0.0 1.116111452743363 0.0 1.0 90
0.0 0.7728769736783393 0.0 1.0 91
0.0 1.223653913208803 0.0 1.0 92
1.0 1.2528234676686854 1.0 1.0 93
-0.3594544017196113 1.0 0.0 1.0 94
0.0 1.3702446401381534 0.0 1.0 95
1.0 0.6173547302859296 1.0 1.0 96
1.38501091564364 1.0 1.0 1.0 97
0.0 0.5069999932172113 0.0 1.0 98
0.0 1.5108310994307912 0.0 1.0 99
1.0 1.493153479785125 1.0 1.0 100
0.0 1.636636592471361 0.0 1.0 101
0.0 0.24532097048780352 0.0 1.0 102
-0.74944104937989 1.0 0.0 1.0 103
0.0 1.7517659038241744 0.0 1.0 104
1.0 1.7531280109973113 1.0 1.0 105
1.0 0.2464040637262497 1.0 1.0 106
1.7522966198313847 1.0 1.0 1.0 107
0.0 1.8764912800136302 0.0 1.0 108
*** t = 39
1.5051318880236142 1.0 2.0 1.0 4
0.7478263470040472 1.2521736529959528 1.0 1.0 9
0.0 1.88947706620552 0.0 2.0 19
0.3722702131813561 1.372270213181356 0.0 1.0 26
-0.9893296016758947 1.0 -1.0 1.0 33
0.7474589743458269 1.2525410256541734 1.0 1.0 36
1.8589723671144673 1.0 2.0 1.0 37
0.5 1.5 1.0 1.0 40
-0.6195591454515487 1.0 -1.0 1.0 46
0.24717121446217064 1.2471712144621705 0.5 1.5 48
0.0 0.7550171818713709 0.0 0.0 49
0.0 1.6342609792512022 0.0 2.0 50
0.3745987246878666 1.0 1.0 1.0 51
1.0 1.12037873394342 1.0 2.0 55
1.0 1.0 0.0 1.0 58
-0.25080054738136676 1.0 -1.0 1.0 60
0.0 1.0 0.0 0.0 61
0.7474476366749396 1.0 1.0 1.0 66
-0.724796925061968 1.0 -1.0 1.0 67
0.6232416720643115 1.3767583279356885 1.0 1.0 68
1.7388128259487043 1.0 2.0 1.0 69
1.0 1.888022526040435 1.0 2.0 70
1.0 0.11732540287926774 1.0 0.0 71
0.23433296069647702 1.2343329606964772 0.0 1.0 72
0.0 0.5026605748820607 0.0 0.0 73
0.0 0.5053866768200335 0.0 0.0 74
0.5029383098477216 1.0 0.0 1.0 75
-0.506188578352885 1.0 -1.0 1.0 76
-0.3667743603357683 1.0 -1.0 1.0 77
0.5 1.5 1.0 1.0 78
1.0 0.6360216544405911 1.0 0.0 79
0.24843134130269445 1.0 1.0 1.0 80
-0.2429034222125595 1.0 -1.0 1.0 81
1.0 1.3837666135762468 1.0 2.0 82
0.12321243800433958 1.1232124380043396 0.5 1.5 83
0.0 1.0 0.0 0.0 84
0.0 1.1275318480572882 0.0 2.0 85
0.1268731739202051 1.0 1.0 1.0 86
1.0 0.8734741609155285 1.0 0.0 87
1.1258126954112897 1.0 2.0 1.0 88
1.0 1.0 1.0 2.0 89
0.0 1.0 0.0 0.0 90
0.0 0.9016898026247292 0.0 1.0 91
0.0 1.0942628987436034 0.0 1.0 92
1.0 1.1282940456134662 1.0 1.0 93
-0.23134528206353355 1.0 0.0 1.0 94
0.0 1.244293568165784 0.0 1.0 95
1.0 0.7408256763431155 1.0 1.0 96
1.2620130987723681 1.0 1.0 1.0 97
0.0 0.6337499915215141 0.0 1.0 98
0.0 1.388538874288489 0.0 1.0 99
1.0 1.3664418497314061 1.0 1.0 100
0.0 1.5155154566284814 0.0 1.0 101
0.0 0.36798145573170526 0.0 1.0 102
-0.624161574069835 1.0 0.0 1.0 103
0.0 1.6276488557362616 0.0 1.0 104
1.0 1.629692016495967 1.0 1.0 105
1.0 0.3696060955893746 1.0 1.0 106
1.628444929747077 1.0 1.0 1.0 107
0.0 1.7529825600272604 0.0 1.0 108
0.0 0.12806126673742985 0.0 1.0 109
0.0 1.8753346726507658 0.0 1.0 110
1.0 1.873445716929969 1.0 1.0 111
*** t = 40
1.6314148600295177 1.0 2.0 1.0 4
0.8717395205060707 1.1282604794939293 1.0 1.0 9
0.24454042636271223 1.244540426362712 0.0 1.0 26
0.8711884615187403 1.12881153848126 1.0 1.0 36
1.981682705273677 1.0 2.0 1.0 37
0.6208402626963503 1.3791597373036497 1.0 1.0 40
-0.7434709745418584 1.0 -1.0 1.0 46
0.37075682169325597 1.3707568216932557 0.5 1.5 48
0.0 0.6325257728070564 0.0 0.0 49
0.0 1.7611131751014426 0.0 2.0 50
0.49946496625048875 1.0 1.0 1.0 51
1.0 1.2407574678868398 1.0 2.0 55
0.878578061618778 1.0 0.0 1.0 58
-0.3762008210720501 1.0 -1.0 1.0 60
0.0 0.8812339605573754 0.0 0.0 61
0.8720222427874296 1.0 1.0 1.0 66
-0.845596412572296 1.0 -1.0 1.0 67
0.7464833441286229 1.253516655871377 1.0 1.0 68
1.861948296940155 1.0 2.0 1.0 69
0.10149944104471553 1.1014994410447159 0.0 1.0 72
0.0 0.37832571860257597 0.0 0.0 73
0.0 0.3817333460250418 0.0 0.0 74
0.378672887309652 1.0 0.0 1.0 75
-0.6327357229411062 1.0 -1.0 1.0 76
-0.4890324804476911 1.0 -1.0 1.0 77
0.627758057245849 1.372241942754151 1.0 1.0 78
1.0 0.5146955392541215 1.0 0.0 79
0.3726470119540417 1.0 1.0 1.0 80
-0.3643551333188393 1.0 -1.0 1.0 81
1.0 1.5116888181016623 1.0 2.0 82
0.24642487600867916 1.2464248760086791 0.5 1.5 83
0.0 0.8763316732700441 0.0 0.0 84
0.0 1.2550636961145765 0.0 2.0 85
0.2537463478404102 1.0 1.0 1.0 86
1.0 0.7469483218310571 1.0 0.0 87
1.2516253908225794 1.0 2.0 1.0 88
1.0 1.1177498420855205 1.0 2.0 89
0.0 0.8737302075347662 0.0 0.0 90
0.0 1.0 0.0 0.0 91
0.0 1.0 0.0 0.0 92
1.0 1.0037646235582471 1.0 1.0 93
-0.10323616240745581 1.0 0.0 1.0 94
0.0 1.1183424961934147 0.0 1.0 95
1.0 0.8642966224003014 1.0 1.0 96
1.1390152819010961 1.0 1.0 1.0 97
0.0 0.7604999898258169 0.0 1.0 98
0.0 1.2662466491461868 0.0 1.0 99
1.0 1.2397302196776874 1.0 1.0 100
0.0 1.3943943207856018 0.0 1.0 101
0.0 0.49064194097560704 0.0 1.0 102
-0.49888209875978 1.0 0.0 1.0 103
0.0 1.5035318076483488 0.0 1.0 104
1.0 1.5062560219946226 1.0 1.0 105
1.0 0.4928081274524994 1.0 1.0 106
1.5045932396627695 1.0 1.0 1.0 107
0.0 1.6294738400408906 0.0 1.0 108
0.0 0.2561225334748597 0.0 1.0 109
0.0 1.7506693453015316 0.0 1.0 110
1.0 1.746891433859938 1.0 1.0 111
-0.8775804487818466 1.0 0.0 1.0 112
0.0 1.871662544299015 0.0 1.0 113
1.0 0.1262974605025989 1.0 1.0 114
1.8745672165919331 1.0 1.0 1.0 115
*** t = 41
1.7576978320354213 1.0 2.0 1.0 4
0.9956526940080943 1.0043473059919057 1.0 1.0 9
0.11681063954406834 1.116810639544068 0.0 1.0 26
0.9949179486916537 1.0050820513083467 1.0 1.0 36
0.7416805253927006 1.2583194746072994 1.0 1.0 40
-0.8673828036321681 1.0 -1.0 1.0 46
0.49434242892434127 1.494342428924341 0.5 1.5 48
0.0 0.5100343637427418 0.0 0.0 49
0.0 1.887965370951683 0.0 2.0 50
0.6243312078131109 1.0 1.0 1.0 51
1.0 1.3611362018302597 1.0 2.0 55
0.7571561232375561 1.0 0.0 1.0 58
-0.5016010947627335 1.0 -1.0 1.0 60
0.0 0.7624679211147507 0.0 0.0 61
0.9965968488999195 1.0 1.0 1.0 66
-0.966395900082624 1.0 -1.0 1.0 67
0.8697250161929344 1.1302749838070656 1.0 1.0 68
1.9850837679316058 1.0 2.0 1.0 69
0.0 1.0 -1.0 1.0 72
0.0 0.2539908623230912 0.0 0.0 73
0.0 0.2580800152300501 0.0 0.0 74
0.2544074647715824 1.0 0.0 1.0 75
-0.7592828675293275 1.0 -1.0 1.0 76
-0.6112906005596139 1.0 -1.0 1.0 77
0.755516114491698 1.244483885508302 1.0 1.0 78
1.0 0.39336942406765185 1.0 0.0 79
0.4968626826053889 1.0 1.0 1.0 80
-0.485806844425119 1.0 -1.0 1.0 81
1.0 1.639611022627078 1.0 2.0 82
0.36963731401301875 1.3696373140130187 0.5 1.5 83
0.0 0.7526633465400883 0.0 0.0 84
0.0 1.3825955441718647 0.0 2.0 85
0.3806195217606153 1.0 1.0 1.0 86
1.0 0.6204224827465856 1.0 0.0 87
1.377438086233869 1.0 2.0 1.0 88
1.0 1.235499684171041 1.0 2.0 89
0.0 0.7474604150695323 0.0 0.0 90
0.0 0.8711871710536101 0.0 0.0 91
0.0 0.8706089855348005 0.0 0.0 92
1.0 1.0 0.5 1.5 93
0.0 1.0 0.0 0.0 94
0.0 1.0 -1.0 1.0 95
1.0 0.9877675684574873 1.0 1.0 96
1.0160174650298242 1.0 1.0 1.0 97
0.0 0.8872499881301197 0.0 1.0 98
0.0 1.1439544240038846 0.0 1.0 99
1.0 1.1130185896239686 1.0 1.0 100
0.0 1.2732731849427221 0.0 1.0 101
0.0 0.6133024262195088 0.0 1.0 102
-0.37360262344972506 1.0 0.0 1.0 103
0.0 1.379414759560436 0.0 1.0 104
1.0 1.3828200274932783 1.0 1.0 105
1.0 0.6160101593156243 1.0 1.0 106
1.3807415495784618 1.0 1.0 1.0 107
0.0 1.5059651200545208 0.0 1.0 108
0.0 0.38418380021228954 0.0 1.0 109
0.0 1.6260040179522974 0.0 1.0 110
1.0 1.620337150789907 1.0 1.0 111
-0.7551608975636932 1.0 0.0 1.0 112
0.0 1.7433250885980298 0.0 1.0 113
1.0 0.2525949210051978 1.0 1.0 114
1.7491344331838663 1.0 1.0 1.0 115
0.0 0.12237947988378062 0.0 1.0 116
0.0 1.8679609074933192 0.0 1.0 117
1.0 1.8739063841495622 1.0 1.0 118
*** t = 42
1.8839808040413248 1.0 2.0 1.0 4
1.0 1.0 1.0 0.0 9
0.0 1.0 0.0 2.0 26
1.0 1.0 0.5 1.5 36
0.8625207880890509 1.1374792119109491 1.0 1.0 40
-0.9912946327224779 1.0 -1.0 1.0 46
0.5 1.5 0.0 1.0 48
0.0 0.38754295467842725 0.0 0.0 49
0.7491974493757331 1.0 1.0 1.0 51
1.0 1.4815149357736797 1.0 2.0 55
0.6357341848563342 1.0 0.0 1.0 58
-0.6270013684534169 1.0 -1.0 1.0 60
0.0 0.643701881672126 0.0 0.0 61
1.0 1.0 2.0 1.0 66
0.9929666882572459 1.0070333117427541 1.0 1.0 68
-0.1328335196517615 1.0 -1.0 1.0 72
0.0 0.12965600604360644 0.0 0.0 73
0.0 0.1344266844350584 0.0 0.0 74
0.13014204223351278 1.0 0.0 1.0 75
-0.8858300121175487 1.0 -1.0 1.0 76
-0.7335487206715368 1.0 -1.0 1.0 77
0.883274171737547 1.116725828262453 1.0 1.0 78
1.0 0.2720433088811822 1.0 0.0 79
0.6210783532567361 1.0 1.0 1.0 80
-0.6072585555313987 1.0 -1.0 1.0 81
1.0 1.7675332271524935 1.0 2.0 82
0.4928497520173583 1.4928497520173583 0.5 1.5 83
0.0 0.6289950198101324 0.0 0.0 84
0.0 1.510127392229153 0.0 2.0 85
0.5074926956808204 1.0 1.0 1.0 86
1.0 0.4938966436621141 1.0 0.0 87
1.5032507816451588 1.0 2.0 1.0 88
1.0 1.3532495262565616 1.0 2.0 89
0.0 0.6211906226042985 0.0 0.0 90
0.0 0.7423743421072202 0.0 0.0 91
0.0 0.741217971069601 0.0 0.0 92
0.8754705779447809 1.124529422055219 0.5 1.5 93
0.0 0.8718908803439223 0.0 0.0 94
-0.12595107197236932 1.0 -1.0 1.0 95
1.0 1.0 0.5 1.5 96
1.0 1.0 1.0 2.0 97
0.0 1.0 0.0 0.0 98
0.0 1.0216621988615824 0.0 1.0 99
1.0 1.0 1.0 2.0 100
0.0 1.1521520490998425 0.0 1.0 101
0.0 0.7359629114634105 0.0 1.0 102
-0.2483231481396701 1.0 0.0 1.0 103
0.0 1.2552977114725232 0.0 1.0 104
1.0 1.259384032991934 1.0 1.0 105
1.0 0.7392121911787491 1.0 1.0 106
1.2568898594941542 1.0 1.0 1.0 107
0.0 1.382456400068151 0.0 1.0 108
0.0 0.5122450669497194 0.0 1.0 109
0.0 1.5013386906030632 0.0 1.0 110
1.0 1.493782867719876 1.0 1.0 111
-0.6327413463455398 1.0 0.0 1.0 112
0.0 1.6149876328970447 0.0 1.0 113
1.0 0.3788923815077967 1.0 1.0 114
1.6237016497757994 1.0 1.0 1.0 115
0.0 0.24475895976756123 0.0 1.0 116
0.0 1.7359218149866384 0.0 1.0 117
1.0 1.7478127682991245 1.0 1.0 118
0.0 1.8758978918619216 0.0 1.0 119
*** t = 43
1.0 0.8760868264979764 1.0 0.0 9
0.0 1.127729786818644 0.0 2.0 26
0.8762705128270866 1.1237294871729133 0.5 1.5 36
0.9833610507854011 1.0166389492145989 1.0 1.0 40
0.3764143927689147 1.3764143927689148 0.0 1.0 48
0.0 0.2650515456141127 0.0 0.0 49
0.8740636909383552 1.0 1.0 1.0 51
1.0 1.6018936697170996 1.0 2.0 55
0.5143122464751122 1.0 0.0 1.0 58
-0.7524016421441003 1.0 -1.0 1.0 60
0.0 0.5249358422295014 0.0 0.0 61
1.12457460611249 1.0 2.0 1.0 66
1.0 1.0 1.0 2.0 68
-0.265667039303523 1.0 -1.0 1.0 72
0.0 0.005321149764121666 0.0 0.0 73
0.0 0.010773353640066721 0.0 0.0 74
0.005876619695443175 1.0 0.0 1.0 75
-0.8558068407834596 1.0 -1.0 1.0 77
1.0 1.0 2.0 1.0 78
1.0 0.15071719369471256 1.0 0.0 79
0.7452940239080833 1.0 1.0 1.0 80
-0.7287102666376785 1.0 -1.0 1.0 81
1.0 1.895455431677909 1.0 2.0 82
0.5 1.5 0.0 1.0 83
0.0 0.5053266930801765 0.0 0.0 84
0.0 1.6376592402864412 0.0 2.0 85
0.6343658696010256 1.0 1.0 1.0 86
1.0 0.3673708045776426 1.0 0.0 87
1.6290634770564485 1.0 2.0 1.0 88
1.0 1.4709993683420821 1.0 2.0 89
0.0 0.4949208301390647 0.0 0.0 90
0.0 0.6135615131608303 0.0 0.0 91
0.0 0.6118269566044015 0.0 0.0 92
0.7509411558895618 1.2490588441104382 0.5 1.5 93
0.0 0.7437817606878445 0.0 0.0 94
-0.25190214394473864 1.0 -1.0 1.0 95
0.8765290539428141 1.123470946057186 0.5 1.5 96
1.0 1.122997816871272 1.0 2.0 97
0.0 0.8732500016956972 0.0 0.0 98
0.0 1.0 -1.0 1.0 99
1.0 1.1267116300537188 1.0 2.0 100
0.0 1.0310309132569628 0.0 1.0 101
0.0 0.8586233967073122 0.0 1.0 102
-0.12304367282961515 1.0 0.0 1.0 103
0.0 1.1311806633846104 0.0 1.0 104
1.0 1.1359480384905896 1.0 1.0 105
1.0 0.862414223041874 1.0 1.0 106
1.1330381694098466 1.0 1.0 1.0 107
0.0 1.2589476800817812 0.0 1.0 108
0.0 0.6403063336871493 0.0 1.0 109
0.0 1.376673363253829 0.0 1.0 110
1.0 1.3672285846498449 1.0 1.0 111
-0.5103217951273864 1.0 0.0 1.0 112
0.0 1.4866501771960596 0.0 1.0 113
1.0 0.5051898420103956 1.0 1.0 114
1.4982688663677326 1.0 1.0 1.0 115
0.0 0.36713843965134185 0.0 1.0 116
0.0 1.6038827224799577 0.0 1.0 117
1.0 1.6217191524486867 1.0 1.0 118
0.0 1.7517957837238431 0.0 1.0 119
0.0 0.12450276486504723 0.0 1.0 120
-0.8764979785511882 1.0 0.0 1.0 121
0.0 1.874671993274629 0.0 1.0 122
1.0 1.8780894677407611 1.0 1.0 123
1.0 0.12932951725502098 1.0 1.0 124
1.8753137411047707 1.0 1.0 1.0 125
*** t = 44
1.0 0.7521736529959528 1.0 0.0 9
0.0 1.255459573637288 0.0 2.0 26
0.7525410256541731 1.2474589743458266 0.5 1.5 36
1.0 1.0 2.0 1.0 40
0.2528287855378294 1.2528287855378295 0.0 1.0 48
0.0 0.14256013654979816 0.0 0.0 49
0.9989299325009774 1.0 1.0 1.0 51
1.0 1.7222724036605195 1.0 2.0 55
0.39289030809389025 1.0 0.0 1.0 58
-0.8778019158347837 1.0 -1.0 1.0 60
0.0 0.40616980278687675 0.0 0.0 61
1.2491492122249799 1.0 2.0 1.0 66
1.0 1.1232416720643115 1.0 2.0 68
-0.39850055895528447 1.0 -1.0 1.0 72
0.0 1.0 0.5 1.5 75
-0.9780649608953824 1.0 -1.0 1.0 77
1.127758057245849 1.0 2.0 1.0 78
1.0 0.029391078508242907 1.0 0.0 79
0.8695096945594305 1.0 1.0 1.0 80
-0.8501619777439582 1.0 -1.0 1.0 81
0.37678756199566044 1.3767875619956604 0.0 1.0 83
0.0 0.38165836635022066 0.0 0.0 84
0.0 1.7651910883437294 0.0 2.0 85
0.7612390435212307 1.0 1.0 1.0 86
1.0 0.24084496549317108 1.0 0.0 87
1.7548761724677382 1.0 2.0 1.0 88
1.0 1.5887492104276026 1.0 2.0 89
0.0 0.3686510376738309 0.0 0.0 90
0.0 0.4847486842144404 0.0 0.0 91
0.0 0.48243594213920193 0.0 0.0 92
0.6264117338343427 1.3735882661656573 0.5 1.5 93
0.0 0.6156726410317668 0.0 0.0 94
-0.37785321591710797 1.0 -1.0 1.0 95
0.7530581078856282 1.2469418921143718 0.5 1.5 96
1.0 1.245995633742544 1.0 2.0 97
0.0 0.7465000033913944 0.0 0.0 98
-0.1222922251423023 1.0 -1.0 1.0 99
1.0 1.2534232601074375 1.0 2.0 100
0.0 1.0 0.0 0.0 101
0.0 0.981283881951214 0.0 1.0 102
0.0 1.0 0.5 1.5 103
0.0 1.0070636152966976 0.0 1.0 104
1.0 1.0125120439892452 1.0 1.0 105
1.0 0.9856162549049988 1.0 1.0 106
1.009186479325539 1.0 1.0 1.0 107
0.0 1.1354389600954113 0.0 1.0 108
0.0 0.7683676004245792 0.0 1.0 109
0.0 1.2520080359045949 0.0 1.0 110
1.0 1.2406743015798138 1.0 1.0 111
-0.38790224390923306 1.0 0.0 1.0 112
0.0 1.3583127214950745 0.0 1.0 113
1.0 0.6314873025129946 1.0 1.0 114
1.3728360829596657 1.0 1.0 1.0 115
0.0 0.48951791953512247 0.0 1.0 116
0.0 1.471843629973277 0.0 1.0 117
1.0 1.495625536598249 1.0 1.0 118
0.0 1.6276936755857647 0.0 1.0 119
0.0 0.24900552973009446 0.0 1.0 120
-0.7529959571023763 1.0 0.0 1.0 121
0.0 1.749343986549258 0.0 1.0 122
1.0 1.7561789354815223 1.0 1.0 123
1.0 0.25865903451004196 1.0 1.0 124
1.7506274822095413 1.0 1.0 1.0 125
0.0 1.8742478495027028 0.0 1.0 126
*** t = 45
1.0 0.6282604794939293 1.0 0.0 9
0.0 1.383189360455932 0.0 2.0 26
0.6288115384812597 1.37118846151874 0.5 1.5 36
1.1208402626963503 1.0 2.0 1.0 40
0.1292431783067441 1.1292431783067443 0.0 1.0 48
0.0 0.020068727485483606 0.0 0.0 49
1.0 1.0 0.0 1.0 51
1.0 1.8426511376039394 1.0 2.0 55
0.2714683697126683 1.0 0.0 1.0 58
0.0 0.2874037633442521 0.0 0.0 61
1.3737238183374698 1.0 2.0 1.0 66
1.0 1.246483344128623 1.0 2.0 68
-0.531334078607046 1.0 -1.0 1.0 72
0.1242654225380696 1.1242654225380697 0.5 1.5 75
1.255516114491698 1.0 2.0 1.0 78
0.9937253652107777 1.0 1.0 1.0 80
-0.9716136888502379 1.0 -1.0 1.0 81
0.25357512399132087 1.2535751239913209 0.0 1.0 83
0.0 0.2579900396202648 0.0 0.0 84
0.0 1.8927229364010176 0.0 2.0 85
0.8881122174414359 1.0 1.0 1.0 86
1.0 0.11431912640869957 1.0 0.0 87
1.880688867879028 1.0 2.0 1.0 88
1.0 1.7064990525131232 1.0 2.0 89
0.0 0.2423812452085971 0.0 0.0 90
0.0 0.3559358552680505 0.0 0.0 91
0.0 0.3530449276740024 0.0 0.0 92
0.5018823117791236 1.4981176882208764 0.5 1.5 93
0.0 0.48756352137568904 0.0 0.0 94
-0.5038042878894773 1.0 -1.0 1.0 95
0.6295871618284423 1.3704128381715577 0.5 1.5 96
1.0 1.368993450613816 1.0 2.0 97
0.0 0.6197500050870917 0.0 0.0 98
-0.2445844502846046 1.0 -1.0 1.0 99
1.0 1.3801348901611563 1.0 2.0 100
0.0 0.8788788641571204 0.0 0.0 101
0.0 1.0 0.5 1.5 102
0.12527947531005496 1.125279475310055 0.5 1.5 103
0.0 1.0 0.5 1.5 104
1.0 1.0 2.0 1.0 105
1.0 1.0 2.0 1.0 106
1.0 1.0 0.0 1.0 107
0.0 1.0119302401090415 0.0 1.0 108
0.0 0.8964288671620091 0.0 1.0 109
0.0 1.1273427085553607 0.0 1.0 110
1.0 1.1141200185097828 1.0 1.0 111
-0.2654826926910797 1.0 0.0 1.0 112
0.0 1.2299752657940894 0.0 1.0 113
1.0 0.7577847630155935 1.0 1.0 114
1.247403299551599 1.0 1.0 1.0 115
0.0 0.6118973994189031 0.0 1.0 116
0.0 1.3398045374665961 0.0 1.0 117
1.0 1.3695319207478112 1.0 1.0 118
0.0 1.5035915674476863 0.0 1.0 119
0.0 0.3735082945951417 0.0 1.0 120
-0.6294939356535645 1.0 0.0 1.0 121
0.0 1.624015979823887 0.0 1.0 122
1.0 1.6342684032222834 1.0 1.0 123
1.0 0.387988551765063 1.0 1.0 124
1.625941223314312 1.0 1.0 1.0 125
0.0 1.7484956990054057 0.0 1.0 126
0.0 0.12473634766298825 0.0 1.0 127
0.0 1.873320804942521 0.0 1.0 128
1.0 1.8731165473159657 1.0 1.0 129
*** t = 46
1.0 0.5043473059919057 1.0 0.0 9
0.0 1.510919147274576 0.0 2.0 26
0.5050820513083463 1.4949179486916533 0.5 1.5 36
1.2416805253927006 1.0 2.0 1.0 40
0.005657571075658771 1.005657571075659 0.0 1.0 48
0.8751337584373778 1.0 0.0 1.0 51
1.0 1.9630298715473593 1.0 2.0 55
0.15004643133144638 1.0 0.0 1.0 58
0.0 0.16863772390162746 0.0 0.0 61
1.4982984244499598 1.0 2.0 1.0 66
1.0 1.3697250161929344 1.0 2.0 68
-0.6641675982588074 1.0 -1.0 1.0 72
0.2485308450761392 1.2485308450761394 0.5 1.5 75
1.383274171737547 1.0 2.0 1.0 78
1.0 1.0 2.0 1.0 80
0.1303626859869813 1.1303626859869813 0.0 1.0 83
0.0 0.13432171289030892 0.0 0.0 84
1.0 1.0 1.0 2.0 86
1.0 1.8242488945986437 1.0 2.0 89
0.0 0.11611145274336332 0.0 0.0 90
0.0 0.22712302632166062 0.0 0.0 91
0.0 0.2236539132088029 0.0 0.0 92
0.5 1.5 0.0 1.0 93
0.0 0.3594544017196113 0.0 0.0 94
-0.6297553598618466 1.0 -1.0 1.0 95
0.5061162157712564 1.4938837842287436 0.5 1.5 96
1.0 1.491991267485088 1.0 2.0 97
0.0 0.4930000067827888 0.0 0.0 98
-0.3668766754269069 1.0 -1.0 1.0 99
1.0 1.506846520214875 1.0 2.0 100
0.0 0.7577577283142407 0.0 0.0 101
0.12266048524390176 1.1226604852439017 0.5 1.5 102
0.2505589506201099 1.25055895062011 0.5 1.5 103
0.12411704808791274 1.1241170480879128 0.5 1.5 104
1.1234359945013443 1.0 2.0 1.0 105
1.1232020318631248 1.0 2.0 1.0 106
0.8761483099156924 1.0 0.0 1.0 107
0.0 1.0 0.0 2.0 108
0.0 1.0 0.0 2.0 109
0.0 1.0026773812061265 0.0 1.0 110
1.0 1.0 2.0 1.0 111
-0.14306314147292637 1.0 0.0 1.0 112
0.0 1.1016378100931044 0.0 1.0 113
1.0 0.8840822235181924 1.0 1.0 114
1.121970516143532 1.0 1.0 1.0 115
0.0 0.7342768793026837 0.0 1.0 116
0.0 1.2077654449599153 0.0 1.0 117
1.0 1.2434383048973734 1.0 1.0 118
0.0 1.3794894593096079 0.0 1.0 119
0.0 0.4980110594601889 0.0 1.0 120
-0.5059919142047526 1.0 0.0 1.0 121
0.0 1.4986879730985159 0.0 1.0 122
1.0 1.5123578709630445 1.0 1.0 123
1.0 0.5173180690200839 1.0 1.0 124
1.5012549644190827 1.0 1.0 1.0 125
0.0 1.6227435485081085 0.0 1.0 126
0.0 0.2494726953259765 0.0 1.0 127
0.0 1.746641609885042 0.0 1.0 128
1.0 1.7462330946319313 1.0 1.0 129
-0.8746844182359987 1.0 0.0 1.0 130
0.0 1.875805694568862 0.0 1.0 131
1.0 0.12281699351927078 1.0 1.0 132
1.8754581942425583 1.0 1.0 1.0 133
*** t = 47
1.0 0.38043413248988206 1.0 0.0 9
0.0 1.63864893409322 0.0 2.0 26
0.5 1.5 1.0 1.0 36
1.3625207880890509 1.0 2.0 1.0 40
0.0 1.0 0.0 0.0 48
0.7502675168747557 1.0 0.0 1.0 51
0.028624492950224456 1.0 0.0 1.0 58
0.0 0.04987168445900281 0.0 0.0 61
1.6228730305624497 1.0 2.0 1.0 66
1.0 1.4929666882572459 1.0 2.0 68
-0.7970011179105689 1.0 -1.0 1.0 72
0.3727962676142088 1.3727962676142091 0.5 1.5 75
1.511032228983396 1.0 2.0 1.0 78
1.1242156706513473 1.0 2.0 1.0 80
0.00715024798264173 1.0071502479826417 0.0 1.0 83
0.0 0.010653386160353065 0.0 0.0 84
1.0 1.1268731739202051 1.0 2.0 86
1.0 1.9419987366841642 1.0 2.0 89
0.0 0.09831019737527075 0.0 0.0 91
0.0 0.09426289874360338 0.0 0.0 92
0.37547057794478084 1.375470577944781 0.0 1.0 93
0.0 0.23134528206353355 0.0 0.0 94
-0.7557064318342159 1.0 -1.0 1.0 95
0.5 1.5 0.0 1.0 96
1.0 1.61498908435636 1.0 2.0 97
0.0 0.366250008478486 0.0 0.0 98
-0.4891689005692092 1.0 -1.0 1.0 99
1.0 1.6335581502685939 1.0 2.0 100
0.0 0.6366365924713611 0.0 0.0 101
0.24532097048780352 1.2453209704878034 0.5 1.5 102
0.37583842593016487 1.375838425930165 0.5 1.5 103
0.24823409617582548 1.2482340961758256 0.5 1.5 104
1.2468719890026887 1.0 2.0 1.0 105
1.2464040637262497 1.0 2.0 1.0 106
0.7522966198313847 1.0 0.0 1.0 107
0.0 1.1235087199863698 0.0 2.0 108
0.0 1.12806126673743 0.0 2.0 109
0.0 1.0 1.0 1.0 110
1.126554283070031 1.0 2.0 1.0 111
-0.02064359025477301 1.0 0.0 1.0 112
0.0 1.0 0.0 2.0 113
1.0 1.0 0.5 1.5 114
1.0 1.0 1.0 2.0 115
0.0 0.8566563591864643 0.0 1.0 116
0.0 1.0757263524532346 0.0 1.0 117
1.0 1.1173446890469356 1.0 1.0 118
0.0 1.2553873511715294 0.0 1.0 119
0.0 0.6225138243252362 0.0 1.0 120
-0.3824898927559408 1.0 0.0 1.0 121
0.0 1.3733599663731448 0.0 1.0 122
1.0 1.3904473387038057 1.0 1.0 123
1.0 0.6466475862751049 1.0 1.0 124
1.3765687055238534 1.0 1.0 1.0 125
0.0 1.4969913980108114 0.0 1.0 126
0.0 0.37420904298896474 0.0 1.0 127
0.0 1.6199624148275629 0.0 1.0 128
1.0 1.619349641947897 1.0 1.0 129
-0.7493688364719975 1.0 0.0 1.0 130
0.0 1.7516113891377239 0.0 1.0 131
1.0 0.24563398703854156 1.0 1.0 132
1.7509163884851167 1.0 1.0 1.0 133
0.0 0.1268207901294286 0.0 1.0 134
0.0 1.8762286753217934 0.0 1.0 135
1.0 1.8768621403988297 1.0 1.0 136
*** t = 48
1.0 0.2565209589878584 1.0 0.0 9
0.0 1.766378720911864 0.0 2.0 26
0.6237294871729134 1.3762705128270867 1.0 1.0 36
1.4833610507854011 1.0 2.0 1.0 40
0.0 0.8764143927689146 0.0 0.0 48
0.6254012753121335 1.0 0.0 1.0 51
0.0 1.0 1.0 1.0 58
1.7474476366749396 1.0 2.0 1.0 66
1.0 1.6162083603215573 1.0 2.0 68
-0.9298346375623304 1.0 -1.0 1.0 72
0.4970616901522784 1.4970616901522789 0.5 1.5 75
1.638790286229245 1.0 2.0 1.0 78
1.2484313413026946 1.0 2.0 1.0 80
0.0 1.0 -1.0 1.0 83
1.0 1.2537463478404103 1.0 2.0 86
0.2509411558895617 1.2509411558895618 0.0 1.0 93
0.0 0.10323616240745581 0.0 0.0 94
-0.8816575038065853 1.0 -1.0 1.0 95
0.3765290539428141 1.376529053942814 0.0 1.0 96
1.0 1.7379869012276319 1.0 2.0 97
0.0 0.23950001017418315 0.0 0.0 98
-0.6114611257115115 1.0 -1.0 1.0 99
1.0 1.7602697803223126 1.0 2.0 100
0.0 0.5155154566284814 0.0 0.0 101
0.36798145573170526 1.3679814557317052 0.5 1.5 102
0.5 1.5 1.0 1.0 103
0.3723511442637382 1.3723511442637384 0.5 1.5 104
1.370307983504033 1.0 2.0 1.0 105
1.3696060955893745 1.0 2.0 1.0 106
0.6284449297470771 1.0 0.0 1.0 107
0.0 1.2470174399727396 0.0 2.0 108
0.0 1.2561225334748598 0.0 2.0 109
0.12466532734923418 1.0 1.0 1.0 110
1.253108566140062 1.0 2.0 1.0 111
0.0 1.0 0.0 0.0 112
0.0 1.128337455700985 0.0 2.0 113
0.8737025394974011 1.1262974605025988 0.5 1.5 114
1.0 1.1254327834080669 1.0 2.0 115
0.0 0.9790358390702449 0.0 1.0 116
0.0 1.0 -1.0 1.0 117
1.0 1.0 2.0 1.0 118
0.0 1.131285243033451 0.0 1.0 119
0.0 0.7470165891902834 0.0 1.0 120
-0.25898787130712897 1.0 0.0 1.0 121
0.0 1.2480319596477738 0.0 1.0 122
1.0 1.2685368064445668 1.0 1.0 123
1.0 0.7759771035301258 1.0 1.0 124
1.251882446628624 1.0 1.0 1.0 125
0.0 1.3712392475135142 0.0 1.0 126
0.0 0.498945390651953 0.0 1.0 127
0.0 1.4932832197700838 0.0 1.0 128
1.0 1.4924661892638627 1.0 1.0 129
-0.6240532547079962 1.0 0.0 1.0 130
0.0 1.6274170837065858 0.0 1.0 131
1.0 0.36845098055781234 1.0 1.0 132
1.626374582727675 1.0 1.0 1.0 133
0.0 0.2536415802588572 0.0 1.0 134
0.0 1.7524573506435868 0.0 1.0 135
1.0 1.7537242807976594 1.0 1.0 136
0.0 1.875365066163027 0.0 1.0 137
*** t = 49
1.0 0.1326077854858348 1.0 0.0 9
0.0 1.894108507730508 0.0 2.0 26
0.7474589743458269 1.2525410256541734 1.0 1.0 36
1.6042013134817514 1.0 2.0 1.0 40
0.0 0.7528287855378293 0.0 0.0 48
0.5005350337495114 1.0 0.0 1.0 51
0.12142193838122192 1.0 1.0 1.0 58
1.8720222427874296 1.0 2.0 1.0 66
1.0 1.7394500323858688 1.0 2.0 68
0.5 1.5 0.0 1.0 75
1.766548343475094 1.0 2.0 1.0 78
1.372647011954042 1.0 2.0 1.0 80
-0.12321243800433958 1.0 -1.0 1.0 83
1.0 1.3806195217606154 1.0 2.0 86
0.1264117338343425 1.1264117338343427 0.0 1.0 93
0.2530581078856282 1.2530581078856282 0.0 1.0 96
1.0 1.8609847180989039 1.0 2.0 97
0.0 0.11275001186988032 0.0 0.0 98
-0.7337533508538138 1.0 -1.0 1.0 99
1.0 1.8869814103760314 1.0 2.0 100
0.0 0.39439432078560177 0.0 0.0 101
0.49064194097560704 1.4906419409756069 0.5 1.5 102
0.625279475310055 1.374720524689945 1.0 1.0 103
0.49646819235165096 1.4964681923516512 0.5 1.5 104
1.4937439780053774 1.0 2.0 1.0 105
1.4928081274524994 1.0 2.0 1.0 106
0.5045932396627695 1.0 0.0 1.0 107
0.0 1.3705261599591094 0.0 2.0 108
0.0 1.3841838002122897 0.0 2.0 109
0.24933065469846835 1.0 1.0 1.0 110
1.379662849210093 1.0 2.0 1.0 111
0.0 0.8775804487818466 0.0 0.0 112
0.0 1.2566749114019702 0.0 2.0 113
0.7474050789948021 1.2525949210051976 0.5 1.5 114
1.0 1.2508655668161337 1.0 2.0 115
0.0 1.0 0.0 2.0 116
-0.1320390925066808 1.0 -1.0 1.0 117
1.1260936158504378 1.0 2.0 1.0 118
0.0 1.0071831348953726 0.0 1.0 119
0.0 0.8715193540553305 0.0 1.0 120
-0.13548584985831713 1.0 0.0 1.0 121
0.0 1.1227039529224028 0.0 1.0 122
1.0 1.146626274185328 1.0 1.0 123
1.0 0.9053066207851468 1.0 1.0 124
1.1271961877333947 1.0 1.0 1.0 125
0.0 1.245487097016217 0.0 1.0 126
0.0 0.6236817383149412 0.0 1.0 127
0.0 1.3666040247126048 0.0 1.0 128
1.0 1.3655827365798283 1.0 1.0 129
-0.49873767294399496 1.0 0.0 1.0 130
0.0 1.5032227782754477 0.0 1.0 131
1.0 0.4912679740770831 1.0 1.0 132
1.5018327769702333 1.0 1.0 1.0 133
0.0 0.3804623703882858 0.0 1.0 134
0.0 1.6286860259653801 0.0 1.0 135
1.0 1.630586421196489 1.0 1.0 136
0.0 1.750730132326054 0.0 1.0 137
0.0 0.12414201698122831 0.0 1.0 138
-0.874765132299534 1.0 0.0 1.0 139
0.0 1.8734388676339282 0.0 1.0 140
1.0 1.8826398575688215 1.0 1.0 141
1.0 0.12650213347271758 1.0 1.0 142
1.875181926021567 1.0 1.0 1.0 143
*** t = 50
1.0 0.008694611983811176 1.0 0.0 9
0.8711884615187403 1.12881153848126 1.0 1.0 36
1.7250415761781017 1.0 2.0 1.0 40
0.0 0.6292431783067439 0.0 0.0 48
0.3756687921868892 1.0 0.0 1.0 51
0.24284387676244384 1.0 1.0 1.0 58
1.9965968488999195 1.0 2.0 1.0 66
1.0 1.8626917044501803 1.0 2.0 68
0.3757345774619304 1.3757345774619303 0.0 1.0 75
1.894306400720943 1.0 2.0 1.0 78
1.4968626826053892 1.0 2.0 1.0 80
-0.24642487600867916 1.0 -1.0 1.0 83
1.0 1.5074926956808206 1.0 2.0 86
0.0018823117791233468 1.0018823117791236 0.0 1.0 93
0.1295871618284423 1.1295871618284423 0.0 1.0 96
1.0 1.9839825349701758 1.0 2.0 97
-0.8560455759961161 1.0 -1.0 1.0 99
0.0 0.2732731849427221 0.0 0.0 101
0.5 1.5 1.0 1.0 102
0.75055895062011 1.24944104937989 1.0 1.0 103
0.5 1.5 1.0 1.0 104
1.6171799725067217 1.0 2.0 1.0 105
1.6160101593156242 1.0 2.0 1.0 106
0.3807415495784619 1.0 0.0 1.0 107
0.0 1.4940348799454792 0.0 2.0 108
0.0 1.5122450669497196 0.0 2.0 109
0.3739959820477025 1.0 1.0 1.0 110
1.506217132280124 1.0 2.0 1.0 111
0.0 0.7551608975636932 0.0 0.0 112
0.0 1.3850123671029553 0.0 2.0 113
0.6211076184922032 1.3788923815077965 0.5 1.5 114
1.0 1.3762983502242006 1.0 2.0 115
0.0 1.1223794798837807 0.0 2.0 116
-0.2640781850133616 1.0 -1.0 1.0 117
1.2521872317008755 1.0 2.0 1.0 118
0.0 1.0 0.0 0.0 119
0.0 0.9960221189203777 0.0 1.0 120
-0.011983828409505279 1.0 0.0 1.0 121
0.0 1.0 0.5 1.5 122
1.0 1.024715741926089 1.0 1.0 123
1.0 1.0 0.5 1.5 124
1.0025099288381654 1.0 1.0 1.0 125
0.0 1.11973494651892 0.0 1.0 126
0.0 0.7484180859779295 0.0 1.0 127
0.0 1.2399248296551257 0.0 1.0 128
1.0 1.238699283895794 1.0 1.0 129
-0.3734220911799937 1.0 0.0 1.0 130
0.0 1.3790284728443096 0.0 1.0 131
1.0 0.6140849675963539 1.0 1.0 132
1.3772909712127916 1.0 1.0 1.0 133
0.0 0.5072831605177144 0.0 1.0 134
0.0 1.5049147012871735 0.0 1.0 135
1.0 1.5074485615953188 1.0 1.0 136
0.0 1.626095198489081 0.0 1.0 137
0.0 0.24828403396245663 0.0 1.0 138
-0.749530264599068 1.0 0.0 1.0 139
0.0 1.7468777352678564 0.0 1.0 140
1.0 1.765279715137643 1.0 1.0 141
1.0 0.25300426694543515 1.0 1.0 142
1.750363852043134 1.0 1.0 1.0 143
0.0 1.8779530519566314 0.0 1.0 144
*** t = 51
0.9949179486916537 1.0050820513083467 1.0 1.0 36
1.845881838874452 1.0 2.0 1.0 40
0.0 0.5056575710756586 0.0 0.0 48
0.25080255062426704 1.0 0.0 1.0 51
0.36426581514366574 1.0 1.0 1.0 58
1.0 1.9859333765144918 1.0 2.0 68
0.2514691549238608 1.2514691549238606 0.0 1.0 75
1.6210783532567365 1.0 2.0 1.0 80
-0.36963731401301875 1.0 -1.0 1.0 83
1.0 1.6343658696010257 1.0 2.0 86
0.0 1.0 0.5 1.5 93
0.0061162157712563725 1.0061162157712564 0.0 1.0 96
-0.9783378011384184 1.0 -1.0 1.0 99
0.0 0.15215204909984248 0.0 0.0 101
0.6226604852439017 1.3773395147560983 1.0 1.0 102
0.875838425930165 1.124161574069835 1.0 1.0 103
0.6241170480879128 1.3758829519120872 1.0 1.0 104
1.740615967008066 1.0 2.0 1.0 105
1.739212191178749 1.0 2.0 1.0 106
0.2568898594941543 1.0 0.0 1.0 107
0.0 1.617543599931849 0.0 2.0 108
0.0 1.6403063336871495 0.0 2.0 109
0.4986613093969367 1.0 1.0 1.0 110
1.6327714153501551 1.0 2.0 1.0 111
0.0 0.6327413463455398 0.0 0.0 112
0.0 1.5133498228039404 0.0 2.0 113
0.5 1.5 0.0 1.0 114
1.0 1.5017311336322674 1.0 2.0 115
0.0 1.2447589597675615 0.0 2.0 116
-0.39611727752004244 1.0 -1.0 1.0 117
1.3782808475513133 1.0 2.0 1.0 118
0.0 0.8758978918619217 0.0 0.0 119
0.0 1.0 -1.0 1.0 120
0.0 1.0 1.0 1.0 121
0.125328006725371 1.125328006725371 0.5 1.5 122
1.0 1.0 2.0 1.0 123
0.870670482744979 1.129329517255021 0.5 1.5 124
1.0 1.0 2.0 1.0 125
0.0 1.0 1.0 1.0 126
0.0 0.8731544336409177 0.0 1.0 127
0.0 1.1132456345976467 0.0 1.0 128
1.0 1.1118158312117596 1.0 1.0 129
-0.24810650941599247 1.0 0.0 1.0 130
0.0 1.2548341674131716 0.0 1.0 131
1.0 0.7369019611156247 1.0 1.0 132
1.25274916545535 1.0 1.0 1.0 133
0.0 0.634103950647143 0.0 1.0 134
0.0 1.381143376608967 0.0 1.0 135
1.0 1.3843107019941485 1.0 1.0 136
0.0 1.501460264652108 0.0 1.0 137
0.0 0.37242605094368497 0.0 1.0 138
-0.624295396898602 1.0 0.0 1.0 139
0.0 1.6203166029017846 0.0 1.0 140
1.0 1.6479195727064644 1.0 1.0 141
1.0 0.37950640041815276 1.0 1.0 142
1.625545778064701 1.0 1.0 1.0 143
0.0 1.7559061039132629 0.0 1.0 144
0.0 0.12666727665218924 0.0 1.0 145
0.0 1.8763008747169676 0.0 1.0 146
1.0 1.871841320109271 1.0 1.0 147
*** t = 52
1.0 1.0 0.5 1.5 36
1.9667221015708023 1.0 2.0 1.0 40
0.0 0.38207196384457326 0.0 0.0 48
0.12593630906164485 1.0 0.0 1.0 51
0.4856877535248877 1.0 1.0 1.0 58
0.1272037323857912 1.1272037323857909 0.0 1.0 75
1.7452940239080839 1.0 2.0 1.0 80
-0.4928497520173583 1.0 -1.0 1.0 83
1.0 1.7612390435212308 1.0 2.0 86
0.12452942205521916 1.124529422055219 0.5 1.5 93
0.0 1.0 0.0 0.0 96
0.0 0.031030913256962833 0.0 0.0 101
0.7453209704878034 1.2546790295121966 1.0 1.0 102
1.0 1.0 0.5 1.5 103
0.7482340961758256 1.2517659038241744 1.0 1.0 104
1.8640519615094104 1.0 2.0 1.0 105
1.8624142230418739 1.0 2.0 1.0 106
0.13303816940984675 1.0 0.0 1.0 107
0.0 1.7410523199182188 0.0 2.0 108
0.0 1.7683676004245794 0.0 2.0 109
0.6233266367461708 1.0 1.0 1.0 110
1.7593256984201862 1.0 2.0 1.0 111
0.0 0.5103217951273864 0.0 0.0 112
0.0 1.6416872785049255 0.0 2.0 113
0.37370253949740107 1.3737025394974012 0.0 1.0 114
1.0 1.6271639170403343 1.0 2.0 115
0.0 1.3671384396513422 0.0 2.0 116
-0.5281563700267232 1.0 -1.0 1.0 117
1.504374463401751 1.0 2.0 1.0 118
0.0 0.7517957837238434 0.0 0.0 119
-0.12450276486504723 1.0 -1.0 1.0 120
0.12350202144881185 1.0 1.0 1.0 121
0.250656013450742 1.250656013450742 0.5 1.5 122
1.1219105322592389 1.0 2.0 1.0 123
0.7413409654899581 1.2586590345100421 0.5 1.5 124
1.1246862588952293 1.0 2.0 1.0 125
0.12575215049729724 1.0 1.0 1.0 126
0.0 0.997890781303906 0.0 1.0 127
0.0 1.0 0.0 0.0 128
1.0 1.0 0.5 1.5 129
-0.12279092765199123 1.0 0.0 1.0 130
0.0 1.1306398619820335 0.0 1.0 131
1.0 0.8597189546348954 1.0 1.0 132
1.1282073596979083 1.0 1.0 1.0 133
0.0 0.7609247407765716 0.0 1.0 134
0.0 1.2573720519307603 0.0 1.0 135
1.0 1.2611728423929782 1.0 1.0 136
0.0 1.376825330815135 0.0 1.0 137
0.0 0.49656806792491326 0.0 1.0 138
-0.49906052919813604 1.0 0.0 1.0 139
0.0 1.4937554705357128 0.0 1.0 140
1.0 1.5305594302752858 1.0 1.0 141
1.0 0.5060085338908703 1.0 1.0 142
1.5007277040862679 1.0 1.0 1.0 143
0.0 1.6338591558698943 0.0 1.0 144
0.0 0.2533345533043785 0.0 1.0 145
0.0 1.7526017494339352 0.0 1.0 146
1.0 1.743682640218542 1.0 1.0 147
-0.8734499875779658 1.0 0.0 1.0 148
0.0 1.8757949006087404 0.0 1.0 149
1.0 0.12233447469666324 1.0 1.0 150
1.8750376486683196 1.0 1.0 1.0 151
*** t = 53
0.8762705128270866 1.1237294871729133 0.5 1.5 36
0.0 0.25848635661348796 0.0 0.0 48
0.0010700674990226644 1.0 0.0 1.0 51
0.6071096919061096 1.0 1.0 1.0 58
0.0029383098477215874 1.0029383098477211 0.0 1.0 75
1.8695096945594312 1.0 2.0 1.0 80
-0.6160621900216979 1.0 -1.0 1.0 83
1.0 1.888112217441436 1.0 2.0 86
0.24905884411043833 1.2490588441104382 0.5 1.5 93
0.0 0.8765290539428141 0.0 0.0 96
0.8679814557317052 1.1320185442682948 1.0 1.0 102
0.874720524689945 1.125279475310055 0.5 1.5 103
0.8723511442637384 1.1276488557362616 1.0 1.0 104
1.9874879560107548 1.0 2.0 1.0 105
1.9856162549049987 1.0 2.0 1.0 106
0.009186479325539176 1.0 0.0 1.0 107
0.0 1.8645610399045887 0.0 2.0 108
0.0 1.8964288671620093 0.0 2.0 109
0.747991964095405 1.0 1.0 1.0 110
1.8858799814902172 1.0 2.0 1.0 111
0.0 0.38790224390923306 0.0 0.0 112
0.0 1.7700247342059106 0.0 2.0 113
0.24740507899480216 1.2474050789948024 0.0 1.0 114
1.0 1.752596700448401 1.0 2.0 115
0.0 1.489517919535123 0.0 2.0 116
-0.660195462533404 1.0 -1.0 1.0 117
1.6304680792521888 1.0 2.0 1.0 118
0.0 0.627693675585765 0.0 0.0 119
-0.24900552973009446 1.0 -1.0 1.0 120
0.2470040428976237 1.0 1.0 1.0 121
0.375984020176113 1.375984020176113 0.5 1.5 122
1.2438210645184777 1.0 2.0 1.0 123
0.6120114482349371 1.3879885517650632 0.5 1.5 124
1.2493725177904587 1.0 2.0 1.0 125
0.2515043009945945 1.0 1.0 1.0 126
0.0 1.0 0.5 1.5 127
0.0 0.873320804942521 0.0 0.0 128
0.8731165473159658 1.1268834526840343 0.5 1.5 129
0.0 1.0 0.0 0.0 130
0.0 1.0064455565508954 0.0 1.0 131
1.0 0.9825359481541662 1.0 1.0 132
1.0036655539404666 1.0 1.0 1.0 133
0.0 0.8877455309060002 0.0 1.0 134
0.0 1.1336007272525537 0.0 1.0 135
1.0 1.138034982791808 1.0 1.0 136
0.0 1.252190396978162 0.0 1.0 137
0.0 0.6207100849061415 0.0 1.0 138
-0.37382566149767005 1.0 0.0 1.0 139
0.0 1.367194338169641 0.0 1.0 140
1.0 1.4131992878441073 1.0 1.0 141
1.0 0.6325106673635879 1.0 1.0 142
1.3759096301078348 1.0 1.0 1.0 143
0.0 1.5118122078265257 0.0 1.0 144
0.0 0.3800018299565677 0.0 1.0 145
0.0 1.6289026241509028 0.0 1.0 146
1.0 1.6155239603278129 1.0 1.0 147
-0.7468999751559315 1.0 0.0 1.0 148
0.0 1.7515898012174809 0.0 1.0 149
1.0 0.24466894939332648 1.0 1.0 150
1.7500752973366391 1.0 1.0 1.0 151
0.0 0.11987755429184623 0.0 1.0 152
0.0 1.8738824311917635 0.0 1.0 153
1.0 1.8718370554474268 1.0 1.0 154
*** t = 54
0.7525410256541731 1.2474589743458266 0.5 1.5 36
0.0 0.13490074938240265 0.0 0.0 48
0.0 1.0 0.5 1.5 51
0.7285316302873316 1.0 1.0 1.0 58
0.0 1.0 1.0 1.0 75
1.9937253652107785 1.0 2.0 1.0 80
-0.7392746280260375 1.0 -1.0 1.0 83
0.3735882661656575 1.3735882661656573 0.5 1.5 93
0.0 0.7530581078856282 0.0 0.0 96
0.9906419409756069 1.0093580590243931 1.0 1.0 102
0.74944104937989 1.25055895062011 0.5 1.5 103
0.9964681923516512 1.0035318076483488 1.0 1.0 104
0.0 1.0 0.0 2.0 107
0.0 1.9880697598909585 0.0 2.0 108
0.8726572914446392 1.0 1.0 1.0 110
0.0 0.2654826926910797 0.0 0.0 112
0.0 1.8983621899068956 0.0 2.0 113
0.12110761849220325 1.1211076184922035 0.0 1.0 114
1.0 1.878029483856468 1.0 2.0 115
0.0 1.6118973994189036 0.0 2.0 116
-0.7922345550400848 1.0 -1.0 1.0 117
1.7565616951026266 1.0 2.0 1.0 118
0.0 0.5035915674476867 0.0 0.0 119
-0.3735082945951417 1.0 -1.0 1.0 120
0.37050606434643557 1.0 1.0 1.0 121
0.5 1.5 1.0 1.0 122
1.3657315967777166 1.0 2.0 1.0 123
0.5 1.5 0.0 1.0 124
1.374058776685688 1.0 2.0 1.0 125
0.3772564514918917 1.0 1.0 1.0 126
0.12473634766298825 1.1247363476629881 0.5 1.5 127
0.0 0.7466416098850419 0.0 0.0 128
0.7462330946319315 1.2537669053680687 0.5 1.5 129
0.0 0.8746844182359987 0.0 0.0 130
0.0 1.0 0.5 1.5 131
1.0 1.0 2.0 1.0 132
1.0 1.0 0.0 1.0 133
0.0 1.0 0.0 2.0 134
0.0 1.009829402574347 0.0 1.0 135
1.0 1.0148971231906376 1.0 1.0 136
0.0 1.127555463141189 0.0 1.0 137
0.0 0.7448521018873698 0.0 1.0 138
-0.24859079379720403 1.0 0.0 1.0 139
0.0 1.2406332058035692 0.0 1.0 140
1.0 1.2958391454129288 1.0 1.0 141
1.0 0.7590128008363054 1.0 1.0 142
1.2510915561294018 1.0 1.0 1.0 143
0.0 1.3897652597831571 0.0 1.0 144
0.0 0.506669106608757 0.0 1.0 145
0.0 1.5052034988678704 0.0 1.0 146
1.0 1.4873652804370838 1.0 1.0 147
-0.6203499627338973 1.0 0.0 1.0 148
0.0 1.6273847018262213 0.0 1.0 149
1.0 0.3670034240899897 1.0 1.0 150
1.6251129460049587 1.0 1.0 1.0 151
0.0 0.23975510858369245 0.0 1.0 152
0.0 1.747764862383527 0.0 1.0 153
1.0 1.7436741108948537 1.0 1.0 154
0.0 1.8770874517405423 0.0 1.0 155
*** t = 55
0.6288115384812597 1.37118846151874 0.5 1.5 36
0.0 0.011315142151317334 0.0 0.0 48
0.12486624156262219 1.1248662415626223 0.5 1.5 51
0.8499535686685535 1.0 1.0 1.0 58
0.1242654225380696 1.0 1.0 1.0 75
-0.8624870660303771 1.0 -1.0 1.0 83
0.49811768822087665 1.4981176882208764 0.5 1.5 93
0.0 0.6295871618284423 0.0 0.0 96
1.0 1.0 1.0 0.0 102
0.624161574069835 1.375838425930165 0.5 1.5 103
1.0 1.0 1.0 2.0 104
0.0 1.1238516900843076 0.0 2.0 107
0.9973226187938734 1.0 1.0 1.0 110
0.0 0.14306314147292637 0.0 0.0 112
0.0 1.0 0.0 0.0 114
0.0 1.7342768793026844 0.0 2.0 116
-0.9242736475467656 1.0 -1.0 1.0 117
1.8826553109530644 1.0 2.0 1.0 118
0.0 0.3794894593096084 0.0 0.0 119
-0.4980110594601889 1.0 -1.0 1.0 120
0.4940080857952474 1.0 1.0 1.0 121
0.625328006725371 1.374671993274629 1.0 1.0 122
1.4876421290369555 1.0 2.0 1.0 123
0.37067048274497905 1.370670482744979 0.0 1.0 124
1.4987450355809173 1.0 2.0 1.0 125
0.503008601989189 1.0 1.0 1.0 126
0.2494726953259765 1.2494726953259763 0.5 1.5 127
0.0 0.6199624148275629 0.0 0.0 128
0.6193496419478973 1.380650358052103 0.5 1.5 129
0.0 0.7493688364719975 0.0 0.0 130
0.12419430543113809 1.124194305431138 0.5 1.5 131
1.1228169935192707 1.0 2.0 1.0 132
0.8754581942425583 1.0 0.0 1.0 133
0.0 1.1268207901294285 0.0 2.0 134
0.0 1.0 0.0 0.0 135
1.0 1.0 0.0 1.0 136
0.0 1.002920529304216 0.0 1.0 137
0.0 0.8689941188685981 0.0 1.0 138
-0.12335592609673801 1.0 0.0 1.0 139
0.0 1.1140720734374974 0.0 1.0 140
1.0 1.1784790029817502 1.0 1.0 141
1.0 0.885514934309023 1.0 1.0 142
1.1262734821509688 1.0 1.0 1.0 143
0.0 1.2677183117397886 0.0 1.0 144
0.0 0.6333363832609462 0.0 1.0 145
0.0 1.381504373584838 0.0 1.0 146
1.0 1.3592066005463548 1.0 1.0 147
-0.493799950311863 1.0 0.0 1.0 148
0.0 1.5031796024349617 0.0 1.0 149
1.0 0.48933789878665296 1.0 1.0 150
1.5001505946732783 1.0 1.0 1.0 151
0.0 0.3596326628755387 0.0 1.0 152
0.0 1.6216472935752904 0.0 1.0 153
1.0 1.6155111663422805 1.0 1.0 154
0.0 1.7541749034810845 0.0 1.0 155
0.0 0.1258641830865332 0.0 1.0 156
-0.8743603001650417 1.0 0.0 1.0 157
0.0 1.8754554274846795 0.0 1.0 158
1.0 1.8791314671610408 1.0 1.0 159
1.0 0.12173204333519987 1.0 1.0 160
1.877005818582479 1.0 1.0 1.0 161
*** t = 56
0.5050820513083463 1.4949179486916533 0.5 1.5 36
0.24973248312524438 1.2497324831252445 0.5 1.5 51
0.9713755070497755 1.0 1.0 1.0 58
0.2485308450761392 1.0 1.0 1.0 75
-0.9856995040347166 1.0 -1.0 1.0 83
0.5 1.5 0.0 1.0 93
0.0 0.5061162157712564 0.0 0.0 96
1.0 0.8773395147560983 1.0 0.0 102
0.5 1.5 0.0 1.0 103
1.0 1.1241170480879128 1.0 2.0 104
0.0 1.2477033801686153 0.0 2.0 107
1.0 1.0 1.0 2.0 110
0.0 0.02064359025477301 0.0 0.0 112
0.0 0.8737025394974011 0.0 0.0 114
0.0 1.856656359186465 0.0 2.0 116
0.0 0.2553873511715301 0.0 0.0 119
-0.6225138243252362 1.0 -1.0 1.0 120
0.6175101072440593 1.0 1.0 1.0 121
0.7506560134507421 1.249343986549258 1.0 1.0 122
1.6095526612961943 1.0 2.0 1.0 123
0.24134096548995806 1.2413409654899579 0.0 1.0 124
1.6234312944761466 1.0 2.0 1.0 125
0.6287607524864862 1.0 1.0 1.0 126
0.37420904298896474 1.3742090429889644 0.5 1.5 127
0.0 0.49328321977008377 0.0 0.0 128
0.5 1.5 0.0 1.0 129
0.0 0.6240532547079962 0.0 0.0 130
0.24838861086227618 1.2483886108622761 0.5 1.5 131
1.2456339870385413 1.0 2.0 1.0 132
0.7509163884851167 1.0 0.0 1.0 133
0.0 1.253641580258857 0.0 2.0 134
0.0 0.8762286753217934 0.0 0.0 135
0.8768621403988296 1.0 0.0 1.0 136
0.0 1.0 0.0 0.0 137
0.0 0.9931361358498264 0.0 1.0 138
0.0 1.0 0.5 1.5 139
0.0 1.0 0.0 0.0 140
1.0 1.0611188605505717 1.0 1.0 141
1.0 1.0 2.0 1.0 142
1.0014554081725358 1.0 1.0 1.0 143
0.0 1.14567136369642 0.0 1.0 144
0.0 0.7600036599131355 0.0 1.0 145
0.0 1.2578052483018056 0.0 1.0 146
1.0 1.2310479206556257 1.0 1.0 147
-0.36724993788982874 1.0 0.0 1.0 148
0.0 1.3789745030437022 0.0 1.0 149
1.0 0.6116723734833162 1.0 1.0 150
1.3751882433415978 1.0 1.0 1.0 151
0.0 0.4795102171673849 0.0 1.0 152
0.0 1.4955297247670538 0.0 1.0 153
1.0 1.4873482217897074 1.0 1.0 154
0.0 1.6312623552216268 0.0 1.0 155
0.0 0.2517283661730664 0.0 1.0 156
-0.7487206003300835 1.0 0.0 1.0 157
0.0 1.750910854969359 0.0 1.0 158
1.0 1.7582629343220817 1.0 1.0 159
1.0 0.24346408667039973 1.0 1.0 160
1.754011637164958 1.0 1.0 1.0 161
0.0 1.8731043479006075 0.0 1.0 162
*** t = 57
0.5 1.5 1.0 1.0 36
0.3745987246878666 1.3745987246878668 0.5 1.5 51
1.0 1.0 1.0 2.0 58
0.3727962676142088 1.0 1.0 1.0 75
0.37547057794478084 1.375470577944781 0.0 1.0 93
0.0 0.38264526971407054 0.0 0.0 96
1.0 0.7546790295121966 1.0 0.0 102
0.37472052468994504 1.374720524689945 0.0 1.0 103
1.0 1.2482340961758256 1.0 2.0 104
0.0 1.371555070252923 0.0 2.0 107
1.0 1.1246653273492342 1.0 2.0 110
0.0 0.7474050789948021 0.0 0.0 114
0.0 1.9790358390702458 0.0 2.0 116
0.0 0.13128524303345177 0.0 0.0 119
-0.7470165891902834 1.0 -1.0 1.0 120
0.7410121286928711 1.0 1.0 1.0 121
0.8759840201761131 1.124015979823887 1.0 1.0 122
1.7314631935554332 1.0 2.0 1.0 123
0.11201144823493708 1.1120114482349368 0.0 1.0 124
1.748117553371376 1.0 2.0 1.0 125
0.7545129029837835 1.0 1.0 1.0 126
0.498945390651953 1.4989453906519525 0.5 1.5 127
0.0 0.36660402471260467 0.0 0.0 128
0.3731165473159658 1.3731165473159657 0.0 1.0 129
0.0 0.49873767294399496 0.0 0.0 130
0.3725829162934143 1.3725829162934142 0.5 1.5 131
1.368450980557812 1.0 2.0 1.0 132
0.626374582727675 1.0 0.0 1.0 133
0.0 1.3804623703882855 0.0 2.0 134
0.0 0.7524573506435868 0.0 0.0 135
0.7537242807976592 1.0 0.0 1.0 136
0.0 0.8753650661630271 0.0 0.0 137
0.0 1.0 0.0 0.0 138
0.12523486770046602 1.125234867700466 0.5 1.5 139
0.0 0.8734388676339282 0.0 0.0 140
1.0 1.0 0.0 1.0 141
1.1265021334727177 1.0 2.0 1.0 142
1.0 1.0 1.0 0.0 143
0.0 1.0236244156530514 0.0 1.0 144
0.0 0.8866709365653247 0.0 1.0 145
0.0 1.1341061230187732 0.0 1.0 146
1.0 1.1028892407648967 1.0 1.0 147
-0.24069992546779445 1.0 0.0 1.0 148
0.0 1.2547694036524426 0.0 1.0 149
1.0 0.7340068481799794 1.0 1.0 150
1.2502258920099174 1.0 1.0 1.0 151
0.0 0.5993877714592312 0.0 1.0 152
0.0 1.3694121559588173 0.0 1.0 153
1.0 1.3591852772371342 1.0 1.0 154
0.0 1.508349806962169 0.0 1.0 155
0.0 0.37759254925959956 0.0 1.0 156
-0.6230809004951252 1.0 0.0 1.0 157
0.0 1.6263662824540386 0.0 1.0 158
1.0 1.6373944014831225 1.0 1.0 159
1.0 0.3651961300055996 1.0 1.0 160
1.6310174557474368 1.0 1.0 1.0 161
0.0 1.746208695801215 0.0 1.0 162
0.0 0.13146092221516542 0.0 1.0 163
0.0 1.8753142180305944 0.0 1.0 164
1.0 1.8774272129908152 1.0 1.0 165
*** t = 58
0.6237294871729134 1.3762705128270867 1.0 1.0 36
0.49946496625048875 1.499464966250489 0.5 1.5 51
1.0 1.1214219383812218 1.0 2.0 58
0.4970616901522784 1.0 1.0 1.0 75
0.2509411558895617 1.2509411558895618 0.0 1.0 93
0.0 0.25917432365688464 0.0 0.0 96
1.0 0.6320185442682948 1.0 0.0 102
0.2494410493798901 1.24944104937989 0.0 1.0 103
1.0 1.3723511442637384 1.0 2.0 104
0.0 1.4954067603372305 0.0 2.0 107
1.0 1.2493306546984684 1.0 2.0 110
0.0 0.6211076184922032 0.0 0.0 114
0.0 0.007183134895373422 0.0 0.0 119
-0.8715193540553305 1.0 -1.0 1.0 120
0.864514150141683 1.0 1.0 1.0 121
1.0 1.0 1.0 2.0 122
1.853373725814672 1.0 2.0 1.0 123
0.0 1.0 -1.0 1.0 124
1.8728038122666053 1.0 2.0 1.0 125
0.8802650534810808 1.0 1.0 1.0 126
0.5 1.5 0.0 1.0 127
0.0 0.23992482965512557 0.0 0.0 128
0.24623309463193152 1.2462330946319313 0.0 1.0 129
0.0 0.3734220911799937 0.0 0.0 130
0.49677722172455235 1.4967772217245523 0.5 1.5 131
1.4912679740770827 1.0 2.0 1.0 132
0.5018327769702333 1.0 0.0 1.0 133
0.0 1.507283160517714 0.0 2.0 134
0.0 0.6286860259653801 0.0 0.0 135
0.6305864211964888 1.0 0.0 1.0 136
0.0 0.7507301323260542 0.0 0.0 137
0.0 0.8758579830187717 0.0 0.0 138
0.25046973540093204 1.250469735400932 0.5 1.5 139
0.0 0.7468777352678564 0.0 0.0 140
0.8826398575688215 1.0 0.0 1.0 141
1.2530042669454353 1.0 2.0 1.0 142
1.0 0.8751819260215671 1.0 0.0 143
0.0 1.0 0.0 2.0 144
0.0 1.0 0.0 2.0 145
0.0 1.0104069977357408 0.0 1.0 146
1.0 1.0 0.5 1.5 147
-0.11414991304576017 1.0 0.0 1.0 148
0.0 1.130564304261183 0.0 1.0 149
1.0 0.8563413228766427 1.0 1.0 150
1.125263540678237 1.0 1.0 1.0 151
0.0 0.7192653257510774 0.0 1.0 152
0.0 1.2432945871505807 0.0 1.0 153
1.0 1.231022332684561 1.0 1.0 154
0.0 1.3854372587027113 0.0 1.0 155
0.0 0.5034567323461328 0.0 1.0 156
-0.497441200660167 1.0 0.0 1.0 157
0.0 1.501821709938718 0.0 1.0 158
1.0 1.5165258686441634 1.0 1.0 159
1.0 0.48692817334079946 1.0 1.0 160
1.5080232743299158 1.0 1.0 1.0 161
0.0 1.6193130437018226 0.0 1.0 162
0.0 0.26292184443033084 0.0 1.0 163
0.0 1.7506284360611888 0.0 1.0 164
1.0 1.7548544259816303 1.0 1.0 165
-0.8718133251554706 1.0 0.0 1.0 166
0.0 1.87517868755858 0.0 1.0 167
1.0 0.12641159766653165 1.0 1.0 168
1.873255370818529 1.0 1.0 1.0 169
*** t = 59
0.7474589743458269 1.2525410256541734 1.0 1.0 36
0.5 1.5 1.0 1.0 51
1.0 1.2428438767624437 1.0 2.0 58
0.621327112690348 1.0 1.0 1.0 75
0.1264117338343425 1.1264117338343427 0.0 1.0 93
0.0 0.13570337759969872 0.0 0.0 96
1.0 0.5093580590243931 1.0 0.0 102
0.12416157406983513 1.124161574069835 0.0 1.0 103
1.0 1.4964681923516512 1.0 2.0 104
0.0 1.6192584504215382 0.0 2.0 107
1.0 1.3739959820477026 1.0 2.0 110
0.0 0.49481015798960426 0.0 0.0 114
-0.9960221189203777 1.0 -1.0 1.0 120
0.9880161715904948 1.0 1.0 1.0 121
1.0 1.125328006725371 1.0 2.0 122
1.975284258073911 1.0 2.0 1.0 123
-0.12932951725502098 1.0 -1.0 1.0 124
1.9974900711618346 1.0 2.0 1.0 125
1.0 1.0 1.0 2.0 126
0.37526365233701175 1.3752636523370119 0.0 1.0 127
0.0 0.11324563459764647 0.0 0.0 128
0.11934964194789727 1.119349641947897 0.0 1.0 129
0.0 0.24810650941599247 0.0 0.0 130
0.5 1.5 0.0 1.0 131
1.6140849675963533 1.0 2.0 1.0 132
0.37729097121279165 1.0 0.0 1.0 133
0.0 1.6341039506471424 0.0 2.0 134
0.0 0.5049147012871735 0.0 0.0 135
0.5074485615953184 1.0 0.0 1.0 136
0.0 0.6260951984890814 0.0 0.0 137
0.0 0.7517159660375434 0.0 0.0 138
0.3757046031013981 1.375704603101398 0.5 1.5 139
0.0 0.6203166029017846 0.0 0.0 140
0.7652797151376429 1.0 0.0 1.0 141
1.379506400418153 1.0 2.0 1.0 142
1.0 0.7503638520431342 1.0 0.0 143
0.0 1.1220469480433686 0.0 2.0 144
0.0 1.1266672766521892 0.0 2.0 145
0.0 1.0 -1.0 1.0 146
0.8718413201092708 1.128158679890729 0.5 1.5 147
0.0 1.0 -1.0 1.0 148
0.0 1.0063592048699235 0.0 1.0 149
1.0 0.9786757975733059 1.0 1.0 150
1.0003011893465565 1.0 1.0 1.0 151
0.0 0.8391428800429236 0.0 1.0 152
0.0 1.1171770183423442 0.0 1.0 153
1.0 1.102859388131988 1.0 1.0 154
0.0 1.2625247104432535 0.0 1.0 155
0.0 0.629320915432666 0.0 1.0 156
-0.3718015008252088 1.0 0.0 1.0 157
0.0 1.3772771374233976 0.0 1.0 158
1.0 1.3956573358052042 1.0 1.0 159
1.0 0.6086602166759993 1.0 1.0 160
1.3850290929123947 1.0 1.0 1.0 161
0.0 1.4924173916024301 0.0 1.0 162
0.0 0.39438276664549626 0.0 1.0 163
0.0 1.6259426540917832 0.0 1.0 164
1.0 1.6322816389724455 1.0 1.0 165
-0.7436266503109412 1.0 0.0 1.0 166
0.0 1.7503573751171602 0.0 1.0 167
1.0 0.2528231953330633 1.0 1.0 168
1.7465107416370582 1.0 1.0 1.0 169
0.0 0.12213288182327034 0.0 1.0 170
0.0 1.874743750422231 0.0 1.0 171
1.0 1.8755288675890258 1.0 1.0 172
*** t = 60
0.8711884615187403 1.12881153848126 1.0 1.0 36
0.6248662415626222 1.3751337584373777 1.0 1.0 51
1.0 1.3642658151436655 1.0 2.0 58
0.7455925352284176 1.0 1.0 1.0 75
0.0018823117791233468 1.0018823117791236 0.0 1.0 93
0.0 0.0122324315425128 0.0 0.0 96
1.0 0.38669757378049135 1.0 0.0 102
0.0 1.0 0.5 1.5 103
1.0 1.620585240439564 1.0 2.0 104
0.0 1.7431101405058458 0.0 2.0 107
1.0 1.4986613093969368 1.0 2.0 110
0.0 0.3685126974870053 0.0 0.0 114
1.0 1.0 0.0 1.0 121
1.0 1.250656013450742 1.0 2.0 122
-0.25865903451004196 1.0 -1.0 1.0 124
1.0 1.1257521504972972 1.0 2.0 126
0.2505273046740235 1.2505273046740237 0.0 1.0 127
0.0 1.0 -1.0 1.0 129
0.0 0.12279092765199123 0.0 0.0 130
0.3758056945688619 1.375805694568862 0.0 1.0 131
1.736901961115624 1.0 2.0 1.0 132
0.25274916545535 1.0 0.0 1.0 133
0.0 1.760924740776571 0.0 2.0 134
0.0 0.3811433766089669 0.0 0.0 135
0.38431070199414796 1.0 0.0 1.0 136
0.0 0.5014602646521085 0.0 0.0 137
0.0 0.6275739490563151 0.0 0.0 138
0.5 1.5 0.0 1.0 139
0.0 0.4937554705357128 0.0 0.0 140
0.6479195727064644 1.0 0.0 1.0 141
1.5060085338908706 1.0 2.0 1.0 142
1.0 0.6255457780647012 1.0 0.0 143
0.0 1.2440938960867371 0.0 2.0 144
0.0 1.2533345533043785 0.0 2.0 145
-0.12369912528303238 1.0 -1.0 1.0 146
0.7436826402185417 1.256317359781458 0.5 1.5 147
-0.12655001242203429 1.0 -1.0 1.0 148
0.0 1.0 -1.0 1.0 149
1.0 1.0 1.0 2.0 150
1.0 1.0 2.0 1.0 151
0.0 0.9590204343347698 0.0 1.0 152
0.0 1.0 -1.0 1.0 153
1.0 1.0 1.0 0.0 154
0.0 1.1396121621837958 0.0 1.0 155
0.0 0.7551850985191992 0.0 1.0 156
-0.2461618009902506 1.0 0.0 1.0 157
0.0 1.2527325649080772 0.0 1.0 158
1.0 1.274788802966245 1.0 1.0 159
1.0 0.7303922600111992 1.0 1.0 160
1.2620349114948737 1.0 1.0 1.0 161
0.0 1.3655217395030377 0.0 1.0 162
0.0 0.5258436888606617 0.0 1.0 163
0.0 1.5012568721223776 0.0 1.0 164
1.0 1.5097088519632607 1.0 1.0 165
-0.6154399754664118 1.0 0.0 1.0 166
0.0 1.6255360626757402 0.0 1.0 167
1.0 0.37923479299959495 1.0 1.0 168
1.6197661124555873 1.0 1.0 1.0 169
0.0 0.24426576364654068 0.0 1.0 170
0.0 1.7494875008444621 0.0 1.0 171
1.0 1.7510577351780516 1.0 1.0 172
0.0 1.8812419452349325 0.0 1.0 173
*** t = 61
0.9949179486916537 1.0050820513083467 1.0 1.0 36
0.7497324831252443 1.2502675168747555 1.0 1.0 51
1.0 1.4856877535248874 1.0 2.0 58
0.8698579577664872 1.0 1.0 1.0 75
0.0 1.0 0.0 0.0 93
1.0 0.2640370885365896 1.0 0.0 102
0.12527947531005496 1.125279475310055 0.5 1.5 103
1.0 1.7447022885274768 1.0 2.0 104
0.0 1.8669618305901534 0.0 2.0 107
1.0 1.623326636746171 1.0 2.0 110
0.0 0.24221523698440642 0.0 0.0 114
0.8764979785511882 1.0 0.0 1.0 121
1.0 1.375984020176113 1.0 2.0 122
-0.387988551765063 1.0 -1.0 1.0 124
1.0 1.2515043009945943 1.0 2.0 126
0.12579095701103526 1.1257909570110356 0.0 1.0 127
-0.12688345268403425 1.0 -1.0 1.0 129
0.25161138913772385 1.2516113891377239 0.0 1.0 131
1.8597189546348947 1.0 2.0 1.0 132
0.1282073596979083 1.0 0.0 1.0 133
0.0 1.8877455309059994 0.0 2.0 134
0.0 0.2573720519307603 0.0 0.0 135
0.26117284239297756 1.0 0.0 1.0 136
0.0 0.3768253308151356 0.0 0.0 137
0.0 0.5034319320750869 0.0 0.0 138
0.374765132299534 1.374765132299534 0.0 1.0 139
0.0 0.367194338169641 0.0 0.0 140
0.5305594302752858 1.0 0.0 1.0 141
1.6325106673635883 1.0 2.0 1.0 142
1.0 0.5007277040862683 1.0 0.0 143
0.0 1.3661408441301057 0.0 2.0 144
0.0 1.3800018299565677 0.0 2.0 145
-0.24739825056606476 1.0 -1.0 1.0 146
0.6155239603278125 1.3844760396721871 0.5 1.5 147
-0.25310002484406857 1.0 -1.0 1.0 148
-0.12420509939125965 1.0 -1.0 1.0 149
1.0 1.1223344746966633 1.0 2.0 150
1.1249623513316804 1.0 2.0 1.0 151
0.0 1.0 1.0 1.0 152
-0.1261175688082365 1.0 -1.0 1.0 153
1.0 0.871837055447427 1.0 0.0 154
0.0 1.016699613924338 0.0 1.0 155
0.0 0.8810492816057325 0.0 1.0 156
-0.12052210115529238 1.0 0.0 1.0 157
0.0 1.1281879923927567 0.0 1.0 158
1.0 1.153920270127286 1.0 1.0 159
1.0 0.852124303346399 1.0 1.0 160
1.1390407300773526 1.0 1.0 1.0 161
0.0 1.2386260874036452 0.0 1.0 162
0.0 0.6573046110758272 0.0 1.0 163
0.0 1.376571090152972 0.0 1.0 164
1.0 1.3871360649540758 1.0 1.0 165
-0.48725330062188243 1.0 0.0 1.0 166
0.0 1.5007147502343203 0.0 1.0 167
1.0 0.5056463906661266 1.0 1.0 168
1.4930214832741164 1.0 1.0 1.0 169
0.0 0.36639864546981105 0.0 1.0 170
0.0 1.6242312512666932 0.0 1.0 171
1.0 1.6265866027670774 1.0 1.0 172
0.0 1.762483890469865 0.0 1.0 173
0.0 0.12235247633925224 0.0 1.0 174
-0.87025600031419 1.0 0.0 1.0 175
0.0 1.873392311616242 0.0 1.0 176
1.0 1.874776722346419 1.0 1.0 177
1.0 0.13035967525096928 1.0 1.0 178
1.8758129968278865 1.0 1.0 1.0 179
*** t = 62
1.0 1.0 0.5 1.5 36
0.8745987246878665 1.1254012753121332 1.0 1.0 51
1.0 1.6071096919061092 1.0 2.0 58
0.9941233803045568 1.0 1.0 1.0 75
0.0 0.8754705779447809 0.0 0.0 93
1.0 0.1413766032926878 1.0 0.0 102
0.2505589506201099 1.25055895062011 0.5 1.5 103
1.0 1.8688193366153896 1.0 2.0 104
0.0 1.990813520674461 0.0 2.0 107
1.0 1.7479919640954051 1.0 2.0 110
0.0 0.11591777648180751 0.0 0.0 114
0.7529959571023763 1.0 0.0 1.0 121
1.0 1.5013120269014841 1.0 2.0 122
-0.5173180690200839 1.0 -1.0 1.0 124
1.0 1.3772564514918915 1.0 2.0 126
0.0010546093480470198 1.0010546093480475 0.0 1.0 127
-0.2537669053680685 1.0 -1.0 1.0 129
0.12741708370658578 1.1274170837065858 0.0 1.0 131
1.9825359481541653 1.0 2.0 1.0 132
0.003665553940466623 1.0 0.0 1.0 133
0.0 0.13360072725255367 0.0 0.0 135
0.13803498279180715 1.0 0.0 1.0 136
0.0 0.2521903969781627 0.0 0.0 137
0.0 0.37928991509385857 0.0 0.0 138
0.249530264599068 1.249530264599068 0.0 1.0 139
0.0 0.2406332058035692 0.0 0.0 140
0.4131992878441073 1.0 0.0 1.0 141
1.759012800836306 1.0 2.0 1.0 142
1.0 0.3759096301078354 1.0 0.0 143
0.0 1.4881877921734743 0.0 2.0 144
0.0 1.506669106608757 0.0 2.0 145
-0.37109737584909713 1.0 -1.0 1.0 146
0.5 1.5 1.0 1.0 147
-0.37965003726610286 1.0 -1.0 1.0 148
-0.2484101987825193 1.0 -1.0 1.0 149
1.0 1.2446689493933265 1.0 2.0 150
1.2499247026633609 1.0 2.0 1.0 151
0.11987755429184623 1.0 1.0 1.0 152
-0.252235137616473 1.0 -1.0 1.0 153
1.0 0.7436741108948539 1.0 0.0 154
0.0 1.0 -1.0 1.0 155
0.0 1.0 1.0 1.0 156
0.0 1.0 0.5 1.5 157
0.0 1.0036434198774362 0.0 1.0 158
1.0 1.0330517372883268 1.0 1.0 159
1.0 0.9738563466815988 1.0 1.0 160
1.0160465486598316 1.0 1.0 1.0 161
0.0 1.1117304353042528 0.0 1.0 162
0.0 0.7887655332909926 0.0 1.0 163
0.0 1.2518853081835664 0.0 1.0 164
1.0 1.264563277944891 1.0 1.0 165
-0.35906662577735304 1.0 0.0 1.0 166
0.0 1.3758934377929004 0.0 1.0 167
1.0 0.6320579883326582 1.0 1.0 168
1.3662768540926455 1.0 1.0 1.0 169
0.0 0.48853152729308136 0.0 1.0 170
0.0 1.4989750016889243 0.0 1.0 171
1.0 1.5021154703561033 1.0 1.0 172
0.0 1.6437258357047975 0.0 1.0 173
0.0 0.24470495267850448 0.0 1.0 174
-0.7405120006283801 1.0 0.0 1.0 175
0.0 1.7467846232324842 0.0 1.0 176
1.0 1.7495534446928378 1.0 1.0 177
1.0 0.26071935050193856 1.0 1.0 178
1.751625993655773 1.0 1.0 1.0 179
0.0 1.8776156080938167 0.0 1.0 180
*** t = 63
0.8762705128270866 1.1237294871729133 0.5 1.5 36
0.9994649662504886 1.000535033749511 1.0 1.0 51
1.0 1.728531630287331 1.0 2.0 58
1.0 1.0 1.0 0.0 75
0.0 0.7509411558895618 0.0 0.0 93
1.0 0.01871611804878605 1.0 0.0 102
0.37583842593016487 1.375838425930165 0.5 1.5 103
1.0 1.9929363847033024 1.0 2.0 104
1.0 1.8726572914446393 1.0 2.0 110
0.6294939356535645 1.0 0.0 1.0 121
1.0 1.6266400336268552 1.0 2.0 122
-0.6466475862751049 1.0 -1.0 1.0 124
1.0 1.5030086019891886 1.0 2.0 126
0.0 1.0 -1.0 1.0 127
-0.3806503580521028 1.0 -1.0 1.0 129
0.003222778275447688 1.0032227782754477 0.0 1.0 131
0.0 1.0 0.0 0.0 133
0.0 0.009829402574347071 0.0 0.0 135
0.014897123190636755 1.0 0.0 1.0 136
0.0 0.1275554631411898 0.0 0.0 137
0.0 0.2551478981126303 0.0 0.0 138
0.12429539689860197 1.124295396898602 0.0 1.0 139
0.0 0.11407207343749742 0.0 0.0 140
0.2958391454129288 1.0 0.0 1.0 141
1.8855149343090236 1.0 2.0 1.0 142
1.0 0.2510915561294025 1.0 0.0 143
0.0 1.6102347402168429 0.0 2.0 144
0.0 1.6333363832609462 0.0 2.0 145
-0.49479650113212953 1.0 -1.0 1.0 146
0.6281586798907292 1.371841320109271 1.0 1.0 147
-0.5062000496881371 1.0 -1.0 1.0 148
-0.3726152981737789 1.0 -1.0 1.0 149
1.0 1.3670034240899898 1.0 2.0 150
1.3748870539950413 1.0 2.0 1.0 151
0.23975510858369245 1.0 1.0 1.0 152
-0.3783527064247095 1.0 -1.0 1.0 153
1.0 0.6155111663422809 1.0 0.0 154
-0.12291254825945785 1.0 -1.0 1.0 155
0.1258641830865332 1.0 1.0 1.0 156
0.1256396998349582 1.1256396998349583 0.5 1.5 157
0.0 1.0 0.0 0.0 158
1.0 1.0 1.0 0.0 159
1.0 1.0 2.0 1.0 160
1.0 1.0 1.0 0.0 161
0.0 1.0 1.0 1.0 162
0.0 0.9202264555061581 0.0 1.0 163
0.0 1.1271995262141608 0.0 1.0 164
1.0 1.1419904909357061 1.0 1.0 165
-0.23087995093282362 1.0 0.0 1.0 166
0.0 1.2510721253514805 0.0 1.0 167
1.0 0.7584695859991899 1.0 1.0 168
1.2395322249111747 1.0 1.0 1.0 169
0.0 0.6106644091163517 0.0 1.0 170
0.0 1.3737187521111554 0.0 1.0 171
1.0 1.377644337945129 1.0 1.0 172
0.0 1.52496778093973 0.0 1.0 173
0.0 0.36705742901775673 0.0 1.0 174
-0.6107680009425701 1.0 0.0 1.0 175
0.0 1.6201769348487263 0.0 1.0 176
1.0 1.6243301670392567 1.0 1.0 177
1.0 0.39107902575290787 1.0 1.0 178
1.6274389904836595 1.0 1.0 1.0 179
0.0 1.7552312161876333 0.0 1.0 180
0.0 0.1272915461904225 0.0 1.0 181
0.0 1.8752777489352241 0.0 1.0 182
1.0 1.8727376692824058 1.0 1.0 183
*** t = 64
0.7525410256541731 1.2474589743458266 0.5 1.5 36
1.0 1.0 0.5 1.5 51
1.0 1.8499535686685529 1.0 2.0 58
1.0 0.8757345774619304 1.0 0.0 75
0.0 0.6264117338343427 0.0 0.0 93
0.5 1.5 1.0 1.0 103
1.0 1.9973226187938735 1.0 2.0 110
0.5059919142047526 1.0 0.0 1.0 121
1.0 1.7519680403522262 1.0 2.0 122
-0.7759771035301258 1.0 -1.0 1.0 124
1.0 1.6287607524864858 1.0 2.0 126
-0.12473634766298825 1.0 -1.0 1.0 127
-0.507533810736137 1.0 -1.0 1.0 129
0.0 1.0 -1.0 1.0 131
0.0 0.8754581942425583 0.0 0.0 133
0.0 1.0 0.0 2.0 136
0.0 0.002920529304216879 0.0 0.0 137
0.0 0.13100588113140196 0.0 0.0 138
0.0 1.0 1.0 1.0 139
0.17847900298175023 1.0 0.0 1.0 141
1.0 0.12627348215096956 1.0 0.0 143
0.0 1.7322816882602114 0.0 2.0 144
0.0 1.7600036599131355 0.0 2.0 145
-0.6184956264151619 1.0 -1.0 1.0 146
0.7563173597814583 1.243682640218542 1.0 1.0 147
-0.6327500621101714 1.0 -1.0 1.0 148
-0.4968203975650386 1.0 -1.0 1.0 149
1.0 1.489337898786653 1.0 2.0 150
1.4998494053267217 1.0 2.0 1.0 151
0.3596326628755387 1.0 1.0 1.0 152
-0.504470275232946 1.0 -1.0 1.0 153
1.0 0.4873482217897078 1.0 0.0 154
-0.2458250965189157 1.0 -1.0 1.0 155
0.2517283661730664 1.0 1.0 1.0 156
0.2512793996699164 1.2512793996699165 0.5 1.5 157
0.0 0.8754554274846796 0.0 0.0 158
1.0 0.8791314671610408 1.0 0.0 159
1.1217320433351998 1.0 2.0 1.0 160
1.0 0.8770058185824788 1.0 0.0 161
0.12689565209939235 1.0 1.0 1.0 162
0.0 1.0 0.5 1.5 163
0.0 1.0025137442447551 0.0 1.0 164
1.0 1.0194177039265213 1.0 1.0 165
-0.1026932760882942 1.0 0.0 1.0 166
0.0 1.1262508129100606 0.0 1.0 167
1.0 0.8848811836657215 1.0 1.0 168
1.1127875957297038 1.0 1.0 1.0 169
0.0 0.732797290939622 0.0 1.0 170
0.0 1.2484625025333864 0.0 1.0 171
1.0 1.253173205534155 1.0 1.0 172
0.0 1.4062097261746624 0.0 1.0 173
0.0 0.48940990535700896 0.0 1.0 174
-0.48102400125676015 1.0 0.0 1.0 175
0.0 1.4935692464649684 0.0 1.0 176
1.0 1.4991068893856756 1.0 1.0 177
1.0 0.5214387010038771 1.0 1.0 178
1.503251987311546 1.0 1.0 1.0 179
0.0 1.63284682428145 0.0 1.0 180
0.0 0.254583092380845 0.0 1.0 181
0.0 1.7505554978704483 0.0 1.0 182
1.0 1.7454753385648116 1.0 1.0 183
-0.8795248645907688 1.0 0.0 1.0 184
0.0 1.8744005653955744 0.0 1.0 185
1.0 0.12544843690143215 1.0 1.0 186
1.8753812821051956 1.0 1.0 1.0 187
*** t = 65
0.6288115384812597 1.37118846151874 0.5 1.5 36
0.8751337584373778 1.1248662415626223 0.5 1.5 51
1.0 1.9713755070497747 1.0 2.0 58
1.0 0.7514691549238608 1.0 0.0 75
0.0 0.5018823117791236 0.0 0.0 93
0.625279475310055 1.374720524689945 1.0 1.0 103
0.3824898927559408 1.0 0.0 1.0 121
1.0 1.8772960470775972 1.0 2.0 122
-0.9053066207851468 1.0 -1.0 1.0 124
1.0 1.754512902983783 1.0 2.0 126
-0.2494726953259765 1.0 -1.0 1.0 127
-0.6344172634201712 1.0 -1.0 1.0 129
-0.12419430543113809 1.0 -1.0 1.0 131
0.0 0.7509163884851167 0.0 0.0 133
0.0 1.1231378596011703 0.0 2.0 136
0.0 0.006863864150173649 0.0 0.0 138
0.12523486770046602 1.0 1.0 1.0 139
0.061118860550571696 1.0 0.0 1.0 141
1.0 0.001455408172536643 1.0 0.0 143
0.0 1.85432863630358 0.0 2.0 144
0.0 1.8866709365653247 0.0 2.0 145
-0.7421947516981943 1.0 -1.0 1.0 146
0.8844760396721875 1.1155239603278129 1.0 1.0 147
-0.7593000745322056 1.0 -1.0 1.0 148
-0.6210254969562983 1.0 -1.0 1.0 149
1.0 1.6116723734833163 1.0 2.0 150
1.6248117566584022 1.0 2.0 1.0 151
0.4795102171673849 1.0 1.0 1.0 152
-0.6305878440411825 1.0 -1.0 1.0 153
1.0 0.3591852772371348 1.0 0.0 154
-0.36873764477837356 1.0 -1.0 1.0 155
0.37759254925959956 1.0 1.0 1.0 156
0.3769190995048746 1.3769190995048748 0.5 1.5 157
0.0 0.7509108549693593 0.0 0.0 158
1.0 0.7582629343220817 1.0 0.0 159
1.2434640866703996 1.0 2.0 1.0 160
1.0 0.7540116371649577 1.0 0.0 161
0.2537913041987847 1.0 1.0 1.0 162
0.13146092221516542 1.1314609222151655 0.5 1.5 163
0.0 1.0 1.0 1.0 164
1.0 1.0 0.5 1.5 165
0.0 1.0 -1.0 1.0 166
0.0 1.0014295004686407 0.0 1.0 167
1.0 1.0 1.0 2.0 168
1.0 1.0 2.0 1.0 169
0.0 0.8549301727628923 0.0 1.0 170
0.0 1.1232062529556175 0.0 1.0 171
1.0 1.1287020731231807 1.0 1.0 172
0.0 1.287451671409595 0.0 1.0 173
0.0 0.6117623816962612 0.0 1.0 174
-0.3512800015709502 1.0 0.0 1.0 175
0.0 1.3669615580812104 0.0 1.0 176
1.0 1.3738836117320945 1.0 1.0 177
1.0 0.6517983762548464 1.0 1.0 178
1.3790649841394325 1.0 1.0 1.0 179
0.0 1.5104624323752667 0.0 1.0 180
0.0 0.38187463857126747 0.0 1.0 181
0.0 1.6258332468056724 0.0 1.0 182
1.0 1.6182130078472174 1.0 1.0 183
-0.7590497291815377 1.0 0.0 1.0 184
0.0 1.7488011307911489 0.0 1.0 185
1.0 0.2508968738028643 1.0 1.0 186
1.7507625642103912 1.0 1.0 1.0 187
0.0 0.12823854951944166 0.0 1.0 188
0.0 1.8785793122155392 0.0 1.0 189
1.0 1.8690593612835391 1.0 1.0 190
*** t = 66
0.5050820513083463 1.4949179486916533 0.5 1.5 36
0.7502675168747557 1.2497324831252445 0.5 1.5 51
1.0 0.6272037323857912 1.0 0.0 75
0.0 0.3773528897239044 0.0 0.0 93
0.75055895062011 1.24944104937989 1.0 1.0 103
0.25898787130712897 1.0 0.0 1.0 121
1.0 1.88026505348108 1.0 2.0 126
-0.37420904298896474 1.0 -1.0 1.0 127
-0.7613007161042055 1.0 -1.0 1.0 129
-0.24838861086227618 1.0 -1.0 1.0 131
0.0 0.626374582727675 0.0 0.0 133
0.0 1.2462757192023406 0.0 2.0 136
0.25046973540093204 1.0 1.0 1.0 139
0.0 1.0 -1.0 1.0 141
0.0 1.9763755843469486 0.0 2.0 144
-0.8658938769812267 1.0 -1.0 1.0 146
1.0 1.0 2.0 1.0 147
-0.8858500869542398 1.0 -1.0 1.0 148
-0.745230596347558 1.0 -1.0 1.0 149
1.0 1.7340068481799795 1.0 2.0 150
1.7497741079900826 1.0 2.0 1.0 151
0.5993877714592312 1.0 1.0 1.0 152
-0.7567054128494191 1.0 -1.0 1.0 153
1.0 0.2310223326845617 1.0 0.0 154
-0.4916501930378314 1.0 -1.0 1.0 155
0.5034567323461328 1.0 1.0 1.0 156
0.5 1.5 0.0 1.0 157
0.0 0.6263662824540389 0.0 0.0 158
1.0 0.6373944014831225 1.0 0.0 159
1.3651961300055995 1.0 2.0 1.0 160
1.0 0.6310174557474365 1.0 0.0 161
0.38068695629817706 1.0 1.0 1.0 162
0.26292184443033084 1.262921844430331 0.5 1.5 163
0.12468578196940562 1.0 1.0 1.0 164
0.8774272129908153 1.1225727870091848 0.5 1.5 165
-0.12818667484452942 1.0 -1.0 1.0 166
0.0 1.0 0.0 2.0 167
1.0 1.1264115976665316 1.0 2.0 168
1.126744629181471 1.0 2.0 1.0 169
0.0 0.9770630545861626 0.0 1.0 170
0.0 1.0 0.5 1.5 171
1.0 1.0042309407122065 1.0 1.0 172
0.0 1.1686936166445274 0.0 1.0 173
0.0 0.7341148580355135 0.0 1.0 174
-0.22153600188514022 1.0 0.0 1.0 175
0.0 1.2403538696974525 0.0 1.0 176
1.0 1.2486603340785134 1.0 1.0 177
1.0 0.7821580515058156 1.0 1.0 178
1.254877980967319 1.0 1.0 1.0 179
0.0 1.3880780404690833 0.0 1.0 180
0.0 0.50916618476169 0.0 1.0 181
0.0 1.5011109957408966 0.0 1.0 182
1.0 1.4909506771296233 1.0 1.0 183
-0.6385745937723065 1.0 0.0 1.0 184
0.0 1.6232016961867233 0.0 1.0 185
1.0 0.37634531070429644 1.0 1.0 186
1.6261438463155868 1.0 1.0 1.0 187
0.0 0.2564770990388833 0.0 1.0 188
0.0 1.7571586244310784 0.0 1.0 189
1.0 1.7381187225670782 1.0 1.0 190
0.0 1.8737709739087254 0.0 1.0 191
*** t = 67
0.5 1.5 1.0 1.0 36
0.6254012753121335 1.3745987246878668 0.5 1.5 51
1.0 0.5029383098477216 1.0 0.0 75
0.0 0.25282346766868524 0.0 0.0 93
0.875838425930165 1.124161574069835 1.0 1.0 103
0.13548584985831713 1.0 0.0 1.0 121
-0.498945390651953 1.0 -1.0 1.0 127
-0.8881841687882397 1.0 -1.0 1.0 129
-0.3725829162934143 1.0 -1.0 1.0 131
0.0 0.5018327769702333 0.0 0.0 133
0.0 1.369413578803511 0.0 2.0 136
0.3757046031013981 1.0 1.0 1.0 139
-0.11736014243117854 1.0 -1.0 1.0 141
-0.9895930022642591 1.0 -1.0 1.0 146
1.128158679890729 1.0 2.0 1.0 147
-0.8694356957388176 1.0 -1.0 1.0 149
1.0 1.8563413228766428 1.0 2.0 150
1.874736459321763 1.0 2.0 1.0 151
0.7192653257510774 1.0 1.0 1.0 152
-0.8828229816576556 1.0 -1.0 1.0 153
1.0 0.10285938813198864 1.0 0.0 154
-0.6145627412972893 1.0 -1.0 1.0 155
0.629320915432666 1.0 1.0 1.0 156
0.3743603001650418 1.3743603001650417 0.0 1.0 157
0.0 0.5018217099387186 0.0 0.0 158
1.0 0.5165258686441634 1.0 0.0 159
1.4869281733407993 1.0 2.0 1.0 160
1.0 0.5080232743299153 1.0 0.0 161
0.5075826083975694 1.0 1.0 1.0 162
0.39438276664549626 1.3943827666454964 0.5 1.5 163
0.24937156393881124 1.0 1.0 1.0 164
0.7548544259816306 1.2451455740183697 0.5 1.5 165
-0.25637334968905884 1.0 -1.0 1.0 166
0.0 1.12482131244142 0.0 2.0 167
1.0 1.2528231953330633 1.0 2.0 168
1.2534892583629418 1.0 2.0 1.0 169
0.0 1.0 0.5 1.5 170
0.12525624957776904 1.125256249577769 0.5 1.5 171
1.0 1.0 2.0 1.0 172
0.0 1.04993556187946 0.0 1.0 173
0.0 0.8564673343747657 0.0 1.0 174
-0.09179200219933026 1.0 0.0 1.0 175
0.0 1.1137461813136946 0.0 1.0 176
1.0 1.1234370564249323 1.0 1.0 177
1.0 0.9125177267567849 1.0 1.0 178
1.1306909777952054 1.0 1.0 1.0 179
0.0 1.2656936485629 0.0 1.0 180
0.0 0.6364577309521124 0.0 1.0 181
0.0 1.3763887446761207 0.0 1.0 182
1.0 1.363688346412029 1.0 1.0 183
-0.5180994583630754 1.0 0.0 1.0 184
0.0 1.4976022615822977 0.0 1.0 185
1.0 0.5017937476057286 1.0 1.0 186
1.5015251284207825 1.0 1.0 1.0 187
0.0 0.38471564855832496 0.0 1.0 188
0.0 1.6357379366466176 0.0 1.0 189
1.0 1.6071780838506173 1.0 1.0 190
0.0 1.7475419478174508 0.0 1.0 191
0.0 0.12465869187714754 0.0 1.0 192
-0.8718926055114111 1.0 0.0 1.0 193
0.0 1.8782511736739733 0.0 1.0 194
1.0 1.8741288853991602 1.0 1.0 195
1.0 0.12660491881217462 1.0 1.0 196
1.8730516355017504 1.0 1.0 1.0 197
*** t = 68
0.6237294871729134 1.3762705128270867 1.0 1.0 36
0.5005350337495114 1.499464966250489 0.5 1.5 51
1.0 0.378672887309652 1.0 0.0 75
0.0 0.12829404561346608 0.0 0.0 93
1.0 1.0 1.0 2.0 103
0.011983828409505279 1.0 0.0 1.0 121
-0.6236817383149412 1.0 -1.0 1.0 127
-0.49677722172455235 1.0 -1.0 1.0 131
0.0 0.37729097121279165 0.0 0.0 133
0.0 1.4925514384046812 0.0 2.0 136
0.5009394708018641 1.0 1.0 1.0 139
-0.23472028486235708 1.0 -1.0 1.0 141
1.256317359781458 1.0 2.0 1.0 147
-0.9936407951300773 1.0 -1.0 1.0 149
1.0 1.978675797573306 1.0 2.0 150
1.9996988106534435 1.0 2.0 1.0 151
0.8391428800429236 1.0 1.0 1.0 152
-0.7374752895567471 1.0 -1.0 1.0 155
0.7551850985191992 1.0 1.0 1.0 156
0.24872060033008359 1.2487206003300835 0.0 1.0 157
0.0 0.3772771374233982 0.0 0.0 158
1.0 0.3956573358052043 1.0 0.0 159
1.6086602166759991 1.0 2.0 1.0 160
1.0 0.3850290929123942 1.0 0.0 161
0.6344782604969618 1.0 1.0 1.0 162
0.5 1.5 1.0 1.0 163
0.3740573459082169 1.0 1.0 1.0 164
0.6322816389724458 1.3677183610275545 0.5 1.5 165
-0.3845600245335883 1.0 -1.0 1.0 166
0.0 1.2496426248828398 0.0 2.0 167
1.0 1.379234792999595 1.0 2.0 168
1.3802338875444127 1.0 2.0 1.0 169
0.12213288182327034 1.1221328818232703 0.5 1.5 170
0.2505124991555381 1.2505124991555379 0.5 1.5 171
1.1244711324109742 1.0 2.0 1.0 172
0.0 1.0 0.0 2.0 173
0.0 0.978819810714018 0.0 1.0 174
0.0 1.0 0.0 2.0 175
0.0 1.0 0.0 2.0 176
1.0 1.0 0.5 1.5 177
1.0 1.0 1.0 2.0 178
1.006503974623092 1.0 1.0 1.0 179
0.0 1.1433092566567167 0.0 1.0 180
0.0 0.7637492771425349 0.0 1.0 181
0.0 1.2516664936113449 0.0 1.0 182
1.0 1.2364260156944349 1.0 1.0 183
-0.39762432295384414 1.0 0.0 1.0 184
0.0 1.3720028269778721 0.0 1.0 185
1.0 0.6272421845071607 1.0 1.0 186
1.376906410525978 1.0 1.0 1.0 187
0.0 0.5129541980777667 0.0 1.0 188
0.0 1.5143172488621568 0.0 1.0 189
1.0 1.4762374451341564 1.0 1.0 190
0.0 1.6213129217261761 0.0 1.0 191
0.0 0.24931738375429507 0.0 1.0 192
-0.7437852110228222 1.0 0.0 1.0 193
0.0 1.7565023473479466 0.0 1.0 194
1.0 1.7482577707983205 1.0 1.0 195
1.0 0.25320983762434923 1.0 1.0 196
1.7461032710035007 1.0 1.0 1.0 197
0.0 1.8780406955839606 0.0 1.0 198
*** t = 69
0.7474589743458269 1.2525410256541734 1.0 1.0 36
0.5 1.5 0.0 1.0 51
1.0 0.2544074647715824 1.0 0.0 75
0.0 0.0037646235582469156 0.0 0.0 93
1.0 1.125279475310055 1.0 2.0 103
0.0 1.0 -1.0 1.0 121
-0.7484180859779295 1.0 -1.0 1.0 127
-0.6209715271556905 1.0 -1.0 1.0 131
0.0 0.25274916545535 0.0 0.0 133
0.0 1.6156892980058515 0.0 2.0 136
0.6261743385023301 1.0 1.0 1.0 139
-0.3520804272935356 1.0 -1.0 1.0 141
1.3844760396721871 1.0 2.0 1.0 147
0.9590204343347698 1.0 1.0 1.0 152
-0.860387837816205 1.0 -1.0 1.0 155
0.8810492816057325 1.0 1.0 1.0 156
0.12308090049512538 1.1230809004951252 0.0 1.0 157
0.0 0.25273256490807783 0.0 0.0 158
1.0 0.2747888029662452 1.0 0.0 159
1.730392260011199 1.0 2.0 1.0 160
1.0 0.262034911494873 1.0 0.0 161
0.7613739125963541 1.0 1.0 1.0 162
0.6314609222151655 1.3685390777848345 1.0 1.0 163
0.4987431278776225 1.0 1.0 1.0 164
0.5097088519632611 1.4902911480367393 0.5 1.5 165
-0.5127466993781177 1.0 -1.0 1.0 166
0.0 1.3744639373242598 0.0 2.0 167
1.0 1.5056463906661266 1.0 2.0 168
1.5069785167258836 1.0 2.0 1.0 169
0.24426576364654068 1.2442657636465406 0.5 1.5 170
0.3757687487333071 1.3757687487333068 0.5 1.5 171
1.2489422648219484 1.0 2.0 1.0 172
0.0 1.1187580547650675 0.0 2.0 173
0.0 1.0 0.5 1.5 174
0.0 1.12974399968581 0.0 2.0 175
0.0 1.126607688383758 0.0 2.0 176
0.8747767223464188 1.125223277653581 0.5 1.5 177
1.0 1.1303596752509693 1.0 2.0 178
1.0 1.0 0.5 1.5 179
0.0 1.0209248647505333 0.0 1.0 180
0.0 0.8910408233329574 0.0 1.0 181
0.0 1.126944242546569 0.0 1.0 182
1.0 1.1091636849768407 1.0 1.0 183
-0.27714918754461293 1.0 0.0 1.0 184
0.0 1.2464033923734466 0.0 1.0 185
1.0 0.7526906214085929 1.0 1.0 186
1.2522876926311737 1.0 1.0 1.0 187
0.0 0.6411927475972083 0.0 1.0 188
0.0 1.392896561077696 0.0 1.0 189
1.0 1.3452968064176956 1.0 1.0 190
0.0 1.4950838956349015 0.0 1.0 191
0.0 0.37397607563144264 0.0 1.0 192
-0.6156778165342334 1.0 0.0 1.0 193
0.0 1.63475352102192 0.0 1.0 194
1.0 1.6223866561974807 1.0 1.0 195
1.0 0.37981475643652385 1.0 1.0 196
1.619154906505251 1.0 1.0 1.0 197
0.0 1.7560813911679212 0.0 1.0 198
0.0 0.12529348037229252 0.0 1.0 199
0.0 1.8764781495884066 0.0 1.0 200
1.0 1.875059889269088 1.0 1.0 201
*** t = 70
0.8711884615187403 1.12881153848126 1.0 1.0 36
0.37513375843737784 1.3751337584373777 0.0 1.0 51
1.0 0.13014204223351278 1.0 0.0 75
1.0 1.25055895062011 1.0 2.0 103
-0.12350202144881185 1.0 -1.0 1.0 121
-0.8731544336409177 1.0 -1.0 1.0 127
-0.7451658325868286 1.0 -1.0 1.0 131
0.0 0.1282073596979083 0.0 0.0 133
0.0 1.7388271576070218 0.0 2.0 136
0.751409206202796 1.0 1.0 1.0 139
-0.46944056972471415 1.0 -1.0 1.0 141
1.5126347195629162 1.0 2.0 1.0 147
1.0 1.0 1.0 0.0 152
-0.9833003860756628 1.0 -1.0 1.0 155
1.0 1.0 1.0 2.0 156
0.0 1.0 1.0 1.0 157
0.0 0.12818799239275747 0.0 0.0 158
1.0 0.1539202701272861 1.0 0.0 159
1.8521243033463988 1.0 2.0 1.0 160
1.0 0.13904073007735185 1.0 0.0 161
0.8882695646957465 1.0 1.0 1.0 162
0.762921844430331 1.237078155569669 1.0 1.0 163
0.6234289098470281 1.0 1.0 1.0 164
0.5 1.5 0.0 1.0 165
-0.6409333742226471 1.0 -1.0 1.0 166
0.0 1.4992852497656797 0.0 2.0 167
1.0 1.6320579883326582 1.0 2.0 168
1.6337231459073545 1.0 2.0 1.0 169
0.36639864546981105 1.366398645469811 0.5 1.5 170
0.5 1.5 1.0 1.0 171
1.3734133972329226 1.0 2.0 1.0 172
0.0 1.237516109530135 0.0 2.0 173
0.12235247633925224 1.1223524763392523 0.5 1.5 174
0.0 1.2594879993716201 0.0 2.0 175
0.0 1.2532153767675158 0.0 2.0 176
0.7495534446928376 1.2504465553071622 0.5 1.5 177
1.0 1.2607193505019385 1.0 2.0 178
0.8758129968278866 1.1241870031721135 0.5 1.5 179
0.0 1.0 0.0 2.0 180
0.0 1.0 0.0 2.0 181
0.0 1.0022219914817931 0.0 1.0 182
1.0 1.0 1.0 0.0 183
-0.15667405213538171 1.0 0.0 1.0 184
0.0 1.120803957769021 0.0 1.0 185
1.0 0.878139058310025 1.0 1.0 186
1.1276689747363693 1.0 1.0 1.0 187
0.0 0.76943129711665 0.0 1.0 188
0.0 1.2714758732932352 0.0 1.0 189
1.0 1.2143561677012347 1.0 1.0 190
0.0 1.368854869543627 0.0 1.0 191
0.0 0.49863476750859015 0.0 1.0 192
-0.4875704220456445 1.0 0.0 1.0 193
0.0 1.5130046946958933 0.0 1.0 194
1.0 1.496515541596641 1.0 1.0 195
1.0 0.5064196752486985 1.0 1.0 196
1.4922065420070014 1.0 1.0 1.0 197
0.0 1.6341220867518818 0.0 1.0 198
0.0 0.25058696074458503 0.0 1.0 199
0.0 1.7529562991768133 0.0 1.0 200
1.0 1.750119778538176 1.0 1.0 201
-0.871242940812763 1.0 0.0 1.0 202
0.0 1.8742999539240233 0.0 1.0 203
1.0 0.12229988453594792 1.0 1.0 204
1.8683599626698044 1.0 1.0 1.0 205
*** t = 71
0.9949179486916537 1.0050820513083467 1.0 1.0 36
0.2502675168747557 1.2502675168747555 0.0 1.0 51
1.0 0.005876619695443175 1.0 0.0 75
1.0 1.375838425930165 1.0 2.0 103
-0.2470040428976237 1.0 -1.0 1.0 121
-0.997890781303906 1.0 -1.0 1.0 127
-0.8693601380179666 1.0 -1.0 1.0 131
0.0 0.003665553940466623 0.0 0.0 133
0.0 1.861965017208192 0.0 2.0 136
0.876644073903262 1.0 1.0 1.0 139
-0.5868007121558927 1.0 -1.0 1.0 141
1.6407933994536452 1.0 2.0 1.0 147
1.0 0.8801224457081538 1.0 0.0 152
1.0 1.1258641830865332 1.0 2.0 156
0.1256396998349582 1.0 1.0 1.0 157
0.0 0.00364341987743709 0.0 0.0 158
1.0 0.033051737288326985 1.0 0.0 159
1.9738563466815986 1.0 2.0 1.0 160
1.0 0.016046548659830698 1.0 0.0 161
1.0 1.0 2.0 1.0 162
0.8943827666454964 1.1056172333545036 1.0 1.0 163
0.7481146918164338 1.0 1.0 1.0 164
0.3774272129908153 1.3774272129908152 0.0 1.0 165
-0.7691200490671765 1.0 -1.0 1.0 166
0.0 1.6241065622070996 0.0 2.0 167
1.0 1.75846958599919 1.0 2.0 168
1.7604677750888253 1.0 2.0 1.0 169
0.48853152729308136 1.4885315272930812 0.5 1.5 170
0.625256249577769 1.374743750422231 1.0 1.0 171
1.4978845296438967 1.0 2.0 1.0 172
0.0 1.3562741642952025 0.0 2.0 173
0.24470495267850448 1.2447049526785046 0.5 1.5 174
0.0 1.3892319990574302 0.0 2.0 175
0.0 1.3798230651512737 0.0 2.0 176
0.6243301670392564 1.3756698329607433 0.5 1.5 177
1.0 1.3910790257529078 1.0 2.0 178
0.7516259936557732 1.248374006344227 0.5 1.5 179
0.0 1.1223843919061833 0.0 2.0 180
0.0 1.1272915461904225 0.0 2.0 181
0.0 1.0 0.0 2.0 182
1.0 0.8727376692824059 1.0 0.0 183
-0.03619891672615051 1.0 0.0 1.0 184
0.0 1.0 1.0 1.0 185
1.0 1.0 2.0 1.0 186
1.003050256841565 1.0 1.0 1.0 187
0.0 0.8976698466360917 0.0 1.0 188
0.0 1.1500551855087744 0.0 1.0 189
1.0 1.0834155289847738 1.0 1.0 190
0.0 1.2426258434523523 0.0 1.0 191
0.0 0.6232934593857377 0.0 1.0 192
-0.3594630275570556 1.0 0.0 1.0 193
0.0 1.3912558683698666 0.0 1.0 194
1.0 1.3706444269958011 1.0 1.0 195
1.0 0.6330245940608731 1.0 1.0 196
1.3652581775087518 1.0 1.0 1.0 197
0.0 1.5121627823358423 0.0 1.0 198
0.0 0.3758804411168776 0.0 1.0 199
0.0 1.62943444876522 0.0 1.0 200
1.0 1.6251796678072639 1.0 1.0 201
-0.742485881625526 1.0 0.0 1.0 202
0.0 1.7485999078480465 0.0 1.0 203
1.0 0.24459976907189585 1.0 1.0 204
1.7367199253396088 1.0 1.0 1.0 205
0.0 0.12706517795913455 0.0 1.0 206
0.0 1.875386137782101 0.0 1.0 207
1.0 1.8735723091995995 1.0 1.0 208
*** t = 72
1.0 1.0 1.0 0.0 36
0.1254012753121335 1.1254012753121332 0.0 1.0 51
1.0 1.50111790124022 1.0 2.0 103
-0.37050606434643557 1.0 -1.0 1.0 121
-0.9935544434491047 1.0 -1.0 1.0 131
0.0 1.9851028768093624 0.0 2.0 136
1.0 1.0 2.0 1.0 139
-0.7041608545870712 1.0 -1.0 1.0 141
1.7689520793443743 1.0 2.0 1.0 147
1.0 0.7602448914163076 1.0 0.0 152
1.0 1.2517283661730665 1.0 2.0 156
0.2512793996699164 1.0 1.0 1.0 157
1.1268956520993925 1.0 2.0 1.0 162
1.0 1.0 1.0 2.0 163
0.8728004737858394 1.0 1.0 1.0 164
0.25485442598163055 1.2548544259816303 0.0 1.0 165
-0.8973067239117059 1.0 -1.0 1.0 166
0.0 1.7489278746485195 0.0 2.0 167
1.0 1.8848811836657215 1.0 2.0 168
1.8872124042702962 1.0 2.0 1.0 169
0.5 1.5 0.0 1.0 170
0.7505124991555381 1.2494875008444621 1.0 1.0 171
1.622355662054871 1.0 2.0 1.0 172
0.0 1.47503221906027 0.0 2.0 173
0.36705742901775673 1.3670574290177568 0.5 1.5 174
0.0 1.5189759987432403 0.0 2.0 175
0.0 1.5064307535350316 0.0 2.0 176
0.5 1.5 1.0 1.0 177
1.0 1.521438701003877 1.0 2.0 178
0.6274389904836598 1.3725610095163405 0.5 1.5 179
0.0 1.2447687838123667 0.0 2.0 180
0.0 1.254583092380845 0.0 2.0 181
0.0 1.1247222510647759 0.0 2.0 182
1.0 0.7454753385648119 1.0 0.0 183
0.0 1.0 0.0 0.0 184
0.12559943460442566 1.0 1.0 1.0 185
1.1254484369014321 1.0 2.0 1.0 186
1.0 1.0 1.0 2.0 187
0.0 1.0 0.5 1.5 188
0.0 1.0286344977243136 0.0 1.0 189
1.0 1.0 1.0 2.0 190
0.0 1.1163968173610777 0.0 1.0 191
0.0 0.7479521512628852 0.0 1.0 192
-0.23135563306846674 1.0 0.0 1.0 193
0.0 1.26950704204384 0.0 1.0 194
1.0 1.2447733123949614 1.0 1.0 195
1.0 0.7596295128730477 1.0 1.0 196
1.2383098130105021 1.0 1.0 1.0 197
0.0 1.390203477919803 0.0 1.0 198
0.0 0.5011739214891701 0.0 1.0 199
0.0 1.5059125983536266 0.0 1.0 200
1.0 1.5002395570763518 1.0 1.0 201
-0.613728822438289 1.0 0.0 1.0 202
0.0 1.6228998617720698 0.0 1.0 203
1.0 0.36689965360784377 1.0 1.0 204
1.6050798880094133 1.0 1.0 1.0 205
0.0 0.2541303559182691 0.0 1.0 206
0.0 1.7507722755642021 0.0 1.0 207
1.0 1.747144618399199 1.0 1.0 208
0.0 1.877214321680753 0.0 1.0 209
*** t = 73
1.0 0.8762705128270866 1.0 0.0 36
0.0005350337495113044 1.000535033749511 0.0 1.0 51
1.0 1.626397376550275 1.0 2.0 103
-0.4940080857952474 1.0 -1.0 1.0 121
1.125234867700466 1.0 2.0 1.0 139
-0.8215209970182498 1.0 -1.0 1.0 141
1.8971107592351033 1.0 2.0 1.0 147
1.0 0.6403673371244614 1.0 0.0 152
1.0 1.3775925492595997 1.0 2.0 156
0.3769190995048746 1.0 1.0 1.0 157
1.253791304198785 1.0 2.0 1.0 162
1.0 1.1314609222151655 1.0 2.0 163
0.997486255755245 1.0 1.0 1.0 164
0.13228163897244583 1.1322816389724455 0.0 1.0 165
0.0 1.8737491870899394 0.0 2.0 167
0.3778671181767297 1.3778671181767297 0.0 1.0 170
0.8757687487333071 1.1242312512666932 1.0 1.0 171
1.746826794465845 1.0 2.0 1.0 172
0.0 1.5937902738253376 0.0 2.0 173
0.48940990535700896 1.4894099053570091 0.5 1.5 174
0.0 1.6487199984290504 0.0 2.0 175
0.0 1.6330384419187896 0.0 2.0 176
0.6252232776535812 1.374776722346419 1.0 1.0 177
1.0 1.6517983762548463 1.0 2.0 178
0.5032519873115464 1.496748012688454 0.5 1.5 179
0.0 1.36715317571855 0.0 2.0 180
0.0 1.3818746385712675 0.0 2.0 181
0.0 1.2494445021295517 0.0 2.0 182
1.0 0.6182130078472178 1.0 0.0 183
0.0 0.8795248645907688 0.0 0.0 184
0.2511988692088513 1.0 1.0 1.0 185
1.2508968738028643 1.0 2.0 1.0 186
1.0 1.1246187178948044 1.0 2.0 187
0.12823854951944166 1.1282385495194416 0.5 1.5 188
0.0 1.0 -1.0 1.0 189
1.0 1.1309406387164609 1.0 2.0 190
0.0 1.0 0.0 0.0 191
0.0 0.8726108431400327 0.0 1.0 192
-0.10324823857987786 1.0 0.0 1.0 193
0.0 1.1477582157178132 0.0 1.0 194
1.0 1.1189021977941216 1.0 1.0 195
1.0 0.8862344316852223 1.0 1.0 196
1.1113614485122525 1.0 1.0 1.0 197
0.0 1.2682441735037635 0.0 1.0 198
0.0 0.6264674018614625 0.0 1.0 199
0.0 1.3823907479420332 0.0 1.0 200
1.0 1.3752994463454398 1.0 1.0 201
-0.48497176325105196 1.0 0.0 1.0 202
0.0 1.497199815696093 0.0 1.0 203
1.0 0.4891995381437917 1.0 1.0 204
1.4734398506792177 1.0 1.0 1.0 205
0.0 0.3811955338774037 0.0 1.0 206
0.0 1.6261584133463032 0.0 1.0 207
1.0 1.6207169275987985 1.0 1.0 208
0.0 1.7544286433615062 0.0 1.0 209
0.0 0.12547063806527492 0.0 1.0 210
-0.8737116722043856 1.0 0.0 1.0 211
0.0 1.876881975431387 0.0 1.0 212
1.0 1.8746865178904566 1.0 1.0 213
1.0 0.1254024683375772 1.0 1.0 214
1.8743079993099077 1.0 1.0 1.0 215
*** t = 74
1.0 0.7525410256541731 1.0 0.0 36
0.0 1.0 0.0 2.0 51
1.0 1.75167685186033 1.0 2.0 103
-0.6175101072440593 1.0 -1.0 1.0 121
1.250469735400932 1.0 2.0 1.0 139
-0.9388811394494283 1.0 -1.0 1.0 141
1.0 0.5204897828326152 1.0 0.0 152
1.0 1.503456732346133 1.0 2.0 156
0.5025587993398328 1.0 1.0 1.0 157
1.3806869562981774 1.0 2.0 1.0 162
1.0 1.262921844430331 1.0 2.0 163
1.0 1.0 1.0 0.0 164
0.0097088519632611 1.0097088519632607 0.0 1.0 165
0.0 1.9985704995313593 0.0 2.0 167
0.2557342363534594 1.2557342363534594 0.0 1.0 170
1.0 1.0 1.0 0.0 171
1.8712979268768193 1.0 2.0 1.0 172
0.0 1.712548328590405 0.0 2.0 173
0.5 1.5 0.0 1.0 174
0.0 1.7784639981148604 0.0 2.0 175
0.0 1.7596461303025475 0.0 2.0 176
0.7504465553071624 1.2495534446928378 1.0 1.0 177
1.0 1.7821580515058155 1.0 2.0 178
0.5 1.5 0.0 1.0 179
0.0 1.4895375676247333 0.0 2.0 180
0.0 1.50916618476169 0.0 2.0 181
0.0 1.3741667531943276 0.0 2.0 182
1.0 0.4909506771296237 1.0 0.0 183
0.0 0.7590497291815377 0.0 0.0 184
0.37679830381327695 1.0 1.0 1.0 185
1.3763453107042964 1.0 2.0 1.0 186
1.0 1.2492374357896088 1.0 2.0 187
0.2564770990388833 1.2564770990388832 0.5 1.5 188
-0.12142068778446088 1.0 -1.0 1.0 189
1.0 1.2618812774329218 1.0 2.0 190
0.0 0.8737709739087255 0.0 0.0 191
0.0 0.9972695350171802 0.0 1.0 192
0.0 1.0 0.0 0.0 193
0.0 1.0260093893917865 0.0 1.0 194
1.0 1.0 1.0 0.0 195
1.0 1.0 1.0 2.0 196
1.0 1.0 2.0 1.0 197
0.0 1.146284869087724 0.0 1.0 198
0.0 0.751760882233755 0.0 1.0 199
0.0 1.2588688975304398 0.0 1.0 200
1.0 1.2503593356145277 1.0 1.0 201
-0.35621470406381495 1.0 0.0 1.0 202
0.0 1.3714997696201163 0.0 1.0 203
1.0 0.6114994226797397 1.0 1.0 204
1.341799813349022 1.0 1.0 1.0 205
0.0 0.5082607118365382 0.0 1.0 206
0.0 1.5015445511284042 0.0 1.0 207
1.0 1.494289236798398 1.0 1.0 208
0.0 1.6316429650422593 0.0 1.0 209
0.0 0.25094127613054984 0.0 1.0 210
-0.7474233444087712 1.0 0.0 1.0 211
0.0 1.753763950862774 0.0 1.0 212
1.0 1.7493730357809132 1.0 1.0 213
1.0 0.2508049366751544 1.0 1.0 214
1.7486159986198153 1.0 1.0 1.0 215
0.0 1.8730759086319027 0.0 1.0 216
*** t = 75
1.0 0.6288115384812597 1.0 0.0 36
0.0 1.1248662415626223 0.0 2.0 51
1.0 1.876956327170385 1.0 2.0 103
-0.7410121286928711 1.0 -1.0 1.0 121
1.375704603101398 1.0 2.0 1.0 139
1.0 0.40061222854076894 1.0 0.0 152
1.0 1.6293209154326662 1.0 2.0 156
0.6281984991747911 1.0 1.0 1.0 157
1.5075826083975699 1.0 2.0 1.0 162
1.0 1.3943827666454964 1.0 2.0 163
1.0 0.8753142180305944 1.0 0.0 164
0.0 1.0 0.5 1.5 165
0.13360135453018904 1.133601354530189 0.0 1.0 170
1.0 0.874743750422231 1.0 0.0 171
1.9957690592877935 1.0 2.0 1.0 172
0.0 1.8313063833554726 0.0 2.0 173
0.3776475236607478 1.3776475236607477 0.0 1.0 174
0.0 1.9082079978006705 0.0 2.0 175
0.0 1.8862538186863054 0.0 2.0 176
0.8756698329607436 1.1243301670392567 1.0 1.0 177
1.0 1.9125177267567848 1.0 2.0 178
0.3758129968278866 1.3758129968278865 0.0 1.0 179
0.0 1.6119219595309167 0.0 2.0 180
0.0 1.6364577309521124 0.0 2.0 181
0.0 1.4988890042591034 0.0 2.0 182
1.0 0.36368834641202963 1.0 0.0 183
0.0 0.6385745937723065 0.0 0.0 184
0.5023977384177026 1.0 1.0 1.0 185
1.5017937476057286 1.0 2.0 1.0 186
1.0 1.3738561536844132 1.0 2.0 187
0.38471564855832496 1.3847156485583247 0.5 1.5 188
-0.24284137556892177 1.0 -1.0 1.0 189
1.0 1.3928219161493827 1.0 2.0 190
0.0 0.747541947817451 0.0 0.0 191
0.0 1.0 0.0 0.0 192
0.0 0.8718926055114111 0.0 0.0 193
0.0 1.0 -1.0 1.0 194
1.0 0.8741288853991602 1.0 0.0 195
1.0 1.1266049188121747 1.0 2.0 196
1.1269483644982496 1.0 2.0 1.0 197
0.0 1.0243255646716847 0.0 1.0 198
0.0 0.8770543626060475 0.0 1.0 199
0.0 1.1353470471188465 0.0 1.0 200
1.0 1.1254192248836157 1.0 1.0 201
-0.22745764487657794 1.0 0.0 1.0 202
0.0 1.2457997235441396 0.0 1.0 203
1.0 0.7337993072156876 1.0 1.0 204
1.2101597760188265 1.0 1.0 1.0 205
0.0 0.6353258897956727 0.0 1.0 206
0.0 1.3769306889105053 0.0 1.0 207
1.0 1.3678615459979975 1.0 1.0 208
0.0 1.5088572867230123 0.0 1.0 209
0.0 0.37641191419582476 0.0 1.0 210
-0.6211350166131568 1.0 0.0 1.0 211
0.0 1.630645926294161 0.0 1.0 212
1.0 1.6240595536713698 1.0 1.0 213
1.0 0.37620740501273164 1.0 1.0 214
1.622923997929723 1.0 1.0 1.0 215
0.0 1.7461518172638053 0.0 1.0 216
0.0 0.12607985992353604 0.0 1.0 217
0.0 1.876354769067758 0.0 1.0 218
1.0 1.8785172717238328 1.0 1.0 219
*** t = 76
1.0 0.5050820513083463 1.0 0.0 36
0.0 1.2497324831252445 0.0 2.0 51
-0.864514150141683 1.0 -1.0 1.0 121
1.500939470801864 1.0 2.0 1.0 139
1.0 0.28073467424892273 1.0 0.0 152
1.0 1.7551850985191995 1.0 2.0 156
0.7538381990097494 1.0 1.0 1.0 157
1.6344782604969623 1.0 2.0 1.0 162
1.0 1.525843688860662 1.0 2.0 163
1.0 0.7506284360611888 1.0 0.0 164
0.12257278700918472 1.1225727870091848 0.5 1.5 165
0.011468472706918698 1.0114684727069188 0.0 1.0 170
1.0 0.7494875008444619 1.0 0.0 171
0.0 1.95006443812054 0.0 2.0 173
0.25529504732149555 1.2552950473214954 0.0 1.0 174
1.0 1.0 2.0 1.0 177
0.2516259936557732 1.251625993655773 0.0 1.0 179
0.0 1.7343063514371 0.0 2.0 180
0.0 1.763749277142535 0.0 2.0 181
0.0 1.6236112553238793 0.0 2.0 182
1.0 0.23642601569443553 1.0 0.0 183
0.0 0.5180994583630754 0.0 0.0 184
0.6279971730221283 1.0 1.0 1.0 185
1.6272421845071607 1.0 2.0 1.0 186
1.0 1.4984748715792175 1.0 2.0 187
0.5 1.5 0.0 1.0 188
-0.3642620633533826 1.0 -1.0 1.0 189
1.0 1.5237625548658436 1.0 2.0 190
0.0 0.6213129217261765 0.0 0.0 191
0.0 0.8753413081228525 0.0 0.0 192
0.0 0.7437852110228222 0.0 0.0 193
-0.12174882632602665 1.0 -1.0 1.0 194
1.0 0.7482577707983205 1.0 0.0 195
1.0 1.2532098376243495 1.0 2.0 196
1.2538967289964993 1.0 2.0 1.0 197
0.0 1.0 -1.0 1.0 198
0.0 1.0 1.0 1.0 199
0.0 1.0118251967072531 0.0 1.0 200
1.0 1.0004791141527036 1.0 1.0 201
-0.09870058568934093 1.0 0.0 1.0 202
0.0 1.1200996774681629 0.0 1.0 203
1.0 0.8560991917516356 1.0 1.0 204
1.078519738688631 1.0 1.0 1.0 205
0.0 0.7623910677548073 0.0 1.0 206
0.0 1.2523168266926064 0.0 1.0 207
1.0 1.241433855197597 1.0 1.0 208
0.0 1.3860716084037654 0.0 1.0 209
0.0 0.5018825522610997 0.0 1.0 210
-0.49484668881754246 1.0 0.0 1.0 211
0.0 1.507527901725548 0.0 1.0 212
1.0 1.4987460715618264 1.0 1.0 213
1.0 0.5016098733503088 1.0 1.0 214
1.4972319972396306 1.0 1.0 1.0 215
0.0 1.619227725895708 0.0 1.0 216
0.0 0.2521597198470721 0.0 1.0 217
0.0 1.752709538135516 0.0 1.0 218
1.0 1.7570345434476655 1.0 1.0 219
-0.8758052188102108 1.0 0.0 1.0 220
0.0 1.8791142388293447 0.0 1.0 221
1.0 0.12801930156475236 1.0 1.0 222
1.8747565224154021 1.0 1.0 1.0 223
*** t = 77
1.0 0.38135256413543284 1.0 0.0 36
0.0 1.3745987246878668 0.0 2.0 51
-0.9880161715904948 1.0 -1.0 1.0 121
1.62617433850233 1.0 2.0 1.0 139
1.0 0.16085711995707652 1.0 0.0 152
1.0 1.8810492816057327 1.0 2.0 156
0.8794778988447076 1.0 1.0 1.0 157
1.7613739125963548 1.0 2.0 1.0 162
1.0 1.6573046110758274 1.0 2.0 163
1.0 0.6259426540917832 1.0 0.0 164
0.24514557401836945 1.2451455740183697 0.5 1.5 165
0.0 1.0 -1.0 1.0 170
1.0 0.6242312512666929 1.0 0.0 171
0.13294257098224332 1.1329425709822432 0.0 1.0 174
1.125223277653581 1.0 2.0 1.0 177
0.12743899048365978 1.1274389904836595 0.0 1.0 179
0.0 1.8566907433432833 0.0 2.0 180
0.0 1.8910408233329574 0.0 2.0 181
0.0 1.7483335063886551 0.0 2.0 182
1.0 0.10916368497684142 1.0 0.0 183
0.0 0.39762432295384414 0.0 0.0 184
0.753596607626554 1.0 1.0 1.0 185
1.7526906214085929 1.0 2.0 1.0 186
1.0 1.623093589474022 1.0 2.0 187
0.3717614504805583 1.3717614504805584 0.0 1.0 188
-0.48568275113784354 1.0 -1.0 1.0 189
1.0 1.6547031935823044 1.0 2.0 190
0.0 0.49508389563490196 0.0 0.0 191
0.0 0.750682616245705 0.0 0.0 192
0.0 0.6156778165342334 0.0 0.0 193
-0.2434976526520533 1.0 -1.0 1.0 194
1.0 0.6223866561974807 1.0 0.0 195
1.0 1.3798147564365242 1.0 2.0 196
1.380845093494749 1.0 2.0 1.0 197
-0.1219593044160393 1.0 -1.0 1.0 198
0.12529348037229252 1.0 1.0 1.0 199
0.0 1.0 0.0 2.0 200
1.0 1.0 2.0 1.0 201
0.0 1.0 0.0 2.0 202
0.0 1.0 0.5 1.5 203
1.0 0.9783990762875836 1.0 1.0 204
1.0 1.0 1.0 0.0 205
0.0 0.8894562457139418 0.0 1.0 206
0.0 1.1277029644747074 0.0 1.0 207
1.0 1.1150061643971965 1.0 1.0 208
0.0 1.2632859300845185 0.0 1.0 209
0.0 0.6273531903263746 0.0 1.0 210
-0.36855836102192807 1.0 0.0 1.0 211
0.0 1.384409877156935 0.0 1.0 212
1.0 1.373432589452283 1.0 1.0 213
1.0 0.627012341687886 1.0 1.0 214
1.3715399965495383 1.0 1.0 1.0 215
0.0 1.4923036345276106 0.0 1.0 216
0.0 0.3782395797706081 0.0 1.0 217
0.0 1.629064307203274 0.0 1.0 218
1.0 1.6355518151714983 1.0 1.0 219
-0.7516104376204216 1.0 0.0 1.0 220
0.0 1.7582284776586894 0.0 1.0 221
1.0 0.2560386031295047 1.0 1.0 222
1.7495130448308043 1.0 1.0 1.0 223
0.0 0.12344180911838248 0.0 1.0 224
0.0 1.8712458474957494 0.0 1.0 225
1.0 1.8728075119791476 1.0 1.0 226
*** t = 78
1.0 0.2576230769625194 1.0 0.0 36
0.0 1.499464966250489 0.0 2.0 51
1.751409206202796 1.0 2.0 1.0 139
1.0 0.0409795656652303 1.0 0.0 152
1.0 1.0 2.0 1.0 157
1.8882695646957472 1.0 2.0 1.0 162
1.0 1.7887655332909929 1.0 2.0 163
1.0 0.5012568721223776 1.0 0.0 164
0.3677183610275542 1.3677183610275545 0.5 1.5 165
-0.12213288182327034 1.0 -1.0 1.0 170
1.0 0.49897500168892384 1.0 0.0 171
0.010590094642991085 1.0105900946429909 0.0 1.0 174
1.2504465553071622 1.0 2.0 1.0 177
0.003251987311546356 1.003251987311546 0.0 1.0 179
0.0 1.9790751352494667 0.0 2.0 180
0.0 1.873055757453431 0.0 2.0 182
0.0 0.27714918754461293 0.0 0.0 184
0.8791960422309797 1.0 1.0 1.0 185
1.878139058310025 1.0 2.0 1.0 186
1.0 1.7477123073688263 1.0 2.0 187
0.24352290096111665 1.2435229009611168 0.0 1.0 188
-0.6071034389223045 1.0 -1.0 1.0 189
1.0 1.7856438322987653 1.0 2.0 190
0.0 0.36885486954362745 0.0 0.0 191
0.0 0.6260239243685575 0.0 0.0 192
0.0 0.4875704220456445 0.0 0.0 193
-0.36524647897807994 1.0 -1.0 1.0 194
1.0 0.49651554159664085 1.0 0.0 195
1.0 1.506419675248699 1.0 2.0 196
1.5077934579929986 1.0 2.0 1.0 197
-0.2439186088320786 1.0 -1.0 1.0 198
0.25058696074458503 1.0 1.0 1.0 199
0.0 1.1235218504115934 0.0 2.0 200
1.124940110730912 1.0 2.0 1.0 201
0.0 1.1287570591872371 0.0 2.0 202
0.12570004607597673 1.1257000460759767 0.5 1.5 203
1.0 1.0 0.0 1.0 204
1.0 0.8683599626698044 1.0 0.0 205
0.0 1.0 -1.0 1.0 206
0.0 1.0030891022568085 0.0 1.0 207
1.0 1.0 0.0 1.0 208
0.0 1.1405002517652716 0.0 1.0 209
0.0 0.7528238283916495 0.0 1.0 210
-0.2422700332263137 1.0 0.0 1.0 211
0.0 1.261291852588322 0.0 1.0 212
1.0 1.2481191073427396 1.0 1.0 213
1.0 0.7524148100254632 1.0 1.0 214
1.245847995859446 1.0 1.0 1.0 215
0.0 1.3653795431595133 0.0 1.0 216
0.0 0.5043194396941442 0.0 1.0 217
0.0 1.505419076271032 0.0 1.0 218
1.0 1.514069086895331 1.0 1.0 219
-0.6274156564306324 1.0 0.0 1.0 220
0.0 1.637342716488034 0.0 1.0 221
1.0 0.38405790469425705 1.0 1.0 222
1.6242695672462064 1.0 1.0 1.0 223
0.0 0.24688361823676497 0.0 1.0 224
0.0 1.7424916949914988 0.0 1.0 225
1.0 1.7456150239582953 1.0 1.0 226
0.0 1.873847505355885 0.0 1.0 227
*** t = 79
1.0 0.13389358978960597 1.0 0.0 36
0.0 1.6243312078131114 0.0 2.0 51
1.876644073903262 1.0 2.0 1.0 139
1.1256396998349583 1.0 2.0 1.0 157
1.0 1.9202264555061583 1.0 2.0 163
1.0 0.37657109015297197 1.0 0.0 164
0.4902911480367389 1.4902911480367393 0.5 1.5 165
-0.24426576364654068 1.0 -1.0 1.0 170
1.0 0.3737187521111548 1.0 0.0 171
0.0 1.0 -1.0 1.0 174
1.3756698329607433 1.0 2.0 1.0 177
0.0 1.0 0.0 0.0 179
0.0 1.9977780085182069 0.0 2.0 182
0.0 0.15667405213538171 0.0 0.0 184
1.0 1.0 0.5 1.5 185
1.0 1.8723310252636307 1.0 2.0 187
0.11528435144167498 1.1152843514416753 0.0 1.0 188
-0.7285241267067654 1.0 -1.0 1.0 189
1.0 1.9165844710152262 1.0 2.0 190
0.0 0.2426258434523529 0.0 0.0 191
0.0 0.50136523249141 0.0 0.0 192
0.0 0.3594630275570556 0.0 0.0 193
-0.4869953053041066 1.0 -1.0 1.0 194
1.0 0.370644426995801 1.0 0.0 195
1.0 1.6330245940608736 1.0 2.0 196
1.6347418224912482 1.0 2.0 1.0 197
-0.3658779132481179 1.0 -1.0 1.0 198
0.3758804411168776 1.0 1.0 1.0 199
0.0 1.2470437008231867 0.0 2.0 200
1.249880221461824 1.0 2.0 1.0 201
0.0 1.2575141183744742 0.0 2.0 202
0.25140009215195347 1.2514000921519535 0.5 1.5 203
0.877700115464052 1.0 0.0 1.0 204
1.0 0.7367199253396088 1.0 0.0 205
-0.12706517795913455 1.0 -1.0 1.0 206
0.0 1.0 0.5 1.5 207
0.8735723091995995 1.0 0.0 1.0 208
0.0 1.0177145734460247 0.0 1.0 209
0.0 0.8782944664569244 0.0 1.0 210
-0.11598170543069936 1.0 0.0 1.0 211
0.0 1.1381738280197091 0.0 1.0 212
1.0 1.1228056252331962 1.0 1.0 213
1.0 0.8778172783630404 1.0 1.0 214
1.1201559951693536 1.0 1.0 1.0 215
0.0 1.238455451791416 0.0 1.0 216
0.0 0.6303992996176802 0.0 1.0 217
0.0 1.38177384533879 0.0 1.0 218
1.0 1.3925863586191638 1.0 1.0 219
-0.5032208752408431 1.0 0.0 1.0 220
0.0 1.5164569553173788 0.0 1.0 221
1.0 0.5120772062590094 1.0 1.0 222
1.4990260896616086 1.0 1.0 1.0 223
0.0 0.37032542735514745 0.0 1.0 224
0.0 1.6137375424872482 0.0 1.0 225
1.0 1.618422535937443 1.0 1.0 226
0.0 1.74769501071177 0.0 1.0 227
0.0 0.12786029882886896 0.0 1.0 228
-0.875701656677225 1.0 0.0 1.0 229
0.0 1.8771162567567354 0.0 1.0 230
1.0 1.8748743658253084 1.0 1.0 231
1.0 0.12141438961170486 1.0 1.0 232
1.8759799922764182 1.0 1.0 1.0 233
*** t = 80
1.0 0.010164102616692552 1.0 0.0 36
0.0 1.7491974493757336 0.0 2.0 51
1.2512793996699165 1.0 2.0 1.0 157
1.0 0.25188530818356636 1.0 0.0 164
0.5 1.5 1.0 1.0 165
-0.36639864546981105 1.0 -1.0 1.0 170
1.0 0.24846250253338575 1.0 0.0 171
-0.12235247633925224 1.0 -1.0 1.0 174
1.5008931106143244 1.0 2.0 1.0 177
0.0 0.8758129968278866 0.0 0.0 179
0.0 0.03619891672615051 0.0 0.0 184
0.8744005653955743 1.1255994346044256 0.5 1.5 185
1.0 1.996949743158435 1.0 2.0 187
0.0 1.0 0.0 0.0 188
-0.8499448144912263 1.0 -1.0 1.0 189
0.0 0.11639681736107838 0.0 0.0 191
0.0 0.37670654061426245 0.0 0.0 192
0.0 0.23135563306846674 0.0 0.0 193
-0.6087441316301333 1.0 -1.0 1.0 194
1.0 0.2447733123949612 1.0 0.0 195
1.0 1.7596295128730484 1.0 2.0 196
1.7616901869894979 1.0 2.0 1.0 197
-0.4878372176641572 1.0 -1.0 1.0 198
0.5011739214891701 1.0 1.0 1.0 199
0.0 1.37056555123478 0.0 2.0 200
1.3748203321927361 1.0 2.0 1.0 201
0.0 1.3862711775617114 0.0 2.0 202
0.3771001382279302 1.3771001382279302 0.5 1.5 203
0.755400230928104 1.0 0.0 1.0 204
1.0 0.6050798880094133 1.0 0.0 205
-0.2541303559182691 1.0 -1.0 1.0 206
0.124613862217899 1.124613862217899 0.5 1.5 207
0.747144618399199 1.0 0.0 1.0 208
0.0 1.0 0.0 0.0 209
0.0 1.0 -1.0 1.0 210
0.0 1.0 1.0 1.0 211
0.0 1.0150558034510961 0.0 1.0 212
1.0 1.0 1.0 0.0 213
1.0 1.0 2.0 1.0 214
1.0 1.0 0.0 1.0 215
0.0 1.1115313604233186 0.0 1.0 216
0.0 0.7564791595412161 0.0 1.0 217
0.0 1.258128614406548 0.0 1.0 218
1.0 1.2711036303429966 1.0 1.0 219
-0.3790260940510539 1.0 0.0 1.0 220
0.0 1.3955711941467235 0.0 1.0 221
1.0 0.6400965078237618 1.0 1.0 222
1.3737826120770107 1.0 1.0 1.0 223
0.0 0.49376723647352994 0.0 1.0 224
0.0 1.4849833899829976 0.0 1.0 225
1.0 1.4912300479165905 1.0 1.0 226
0.0 1.6215425160676549 0.0 1.0 227
0.0 0.2557205976577379 0.0 1.0 228
-0.75140331335445 1.0 0.0 1.0 229
0.0 1.7542325135134709 0.0 1.0 230
1.0 1.7497487316506168 1.0 1.0 231
1.0 0.24282877922340973 1.0 1.0 232
1.7519599845528364 1.0 1.0 1.0 233
0.0 1.8783242892295375 0.0 1.0 234
*** t = 81
0.0 1.874063690938356 0.0 2.0 51
1.3769190995048748 1.0 2.0 1.0 157
1.0 0.12719952621416075 1.0 0.0 164
0.6225727870091847 1.3774272129908152 1.0 1.0 165
-0.48853152729308136 1.0 -1.0 1.0 170
1.0 0.12320625295561671 1.0 0.0 171
-0.24470495267850448 1.0 -1.0 1.0 174
1.6261163882679055 1.0 2.0 1.0 177
0.0 0.7516259936557732 0.0 0.0 179
0.7488011307911486 1.2511988692088511 0.5 1.5 185
0.0 0.8717614504805583 0.0 0.0 188
-0.9713655022756872 1.0 -1.0 1.0 189
0.0 0.25204784873711494 0.0 0.0 192
0.0 0.10324823857987786 0.0 0.0 193
-0.73049295795616 1.0 -1.0 1.0 194
1.0 0.11890219779412137 1.0 0.0 195
1.0 1.886234431685223 1.0 2.0 196
1.8886385514877475 1.0 2.0 1.0 197
-0.6097965220801965 1.0 -1.0 1.0 198
0.6264674018614625 1.0 1.0 1.0 199
0.0 1.4940874016463734 0.0 2.0 200
1.4997604429236482 1.0 2.0 1.0 201
0.0 1.5150282367489485 0.0 2.0 202
0.5 1.5 1.0 1.0 203
0.6331003463921561 1.0 0.0 1.0 204
1.0 0.4734398506792177 1.0 0.0 205
-0.3811955338774037 1.0 -1.0 1.0 206
0.249227724435798 1.2492277244357979 0.5 1.5 207
0.6207169275987985 1.0 0.0 1.0 208
0.0 0.8772143216807532 0.0 0.0 209
-0.12547063806527492 1.0 -1.0 1.0 210
0.12628832779561436 1.0 1.0 1.0 211
0.0 1.0 0.5 1.5 212
1.0 0.8746865178904566 1.0 0.0 213
1.1254024683375772 1.0 2.0 1.0 214
0.8743079993099077 1.0 0.0 1.0 215
0.0 1.0 0.0 2.0 216
0.0 0.8825590194647521 0.0 1.0 217
0.0 1.134483383474306 0.0 1.0 218
1.0 1.1496209020668293 1.0 1.0 219
-0.2548313128612647 1.0 0.0 1.0 220
0.0 1.2746854329760682 0.0 1.0 221
1.0 0.7681158093885142 1.0 1.0 222
1.2485391344924128 1.0 1.0 1.0 223
0.0 0.6172090455919124 0.0 1.0 224
0.0 1.356229237478747 0.0 1.0 225
1.0 1.3640375598957382 1.0 1.0 226
0.0 1.4953900214235398 0.0 1.0 227
0.0 0.38358089648660687 0.0 1.0 228
-0.627104970031675 1.0 0.0 1.0 229
0.0 1.6313487702702063 0.0 1.0 230
1.0 1.6246230974759253 1.0 1.0 231
1.0 0.3642431688351146 1.0 1.0 232
1.6279399768292546 1.0 1.0 1.0 233
0.0 1.756648578459075 0.0 1.0 234
0.0 0.12361970529310025 0.0 1.0 235
0.0 1.8715462931477724 0.0 1.0 236
1.0 1.8711781923720312 1.0 1.0 237
*** t = 82
0.0 1.9989299325009782 0.0 2.0 51
1.502558799339833 1.0 2.0 1.0 157
1.0 0.002513744244755131 1.0 0.0 164
0.7451455740183694 1.2548544259816303 1.0 1.0 165
-0.6106644091163517 1.0 -1.0 1.0 170
-0.36705742901775673 1.0 -1.0 1.0 174
1.7513396659214866 1.0 2.0 1.0 177
0.0 0.6274389904836598 0.0 0.0 179
0.6232016961867229 1.3767983038132767 0.5 1.5 185
0.0 0.7435229009611166 0.0 0.0 188
0.0 0.1273891568599674 0.0 0.0 192
-0.8522417842821867 1.0 -1.0 1.0 194
-0.7317558264962358 1.0 -1.0 1.0 198
0.751760882233755 1.0 1.0 1.0 199
0.0 1.6176092520579668 0.0 2.0 200
1.6247005536545602 1.0 2.0 1.0 201
0.0 1.6437852959361856 0.0 2.0 202
0.6257000460759767 1.3742999539240233 1.0 1.0 203
0.5108004618562081 1.0 0.0 1.0 204
1.0 0.3417998133490221 1.0 0.0 205
-0.5082607118365382 1.0 -1.0 1.0 206
0.373841586653697 1.3738415866536968 0.5 1.5 207
0.494289236798398 1.0 0.0 1.0 208
0.0 0.7544286433615064 0.0 0.0 209
-0.25094127613054984 1.0 -1.0 1.0 210
0.2525766555912287 1.0 1.0 1.0 211
0.12311802456861304 1.123118024568613 0.5 1.5 212
1.0 0.7493730357809132 1.0 0.0 213
1.2508049366751544 1.0 2.0 1.0 214
0.7486159986198153 1.0 0.0 1.0 215
0.0 1.1269240913680973 0.0 2.0 216
0.0 1.0 0.0 2.0 217
0.0 1.010838152542064 0.0 1.0 218
1.0 1.028138173790662 1.0 1.0 219
-0.13063653167147546 1.0 0.0 1.0 220
0.0 1.1537996718054129 0.0 1.0 221
1.0 0.8961351109532666 1.0 1.0 222
1.123295656907815 1.0 1.0 1.0 223
0.0 0.7406508547102948 0.0 1.0 224
0.0 1.2274750849744964 0.0 1.0 225
1.0 1.2368450718748858 1.0 1.0 226
0.0 1.3692375267794248 0.0 1.0 227
0.0 0.5114411953154758 0.0 1.0 228
-0.5028066267089 1.0 0.0 1.0 229
0.0 1.5084650270269417 0.0 1.0 230
1.0 1.4994974633012337 1.0 1.0 231
1.0 0.48565755844681946 1.0 1.0 232
1.5039199691056728 1.0 1.0 1.0 233
0.0 1.6349728676886126 0.0 1.0 234
0.0 0.2472394105862005 0.0 1.0 235
0.0 1.7430925862955449 0.0 1.0 236
1.0 1.7423563847440624 1.0 1.0 237
-0.8766107801122246 1.0 0.0 1.0 238
0.0 1.8735321872506672 0.0 1.0 239
1.0 0.12114644517541924 1.0 1.0 240
1.8782106387261805 1.0 1.0 1.0 241
*** t = 83
1.6281984991747913 1.0 2.0 1.0 157
0.8677183610275542 1.1322816389724455 1.0 1.0 165
-0.732797290939622 1.0 -1.0 1.0 170
-0.48940990535700896 1.0 -1.0 1.0 174
1.8765629435750677 1.0 2.0 1.0 177
0.0 0.5032519873115464 0.0 0.0 179
0.5 1.5 0.0 1.0 185
0.0 0.6152843514416749 0.0 0.0 188
0.0 0.002730464982819869 0.0 0.0 192
-0.9739906106082133 1.0 -1.0 1.0 194
-0.8537151309122751 1.0 -1.0 1.0 198
0.8770543626060475 1.0 1.0 1.0 199
0.0 1.7411311024695602 0.0 2.0 200
1.7496406643854723 1.0 2.0 1.0 201
0.0 1.7725423551234227 0.0 2.0 202
0.7514000921519535 1.2485999078480465 1.0 1.0 203
0.38850057732026017 1.0 0.0 1.0 204
1.0 0.21015977601882654 1.0 0.0 205
-0.6353258897956727 1.0 -1.0 1.0 206
0.498455448871596 1.4984554488715958 0.5 1.5 207
0.3678615459979975 1.0 0.0 1.0 208
0.0 0.6316429650422596 0.0 0.0 209
-0.37641191419582476 1.0 -1.0 1.0 210
0.37886498338684305 1.0 1.0 1.0 211
0.24623604913722608 1.246236049137226 0.5 1.5 212
1.0 0.6240595536713698 1.0 0.0 213
1.3762074050127315 1.0 2.0 1.0 214
0.622923997929723 1.0 0.0 1.0 215
0.0 1.2538481827361947 0.0 2.0 216
0.0 1.126079859923536 0.0 2.0 217
0.0 1.0 -1.0 1.0 218
1.0 1.0 0.5 1.5 219
-0.006441750481686215 1.0 0.0 1.0 220
0.0 1.0329139106347576 0.0 1.0 221
1.0 1.0 2.0 1.0 222
1.0 1.0 1.0 0.0 223
0.0 0.8640926638286772 0.0 1.0 224
0.0 1.0987209324702458 0.0 1.0 225
1.0 1.1096525838540334 1.0 1.0 226
0.0 1.2430850321353097 0.0 1.0 227
0.0 0.6393014941443448 0.0 1.0 228
-0.37850828338612497 1.0 0.0 1.0 229
0.0 1.3855812837836772 0.0 1.0 230
1.0 1.374371829126542 1.0 1.0 231
1.0 0.6070719480585243 1.0 1.0 232
1.379899961382091 1.0 1.0 1.0 233
0.0 1.5132971569181501 0.0 1.0 234
0.0 0.37085911587930076 0.0 1.0 235
0.0 1.6146388794433173 0.0 1.0 236
1.0 1.6135345771160936 1.0 1.0 237
-0.7532215602244492 1.0 0.0 1.0 238
0.0 1.7470643745013343 0.0 1.0 239
1.0 0.24229289035083848 1.0 1.0 240
1.756421277452361 1.0 1.0 1.0 241
0.0 0.12972771165645305 0.0 1.0 242
0.0 1.875503890883271 0.0 1.0 243
1.0 1.872699386147878 1.0 1.0 244
*** t = 84
1.7538381990097496 1.0 2.0 1.0 157
0.9902911480367389 1.0097088519632607 1.0 1.0 165
-0.8549301727628923 1.0 -1.0 1.0 170
-0.6117623816962612 1.0 -1.0 1.0 174
0.0 0.379064984139433 0.0 0.0 179
0.3744005653955743 1.3744005653955744 0.0 1.0 185
0.0 0.48704580192223323 0.0 0.0 188
-0.9756744353283144 1.0 -1.0 1.0 198
1.0 1.0 1.0 2.0 199
0.0 1.8646529528811535 0.0 2.0 200
1.8745807751163843 1.0 2.0 1.0 201
0.0 1.9012994143106599 0.0 2.0 202
0.8771001382279302 1.1228998617720698 1.0 1.0 203
0.26620069278431224 1.0 0.0 1.0 204
1.0 0.07851973868863099 1.0 0.0 205
-0.7623910677548073 1.0 -1.0 1.0 206
0.5 1.5 1.0 1.0 207
0.241433855197597 1.0 0.0 1.0 208
0.0 0.5088572867230128 0.0 0.0 209
-0.5018825522610997 1.0 -1.0 1.0 210
0.5051533111824574 1.0 1.0 1.0 211
0.3693540737058391 1.369354073705839 0.5 1.5 212
1.0 0.4987460715618264 1.0 0.0 213
1.5016098733503087 1.0 2.0 1.0 214
0.4972319972396306 1.0 0.0 1.0 215
0.0 1.380772274104292 0.0 2.0 216
0.0 1.252159719847072 0.0 2.0 217
-0.12364523093224192 1.0 -1.0 1.0 218
0.8785172717238329 1.1214827282761672 0.5 1.5 219
0.0 1.0 0.0 0.0 220
0.0 1.0 -1.0 1.0 221
1.1280193015647524 1.0 2.0 1.0 222
1.0 0.8747565224154021 1.0 0.0 223
0.0 0.9875344729470596 0.0 1.0 224
0.0 1.0 1.0 1.0 225
1.0 1.0 2.0 1.0 226
0.0 1.1169325374911947 0.0 1.0 227
0.0 0.7671617929732137 0.0 1.0 228
-0.25420994006334996 1.0 0.0 1.0 229
0.0 1.2626975405404126 0.0 1.0 230
1.0 1.2492461949518505 1.0 1.0 231
1.0 0.7284863376702291 1.0 1.0 232
1.2558799536585092 1.0 1.0 1.0 233
0.0 1.3916214461476877 0.0 1.0 234
0.0 0.494478821172401 0.0 1.0 235
0.0 1.4861851725910897 0.0 1.0 236
1.0 1.4847127694881248 1.0 1.0 237
-0.6298323403366738 1.0 0.0 1.0 238
0.0 1.6205965617520015 0.0 1.0 239
1.0 0.36343933552625773 1.0 1.0 240
1.6346319161785416 1.0 1.0 1.0 241
0.0 0.2594554233129061 0.0 1.0 242
0.0 1.7510077817665421 0.0 1.0 243
1.0 1.745398772295756 1.0 1.0 244
0.0 1.8728216209309192 0.0 1.0 245
*** t = 85
1.8794778988447078 1.0 2.0 1.0 157
1.0 1.0 1.0 0.0 165
-0.9770630545861626 1.0 -1.0 1.0 170
-0.7341148580355135 1.0 -1.0 1.0 174
0.0 0.2548779809673196 0.0 0.0 179
0.24880113079114866 1.2488011307911489 0.0 1.0 185
0.0 0.35880725240279154 0.0 0.0 188
1.0 1.1252934803722925 1.0 2.0 199
0.0 1.9881748032927469 0.0 2.0 200
1.9995208858472964 1.0 2.0 1.0 201
1.0 1.0 1.0 0.0 203
0.14390080824836432 1.0 0.0 1.0 204
-0.8894562457139418 1.0 -1.0 1.0 206
0.6246138622178989 1.375386137782101 1.0 1.0 207
0.11500616439719652 1.0 0.0 1.0 208
0.0 0.386071608403766 0.0 0.0 209
-0.6273531903263746 1.0 -1.0 1.0 210
0.6314416389780718 1.0 1.0 1.0 211
0.49247209827445215 1.492472098274452 0.5 1.5 212
1.0 0.37343258945228297 1.0 0.0 213
1.6270123416878859 1.0 2.0 1.0 214
0.3715399965495382 1.0 0.0 1.0 215
0.0 1.5076963654723894 0.0 2.0 216
0.0 1.378239579770608 0.0 2.0 217
-0.24729046186448383 1.0 -1.0 1.0 218
0.7570345434476657 1.2429654565523345 0.5 1.5 219
0.0 0.8758052188102108 0.0 0.0 220
-0.12088576117065539 1.0 -1.0 1.0 221
1.2560386031295048 1.0 2.0 1.0 222
1.0 0.7495130448308043 1.0 0.0 223
0.0 1.0 0.0 2.0 224
0.12875415250425054 1.0 1.0 1.0 225
1.1271924880208524 1.0 2.0 1.0 226
0.0 1.0 0.0 2.0 227
0.0 0.8950220918020827 0.0 1.0 228
-0.12991159674057493 1.0 0.0 1.0 229
0.0 1.139813797297148 0.0 1.0 230
1.0 1.124120560777159 1.0 1.0 231
1.0 0.8499007272819339 1.0 1.0 232
1.1318599459349274 1.0 1.0 1.0 233
0.0 1.2699457353772252 0.0 1.0 234
0.0 0.6180985264655012 0.0 1.0 235
0.0 1.3577314657388622 0.0 1.0 236
1.0 1.355890961860156 1.0 1.0 237
-0.5064431204488984 1.0 0.0 1.0 238
0.0 1.4941287490026687 0.0 1.0 239
1.0 0.48458578070167696 1.0 1.0 240
1.5128425549047222 1.0 1.0 1.0 241
0.0 0.3891831349693592 0.0 1.0 242
0.0 1.6265116726498132 0.0 1.0 243
1.0 1.618098158443634 1.0 1.0 244
0.0 1.7456432418618384 0.0 1.0 245
0.0 0.12294497119450835 0.0 1.0 246
-0.875135308732583 1.0 0.0 1.0 247
0.0 1.8749744188567383 0.0 1.0 248
1.0 1.8778944310671917 1.0 1.0 249
1.0 0.12506509139403918 1.0 1.0 250
1.8796843009655841 1.0 1.0 1.0 251
*** t = 86
1.0 0.8774272129908153 1.0 0.0 165
-0.8564673343747657 1.0 -1.0 1.0 174
0.0 0.1306909777952062 0.0 0.0 179
0.123201696186723 1.1232016961867233 0.0 1.0 185
0.0 0.23056870288334988 0.0 0.0 188
1.0 1.250586960744585 1.0 2.0 199
1.0 0.8742999539240233 1.0 0.0 203
0.021600923712416398 1.0 0.0 1.0 204
0.7492277244357979 1.2507722755642021 1.0 1.0 207
0.0 1.0 1.0 1.0 208
0.0 0.26328593008451917 0.0 0.0 209
-0.7528238283916495 1.0 -1.0 1.0 210
0.7577299667736862 1.0 1.0 1.0 211
0.5 1.5 0.0 1.0 212
1.0 0.24811910734273956 1.0 0.0 213
1.752414810025463 1.0 2.0 1.0 214
0.24584799585944578 1.0 0.0 1.0 215
0.0 1.6346204568404867 0.0 2.0 216
0.0 1.504319439694144 0.0 2.0 217
-0.3709356927967258 1.0 -1.0 1.0 218
0.6355518151714986 1.3644481848285017 0.5 1.5 219
0.0 0.7516104376204216 0.0 0.0 220
-0.24177152234131077 1.0 -1.0 1.0 221
1.3840579046942572 1.0 2.0 1.0 222
1.0 0.6242695672462064 1.0 0.0 223
0.0 1.1234418091183824 0.0 2.0 224
0.2575083050085011 1.0 1.0 1.0 225
1.2543849760417047 1.0 2.0 1.0 226
0.0 1.126152494644115 0.0 2.0 227
0.0 1.0 0.5 1.5 228
-0.0056132534177998905 1.0 0.0 1.0 229
0.0 1.0169300540538835 0.0 1.0 230
1.0 1.0 2.0 1.0 231
1.0 0.9713151168936387 1.0 1.0 232
1.0078399382113457 1.0 1.0 1.0 233
0.0 1.1482700246067628 0.0 1.0 234
0.0 0.7417182317586015 0.0 1.0 235
0.0 1.2292777588866346 0.0 1.0 236
1.0 1.2270691542321872 1.0 1.0 237
-0.383053900561123 1.0 0.0 1.0 238
0.0 1.3676609362533358 0.0 1.0 239
1.0 0.6057322258770962 1.0 1.0 240
1.3910531936309027 1.0 1.0 1.0 241
0.0 0.5189108466258122 0.0 1.0 242
0.0 1.5020155635330843 0.0 1.0 243
1.0 1.490797544591512 1.0 1.0 244
0.0 1.6184648627927576 0.0 1.0 245
0.0 0.2458899423890167 0.0 1.0 246
-0.7502706174651661 1.0 0.0 1.0 247
0.0 1.7499488377134766 0.0 1.0 248
1.0 1.7557888621343833 1.0 1.0 249
1.0 0.25013018278807836 1.0 1.0 250
1.7593686019311683 1.0 1.0 1.0 251
0.0 1.8714424668569756 0.0 1.0 252
*** t = 87
1.0 0.7548544259816306 1.0 0.0 165
-0.978819810714018 1.0 -1.0 1.0 174
0.0 0.0065039746230927675 0.0 0.0 179
0.0 1.0 1.0 1.0 185
0.0 0.10233015336390822 0.0 0.0 188
1.0 1.3758804411168775 1.0 2.0 199
1.0 0.7485999078480465 1.0 0.0 203
0.0 1.0 0.5 1.5 204
0.8738415866536968 1.1261584133463032 1.0 1.0 207
0.12642769080040048 1.0 1.0 1.0 208
0.0 0.14050025176527234 0.0 0.0 209
-0.8782944664569244 1.0 -1.0 1.0 210
0.8840182945693006 1.0 1.0 1.0 211
0.37688197543138696 1.376881975431387 0.0 1.0 212
1.0 0.12280562523319616 1.0 0.0 213
1.8778172783630402 1.0 2.0 1.0 214
0.12015599516935338 1.0 0.0 1.0 215
0.0 1.761544548208584 0.0 2.0 216
0.0 1.63039929961768 0.0 2.0 217
-0.49458092372896767 1.0 -1.0 1.0 218
0.5140690868953315 1.485930913104669 0.5 1.5 219
0.0 0.6274156564306324 0.0 0.0 220
-0.36265728351196613 1.0 -1.0 1.0 221
1.5120772062590095 1.0 2.0 1.0 222
1.0 0.49902608966160855 1.0 0.0 223
0.0 1.2468836182367649 0.0 2.0 224
0.3862624575127516 1.0 1.0 1.0 225
1.381577464062557 1.0 2.0 1.0 226
0.0 1.25230498928823 0.0 2.0 227
0.12786029882886896 1.1278602988288688 0.5 1.5 228
0.0 1.0 1.0 1.0 229
0.0 1.0 -1.0 1.0 230
1.1251256341746916 1.0 2.0 1.0 231
1.0 1.0 1.0 2.0 232
1.0 1.0 2.0 1.0 233
0.0 1.0265943138363003 0.0 1.0 234
0.0 0.8653379370517018 0.0 1.0 235
0.0 1.100824052034407 0.0 1.0 236
1.0 1.0982473466042184 1.0 1.0 237
-0.2596646806733476 1.0 0.0 1.0 238
0.0 1.241193123504003 0.0 1.0 239
1.0 0.7268786710525155 1.0 1.0 240
1.2692638323570833 1.0 1.0 1.0 241
0.0 0.6486385582822652 0.0 1.0 242
0.0 1.3775194544163554 0.0 1.0 243
1.0 1.36349693073939 1.0 1.0 244
0.0 1.4912864837236768 0.0 1.0 245
0.0 0.36883491358352505 0.0 1.0 246
-0.6254059261977492 1.0 0.0 1.0 247
0.0 1.624923256570215 0.0 1.0 248
1.0 1.633683293201575 1.0 1.0 249
1.0 0.3751952741821175 1.0 1.0 250
1.6390529028967524 1.0 1.0 1.0 251
0.0 1.7428849337139511 0.0 1.0 252
0.0 0.12419686553574551 0.0 1.0 253
0.0 1.8766746796324822 0.0 1.0 254
1.0 1.8773787945827138 1.0 1.0 255
*** t = 88
1.0 0.6322816389724458 1.0 0.0 165
0.12559943460442566 1.0 1.0 1.0 185
1.0 1.50117392148917 1.0 2.0 199
1.0 0.6228998617720698 1.0 0.0 203
0.12229988453594792 1.122299884535948 0.5 1.5 204
0.9984554488715958 1.0015445511284042 1.0 1.0 207
0.25285538160080095 1.0 1.0 1.0 208
0.0 0.017714573446025506 0.0 0.0 209
1.0 1.0 0.5 1.5 211
0.2537639508627739 1.253763950862774 0.0 1.0 212
0.0 1.0 -1.0 1.0 215
0.0 1.8884686395766814 0.0 2.0 216
0.0 1.756479159541216 0.0 2.0 217
-0.6182261546612096 1.0 -1.0 1.0 218
0.5 1.5 0.0 1.0 219
0.0 0.5032208752408431 0.0 0.0 220
-0.48354304468262155 1.0 -1.0 1.0 221
1.640096507823762 1.0 2.0 1.0 222
1.0 0.3737826120770107 1.0 0.0 223
0.0 1.3703254273551473 0.0 2.0 224
0.5150166100170022 1.0 1.0 1.0 225
1.5087699520834095 1.0 2.0 1.0 226
0.0 1.3784574839323451 0.0 2.0 227
0.2557205976577379 1.2557205976577377 0.5 1.5 228
0.12429834332277503 1.0 1.0 1.0 229
-0.1228837432432645 1.0 -1.0 1.0 230
1.2502512683493832 1.0 2.0 1.0 231
1.0 1.1214143896117048 1.0 2.0 232
1.1240200077235818 1.0 2.0 1.0 233
0.0 1.0 1.0 1.0 234
0.0 0.9889576423448021 0.0 1.0 235
0.0 1.0 0.0 2.0 236
1.0 1.0 2.0 1.0 237
-0.13627546078557218 1.0 0.0 1.0 238
0.0 1.1147253107546702 0.0 1.0 239
1.0 0.8480251162279347 1.0 1.0 240
1.1474744710832638 1.0 1.0 1.0 241
0.0 0.7783662699387183 0.0 1.0 242
0.0 1.2530233452996264 0.0 1.0 243
1.0 1.236196316887268 1.0 1.0 244
0.0 1.364108104654596 0.0 1.0 245
0.0 0.4917798847780334 0.0 1.0 246
-0.5005412349303322 1.0 0.0 1.0 247
0.0 1.4998976754269533 0.0 1.0 248
1.0 1.5115777242687667 1.0 1.0 249
1.0 0.5002603655761567 1.0 1.0 250
1.5187372038623366 1.0 1.0 1.0 251
0.0 1.6143274005709267 0.0 1.0 252
0.0 0.24839373107149101 0.0 1.0 253
0.0 1.7533493592649645 0.0 1.0 254
1.0 1.7547575891654277 1.0 1.0 255
-0.8755772087295887 1.0 0.0 1.0 256
0.0 1.877062275950819 0.0 1.0 257
1.0 0.12023355684131934 1.0 1.0 258
1.8744484254034954 1.0 1.0 1.0 259
*** t = 89
1.0 0.5097088519632611 1.0 0.0 165
0.2511988692088513 1.0 1.0 1.0 185
1.0 1.6264674018614624 1.0 2.0 199
1.0 0.49719981569609306 1.0 0.0 203
0.24459976907189585 1.244599769071896 0.5 1.5 204
1.0 1.0 0.5 1.5 207
0.3792830724012014 1.0 1.0 1.0 208
0.8737116722043856 1.1262883277956144 0.5 1.5 211
0.13064592629416089 1.130645926294161 0.0 1.0 212
-0.1256920006900924 1.0 -1.0 1.0 215
0.0 1.882559019464752 0.0 2.0 217
-0.7418713855934514 1.0 -1.0 1.0 218
0.37851727172383287 1.3785172717238328 0.0 1.0 219
0.0 0.3790260940510539 0.0 0.0 220
-0.604428805853277 1.0 -1.0 1.0 221
1.7681158093885143 1.0 2.0 1.0 222
1.0 0.24853913449241286 1.0 0.0 223
0.0 1.4937672364735297 0.0 2.0 224
0.6437707625212528 1.0 1.0 1.0 225
1.6359624401042618 1.0 2.0 1.0 226
0.0 1.5046099785764602 0.0 2.0 227
0.38358089648660687 1.3835808964866065 0.5 1.5 228
0.24859668664555007 1.0 1.0 1.0 229
-0.245767486486529 1.0 -1.0 1.0 230
1.3753769025240747 1.0 2.0 1.0 231
1.0 1.2428287792234096 1.0 2.0 232
1.2480400154471636 1.0 2.0 1.0 233
0.12167571077046255 1.0 1.0 1.0 234
0.0 1.0 1.0 1.0 235
0.0 1.1284537068522276 0.0 2.0 236
1.1288218076279688 1.0 2.0 1.0 237
-0.012886240897796775 1.0 0.0 1.0 238
0.0 1.0 -1.0 1.0 239
1.0 0.969171561403354 1.0 1.0 240
1.0256851098094444 1.0 1.0 1.0 241
0.0 0.9080939815951713 0.0 1.0 242
0.0 1.1285272361828975 0.0 1.0 243
1.0 1.108895703035146 1.0 1.0 244
0.0 1.2369297255855152 0.0 1.0 245
0.0 0.6147248559725418 0.0 1.0 246
-0.37567654366291525 1.0 0.0 1.0 247
0.0 1.3748720942836916 0.0 1.0 248
1.0 1.3894721553359584 1.0 1.0 249
1.0 0.6253254569701959 1.0 1.0 250
1.3984215048279207 1.0 1.0 1.0 251
0.0 1.4857698674279023 0.0 1.0 252
0.0 0.37259059660723653 0.0 1.0 253
0.0 1.6300240388974467 0.0 1.0 254
1.0 1.6321363837481415 1.0 1.0 255
-0.7511544174591773 1.0 0.0 1.0 256
0.0 1.7541245519016382 0.0 1.0 257
1.0 0.24046711368263868 1.0 1.0 258
1.7488968508069909 1.0 1.0 1.0 259
0.0 0.12512304550918155 0.0 1.0 260
0.0 1.8778923223093826 0.0 1.0 261
1.0 1.8740040036588723 1.0 1.0 262
*** t = 90
1.0 0.3871360649540764 1.0 0.0 165
0.37679830381327695 1.0 1.0 1.0 185
1.0 1.751760882233755 1.0 2.0 199
1.0 0.3714997696201163 1.0 0.0 203
0.36689965360784377 1.366899653607844 0.5 1.5 204
0.8753861377821011 1.124613862217899 0.5 1.5 207
0.5057107632016019 1.0 1.0 1.0 208
0.7474233444087712 1.2525766555912288 0.5 1.5 211
0.0075279017255478475 1.007527901725548 0.0 1.0 212
-0.2513840013801848 1.0 -1.0 1.0 215
-0.8655166165256933 1.0 -1.0 1.0 218
0.25703454344766574 1.2570345434476655 0.0 1.0 219
0.0 0.2548313128612647 0.0 0.0 220
-0.7253145670239324 1.0 -1.0 1.0 221
1.8961351109532667 1.0 2.0 1.0 222
1.0 0.12329565690781502 1.0 0.0 223
0.0 1.6172090455919121 0.0 2.0 224
0.7725249150255034 1.0 1.0 1.0 225
1.7631549281251142 1.0 2.0 1.0 226
0.0 1.6307624732205752 0.0 2.0 227
0.5 1.5 0.0 1.0 228
0.37289502996832513 1.0 1.0 1.0 229
-0.3686512297297935 1.0 -1.0 1.0 230
1.5005025366987663 1.0 2.0 1.0 231
1.0 1.3642431688351144 1.0 2.0 232
1.3720600231707454 1.0 2.0 1.0 233
0.2433514215409251 1.0 1.0 1.0 234
0.12361970529310025 1.0 1.0 1.0 235
0.0 1.2569074137044551 0.0 2.0 236
1.2576436152559376 1.0 2.0 1.0 237
0.0 1.0 0.5 1.5 238
-0.1264678127493328 1.0 -1.0 1.0 239
1.0 1.0 1.0 0.0 240
1.0 1.0 1.0 2.0 241
0.0 1.0 -1.0 1.0 242
0.0 1.0040311270661686 0.0 1.0 243
1.0 1.0 0.5 1.5 244
0.0 1.1097513465164344 0.0 1.0 245
0.0 0.7376698271670501 0.0 1.0 246
-0.2508118523954983 1.0 0.0 1.0 247
0.0 1.24984651314043 0.0 1.0 248
1.0 1.26736658640315 1.0 1.0 249
1.0 0.7503905483642351 1.0 1.0 250
1.2781058057935049 1.0 1.0 1.0 251
0.0 1.3572123342848779 0.0 1.0 252
0.0 0.49678746214298203 0.0 1.0 253
0.0 1.506698718529929 0.0 1.0 254
1.0 1.5095151783308554 1.0 1.0 255
-0.626731626188766 1.0 0.0 1.0 256
0.0 1.6311868278524573 0.0 1.0 257
1.0 0.36070067052395804 1.0 1.0 258
1.6233452762104863 1.0 1.0 1.0 259
0.0 0.2502460910183631 0.0 1.0 260
0.0 1.7557846446187653 0.0 1.0 261
1.0 1.7480080073177446 1.0 1.0 262
0.0 1.8766097968945332 0.0 1.0 263
*** t = 91
1.0 0.26456327794489165 1.0 0.0 165
0.5023977384177026 1.0 1.0 1.0 185
1.0 1.8770543626060474 1.0 2.0 199
1.0 0.2457997235441396 1.0 0.0 203
0.4891995381437917 1.489199538143792 0.5 1.5 204
0.7507722755642021 1.2492277244357979 0.5 1.5 207
0.6321384540020024 1.0 1.0 1.0 208
0.6211350166131568 1.3788649833868432 0.5 1.5 211
0.0 1.0 1.0 1.0 212
-0.3770760020702772 1.0 -1.0 1.0 215
-0.9891618474579352 1.0 -1.0 1.0 218
0.1355518151714986 1.1355518151714983 0.0 1.0 219
0.0 0.13063653167147546 0.0 0.0 220
-0.8462003281945878 1.0 -1.0 1.0 221
0.0 1.7406508547102946 0.0 2.0 224
0.901279067529754 1.0 1.0 1.0 225
1.8903474161459666 1.0 2.0 1.0 226
0.0 1.7569149678646903 0.0 2.0 227
0.37213970117113104 1.3721397011711312 0.0 1.0 228
0.49719337329110014 1.0 1.0 1.0 229
-0.491534972973058 1.0 -1.0 1.0 230
1.625628170873458 1.0 2.0 1.0 231
1.0 1.4856575584468192 1.0 2.0 232
1.4960800308943272 1.0 2.0 1.0 233
0.3650271323113876 1.0 1.0 1.0 234
0.2472394105862005 1.0 1.0 1.0 235
0.0 1.3853611205566827 0.0 2.0 236
1.3864654228839064 1.0 2.0 1.0 237
0.1233892198877754 1.1233892198877755 0.5 1.5 238
-0.2529356254986656 1.0 -1.0 1.0 239
1.0 0.8788535548245807 1.0 0.0 240
1.0 1.1217893612738195 1.0 2.0 241
-0.12972771165645305 1.0 -1.0 1.0 242
0.0 1.0 0.5 1.5 243
0.8726993861478781 1.127300613852122 0.5 1.5 244
0.0 1.0 0.5 1.5 245
0.0 0.8606147983615584 0.0 1.0 246
-0.12594716112808133 1.0 0.0 1.0 247
0.0 1.1248209319971683 0.0 1.0 248
1.0 1.1452610174703417 1.0 1.0 249
1.0 0.8754556397582743 1.0 1.0 250
1.157790106759089 1.0 1.0 1.0 251
0.0 1.2286548011418534 0.0 1.0 252
0.0 0.6209843276787276 0.0 1.0 253
0.0 1.3833733981624112 0.0 1.0 254
1.0 1.3868939729135692 1.0 1.0 255
-0.5023088349183547 1.0 0.0 1.0 256
0.0 1.5082491038032764 0.0 1.0 257
1.0 0.48093422736527736 1.0 1.0 258
1.4977937016139817 1.0 1.0 1.0 259
0.0 0.37536913652754467 0.0 1.0 260
0.0 1.633676966928148 0.0 1.0 261
1.0 1.622012010976617 1.0 1.0 262
0.0 1.7532195937890664 0.0 1.0 263
0.0 0.12472003622324251 0.0 1.0 264
-0.8731354147834025 1.0 0.0 1.0 265
0.0 1.880343555338487 0.0 1.0 266
1.0 1.8697709113922836 1.0 1.0 267
1.0 0.1285751111282748 1.0 1.0 268
1.872275375042679 1.0 1.0 1.0 269
*** t = 92
1.0 0.14199049093570693 1.0 0.0 165
0.6279971730221283 1.0 1.0 1.0 185
1.0 0.12009967746816286 1.0 0.0 203
0.5 1.5 1.0 1.0 204
0.6261584133463032 1.3738415866536968 0.5 1.5 207
0.7585661448024029 1.0 1.0 1.0 208
0.5 1.5 0.0 1.0 211
0.12311802456861304 1.0 1.0 1.0 212
-0.5027680027603696 1.0 -1.0 1.0 215
0.014069086895331484 1.014069086895331 0.0 1.0 219
0.0 0.006441750481686215 0.0 0.0 220
-0.9670860893652432 1.0 -1.0 1.0 221
0.0 1.864092663828677 0.0 2.0 224
1.0 1.0 1.0 0.0 225
0.0 1.8830674625088053 0.0 2.0 227
0.2442794023422621 1.2442794023422623 0.0 1.0 228
0.6214917166138751 1.0 1.0 1.0 229
-0.6144187162163225 1.0 -1.0 1.0 230
1.7507538050481495 1.0 2.0 1.0 231
1.0 1.607071948058524 1.0 2.0 232
1.620100038617909 1.0 2.0 1.0 233
0.4867028430818502 1.0 1.0 1.0 234
0.37085911587930076 1.0 1.0 1.0 235
0.0 1.5138148274089103 0.0 2.0 236
1.5152872305118752 1.0 2.0 1.0 237
0.2467784397755508 1.246778439775551 0.5 1.5 238
-0.3794034382479984 1.0 -1.0 1.0 239
1.0 0.7577071096491614 1.0 0.0 240
1.0 1.243578722547639 1.0 2.0 241
-0.2594554233129061 1.0 -1.0 1.0 242
0.12449610911672884 1.124496109116729 0.5 1.5 243
0.7453987722957562 1.254601227704244 0.5 1.5 244
0.1271783790690807 1.1271783790690808 0.5 1.5 245
0.0 0.9835597695560667 0.0 1.0 246
-0.001082469860664348 1.0 0.0 1.0 247
0.0 1.0 0.0 2.0 248
1.0 1.0231554485375334 1.0 1.0 249
1.0 1.0 1.0 2.0 250
1.0374744077246731 1.0 1.0 1.0 251
0.0 1.100097267998829 0.0 1.0 252
0.0 0.7451811932144731 0.0 1.0 253
0.0 1.2600480777948935 0.0 1.0 254
1.0 1.264272767496283 1.0 1.0 255
-0.3778860436479433 1.0 0.0 1.0 256
0.0 1.3853113797540955 0.0 1.0 257
1.0 0.6011677842065967 1.0 1.0 258
1.3722421270174772 1.0 1.0 1.0 259
0.0 0.5004921820367262 0.0 1.0 260
0.0 1.5115692892375305 0.0 1.0 261
1.0 1.4960160146354893 1.0 1.0 262
0.0 1.6298293906835997 0.0 1.0 263
0.0 0.24944007244648503 0.0 1.0 264
-0.746270829566805 1.0 0.0 1.0 265
0.0 1.7606871106769741 0.0 1.0 266
1.0 1.7395418227845671 1.0 1.0 267
1.0 0.2571502222565496 1.0 1.0 268
1.744550750085358 1.0 1.0 1.0 269
0.0 1.87304473497161 0.0 1.0 270
*** t = 93
1.0 0.0194177039265222 1.0 0.0 165
0.753596607626554 1.0 1.0 1.0 185
0.622299884535948 1.377700115464052 1.0 1.0 204
0.5015445511284042 1.4984554488715958 0.5 1.5 207
0.8849938356028034 1.0 1.0 1.0 208
0.3737116722043856 1.3737116722043856 0.0 1.0 211
0.24623604913722608 1.0 1.0 1.0 212
-0.6284600034504619 1.0 -1.0 1.0 215
0.0 1.0 0.0 2.0 219
0.0 1.9875344729470594 0.0 2.0 224
1.0 0.8712458474957494 1.0 0.0 225
0.11641910351339313 1.1164191035133935 0.0 1.0 228
0.7457900599366502 1.0 1.0 1.0 229
-0.737302459459587 1.0 -1.0 1.0 230
1.875879439222841 1.0 2.0 1.0 231
1.0 1.7284863376702289 1.0 2.0 232
1.7441200463414908 1.0 2.0 1.0 233
0.6083785538523128 1.0 1.0 1.0 234
0.494478821172401 1.0 1.0 1.0 235
0.0 1.6422685342611378 0.0 2.0 236
1.644109038139844 1.0 2.0 1.0 237
0.3701676596633262 1.3701676596633265 0.5 1.5 238
-0.5058712509973312 1.0 -1.0 1.0 239
1.0 0.6365606644737422 1.0 0.0 240
1.0 1.3653680838214584 1.0 2.0 241
-0.3891831349693592 1.0 -1.0 1.0 242
0.24899221823345769 1.2489922182334579 0.5 1.5 243
0.6180981584436344 1.381901841556366 0.5 1.5 244
0.2543567581381614 1.2543567581381616 0.5 1.5 245
0.0 1.0 -1.0 1.0 246
0.0 1.0 0.5 1.5 247
0.0 1.1250255811432617 0.0 2.0 248
1.0 1.0 1.0 2.0 249
1.0 1.1250650913940392 1.0 2.0 250
1.0 1.0 1.0 2.0 251
0.0 1.0 0.0 0.0 252
0.0 0.8693780587502186 0.0 1.0 253
0.0 1.1367227574273757 0.0 1.0 254
1.0 1.1416515620789969 1.0 1.0 255
-0.253463252377532 1.0 0.0 1.0 256
0.0 1.2623736557049146 0.0 1.0 257
1.0 0.721401341047916 1.0 1.0 258
1.2466905524209726 1.0 1.0 1.0 259
0.0 0.6256152275459077 0.0 1.0 260
0.0 1.3894616115469132 0.0 1.0 261
1.0 1.3700200182943616 1.0 1.0 262
0.0 1.5064391875781329 0.0 1.0 263
0.0 0.37416010866972754 0.0 1.0 264
-0.6194062443502075 1.0 0.0 1.0 265
0.0 1.6410306660154612 0.0 1.0 266
1.0 1.6093127341768507 1.0 1.0 267
1.0 0.3857253333848244 1.0 1.0 268
1.6168261251280371 1.0 1.0 1.0 269
0.0 1.74608946994322 0.0 1.0 270
0.0 0.1276602768398032 0.0 1.0 271
0.0 1.8764786148842032 0.0 1.0 272
1.0 1.8742655238370256 1.0 1.0 273
*** t = 94
0.8791960422309797 1.0 1.0 1.0 185
0.744599769071896 1.255400230928104 1.0 1.0 204
0.5 1.5 0.0 1.0 207
1.0 1.0 0.0 1.0 208
0.24742334440877126 1.2474233444087712 0.0 1.0 211
0.3693540737058391 1.0 1.0 1.0 212
-0.7541520041405543 1.0 -1.0 1.0 215
0.0 1.1214827282761672 0.0 2.0 219
1.0 0.7424916949914988 1.0 0.0 225
0.0 1.0 0.5 1.5 228
0.8700884032594252 1.0 1.0 1.0 229
-0.8601862027028514 1.0 -1.0 1.0 230
1.0 1.8499007272819337 1.0 2.0 232
1.8681400540650726 1.0 2.0 1.0 233
0.7300542646227753 1.0 1.0 1.0 234
0.6180985264655012 1.0 1.0 1.0 235
0.0 1.7707222411133654 0.0 2.0 236
1.7729308457678128 1.0 2.0 1.0 237
0.4935568795511016 1.493556879551102 0.5 1.5 238
-0.632339063746664 1.0 -1.0 1.0 239
1.0 0.5154142192983229 1.0 0.0 240
1.0 1.4871574450952778 1.0 2.0 241
-0.5189108466258122 1.0 -1.0 1.0 242
0.37348832735018656 1.3734883273501868 0.5 1.5 243
0.5 1.5 1.0 1.0 244
0.3815351372072421 1.3815351372072424 0.5 1.5 245
-0.12294497119450835 1.0 -1.0 1.0 246
0.12486469126741698 1.124864691267417 0.5 1.5 247
0.0 1.2500511622865234 0.0 2.0 248
1.0 1.1221055689328083 1.0 2.0 249
1.0 1.2501301827880784 1.0 2.0 250
1.0 1.1203156990344159 1.0 2.0 251
0.0 0.8714424668569756 0.0 0.0 252
0.0 0.9935749242859641 0.0 1.0 253
0.0 1.013397437059858 0.0 1.0 254
1.0 1.0190303566617107 1.0 1.0 255
-0.12904046110712064 1.0 0.0 1.0 256
0.0 1.1394359316557336 0.0 1.0 257
1.0 0.8416348978892353 1.0 1.0 258
1.121138977824468 1.0 1.0 1.0 259
0.0 0.7507382730550892 0.0 1.0 260
0.0 1.2673539338562958 0.0 1.0 261
1.0 1.244024021953234 1.0 1.0 262
0.0 1.383048984472666 0.0 1.0 263
0.0 0.49888014489297006 0.0 1.0 264
-0.49254165913361 1.0 0.0 1.0 265
0.0 1.5213742213539483 0.0 1.0 266
1.0 1.4790836455691343 1.0 1.0 267
1.0 0.5143004445130992 1.0 1.0 268
1.4891015001707162 1.0 1.0 1.0 269
0.0 1.6191342049148298 0.0 1.0 270
0.0 0.2553205536796064 0.0 1.0 271
0.0 1.7529572297684064 0.0 1.0 272
1.0 1.7485310476740512 1.0 1.0 273
-0.8733732083757035 1.0 0.0 1.0 274
0.0 1.8741711683178384 0.0 1.0 275
1.0 0.12218322545731165 1.0 1.0 276
1.8736890211922275 1.0 1.0 1.0 277
*** t = 95
1.0 1.0 0.0 1.0 185
0.8668996536078439 1.133100346392156 1.0 1.0 204
0.375386137782101 1.375386137782101 0.0 1.0 207
0.8735723091995995 1.0 0.0 1.0 208
0.1211350166131569 1.1211350166131568 0.0 1.0 211
0.49247209827445215 1.0 1.0 1.0 212
-0.8798440048306466 1.0 -1.0 1.0 215
0.0 1.2429654565523345 0.0 2.0 219
1.0 0.6137375424872482 1.0 0.0 225
0.12786029882886896 1.1278602988288688 0.5 1.5 228
0.9943867465822002 1.0 1.0 1.0 229
-0.9830699459461159 1.0 -1.0 1.0 230
1.0 1.9713151168936385 1.0 2.0 232
1.9921600617886543 1.0 2.0 1.0 233
0.8517299753932379 1.0 1.0 1.0 234
0.7417182317586015 1.0 1.0 1.0 235
0.0 1.899175947965593 0.0 2.0 236
1.9017526533957816 1.0 2.0 1.0 237
0.5 1.5 0.0 1.0 238
-0.7588068764959969 1.0 -1.0 1.0 239
1.0 0.39426777412290365 1.0 0.0 240
1.0 1.6089468063690973 1.0 2.0 241
-0.6486385582822652 1.0 -1.0 1.0 242
0.49798443646691537 1.4979844364669157 0.5 1.5 243
0.6273006138521219 1.372699386147878 1.0 1.0 244
0.5 1.5 0.0 1.0 245
-0.2458899423890167 1.0 -1.0 1.0 246
0.24972938253483395 1.249729382534834 0.5 1.5 247
0.0 1.375076743429785 0.0 2.0 248
1.0 1.2442111378656167 1.0 2.0 249
1.0 1.3751952741821176 1.0 2.0 250
1.0 1.2406313980688317 1.0 2.0 251
0.0 0.7428849337139511 0.0 0.0 252
0.0 1.0 0.0 0.0 253
0.0 1.0 1.0 1.0 254
1.0 1.0 0.0 1.0 255
-0.004617669836709304 1.0 0.0 1.0 256
0.0 1.0164982076065527 0.0 1.0 257
1.0 0.9618684547305546 1.0 1.0 258
1.0 1.0 0.5 1.5 259
0.0 0.8758613185642707 0.0 1.0 260
0.0 1.1452462561656784 0.0 1.0 261
1.0 1.1180280256121062 1.0 1.0 262
0.0 1.2596587813671993 0.0 1.0 263
0.0 0.6236001811162126 0.0 1.0 264
-0.36567707391701243 1.0 0.0 1.0 265
0.0 1.4017177766924354 0.0 1.0 266
1.0 1.3488545569614179 1.0 1.0 267
1.0 0.642875555641374 1.0 1.0 268
1.3613768752133952 1.0 1.0 1.0 269
0.0 1.4921789398864398 0.0 1.0 270
0.0 0.38298083051940957 0.0 1.0 271
0.0 1.6294358446526096 0.0 1.0 272
1.0 1.6227965715110768 1.0 1.0 273
-0.7467464167514071 1.0 0.0 1.0 274
0.0 1.7483423366356767 0.0 1.0 275
1.0 0.2443664509146233 1.0 1.0 276
1.747378042384455 1.0 1.0 1.0 277
0.0 0.12216637955846521 0.0 1.0 278
0.0 1.8750360522550527 0.0 1.0 279
1.0 1.8744288392705077 1.0 1.0 280
*** t = 96
0.8744005653955743 1.0 0.0 1.0 185
0.9891995381437919 1.010800461856208 1.0 1.0 204
0.250772275564202 1.2507722755642021 0.0 1.0 207
0.747144618399199 1.0 0.0 1.0 208
0.0 1.0 0.0 2.0 211
0.6155901228430651 1.0 1.0 1.0 212
0.0 1.3644481848285017 0.0 2.0 219
1.0 0.48498338998299767 1.0 0.0 225
0.2557205976577379 1.2557205976577377 0.5 1.5 228
1.0 1.0 1.0 2.0 229
0.9734056861637005 1.0 1.0 1.0 234
0.8653379370517018 1.0 1.0 1.0 235
0.3766107801122246 1.3766107801122245 0.0 1.0 238
-0.8852746892453297 1.0 -1.0 1.0 239
1.0 0.2731213289474844 1.0 0.0 240
1.0 1.7307361676429167 1.0 2.0 241
-0.7783662699387183 1.0 -1.0 1.0 242
0.5 1.5 0.0 1.0 243
0.7546012277042438 1.245398772295756 1.0 1.0 244
0.3728216209309193 1.3728216209309192 0.0 1.0 245
-0.36883491358352505 1.0 -1.0 1.0 246
0.37459407380225096 1.3745940738022508 0.5 1.5 247
0.0 1.5001023245730467 0.0 2.0 248
1.0 1.366316706798425 1.0 2.0 249
1.0 1.5002603655761568 1.0 2.0 250
1.0 1.3609470971032476 1.0 2.0 251
0.0 0.6143274005709267 0.0 0.0 252
0.0 0.8758031344642545 0.0 0.0 253
0.12332532036751777 1.0 1.0 1.0 254
0.8773787945827138 1.0 0.0 1.0 255
0.0 1.0 0.0 2.0 256
0.0 1.0 0.0 0.0 257
1.0 1.0 1.0 0.0 258
0.8744484254034955 1.1255515745965046 0.5 1.5 259
0.0 1.0 -1.0 1.0 260
0.0 1.023138578475061 0.0 1.0 261
1.0 1.0 1.0 2.0 262
0.0 1.1362685782617326 0.0 1.0 263
0.0 0.7483202173394552 0.0 1.0 264
-0.23881248870041488 1.0 0.0 1.0 265
0.0 1.2820613320309224 0.0 1.0 266
1.0 1.2186254683537014 1.0 1.0 267
1.0 0.7714506667696488 1.0 1.0 268
1.2336522502560743 1.0 1.0 1.0 269
0.0 1.3652236748580497 0.0 1.0 270
0.0 0.5106411073592128 0.0 1.0 271
0.0 1.5059144595368128 0.0 1.0 272
1.0 1.4970620953481024 1.0 1.0 273
-0.6201196251271106 1.0 0.0 1.0 274
0.0 1.622513504953515 0.0 1.0 275
1.0 0.366549676371935 1.0 1.0 276
1.6210670635766824 1.0 1.0 1.0 277
0.0 0.24433275911693042 0.0 1.0 278
0.0 1.7500721045101053 0.0 1.0 279
1.0 1.7488576785410155 1.0 1.0 280
0.0 1.8744451437623573 0.0 1.0 281
*** t = 97
0.7488011307911486 1.0 0.0 1.0 185
1.0 1.0 1.0 0.0 204
0.126158413346303 1.1261584133463032 0.0 1.0 207
0.6207169275987985 1.0 0.0 1.0 208
0.0 1.1262883277956144 0.0 2.0 211
0.7387081474116781 1.0 1.0 1.0 212
0.0 1.485930913104669 0.0 2.0 219
1.0 0.35622923747874713 1.0 0.0 225
0.38358089648660687 1.3835808964866065 0.5 1.5 228
1.0 1.1242983433227751 1.0 2.0 229
1.0 1.0 2.0 1.0 234
0.9889576423448021 1.0 1.0 1.0 235
0.2532215602244492 1.253221560224449 0.0 1.0 238
1.0 0.1519748837720652 1.0 0.0 240
1.0 1.8525255289167362 1.0 2.0 241
-0.9080939815951713 1.0 -1.0 1.0 242
0.3755038908832712 1.375503890883271 0.0 1.0 243
0.8819018415563656 1.118098158443634 1.0 1.0 244
0.2456432418618386 1.2456432418618384 0.0 1.0 245
-0.4917798847780334 1.0 -1.0 1.0 246
0.4994587650696679 1.4994587650696678 0.5 1.5 247
0.0 1.6251279057163084 0.0 2.0 248
1.0 1.4884222757312333 1.0 2.0 249
1.0 1.625325456970196 1.0 2.0 250
1.0 1.4812627961376634 1.0 2.0 251
0.0 0.4857698674279023 0.0 0.0 252
0.0 0.751606268928509 0.0 0.0 253
0.24665064073503554 1.0 1.0 1.0 254
0.7547575891654277 1.0 0.0 1.0 255
0.0 1.1244227912704114 0.0 2.0 256
0.0 0.877062275950819 0.0 0.0 257
1.0 0.8797664431586807 1.0 0.0 258
0.7488968508069911 1.2511031491930091 0.5 1.5 259
-0.12512304550918155 1.0 -1.0 1.0 260
0.0 1.0 0.0 2.0 261
1.0 1.1259959963411277 1.0 2.0 262
0.0 1.0128783751562658 0.0 1.0 263
0.0 0.8730402535626978 0.0 1.0 264
-0.11194790348381733 1.0 0.0 1.0 265
0.0 1.1624048873694095 0.0 1.0 266
1.0 1.088396379745985 1.0 1.0 267
1.0 0.9000257778979236 1.0 1.0 268
1.1059276252987533 1.0 1.0 1.0 269
0.0 1.2382684098296597 0.0 1.0 270
0.0 0.6383013841990159 0.0 1.0 271
0.0 1.382393074421016 0.0 1.0 272
1.0 1.371327619185128 1.0 1.0 273
-0.49349283350281414 1.0 0.0 1.0 274
0.0 1.4966846732713535 0.0 1.0 275
1.0 0.4887329018292466 1.0 1.0 276
1.4947560847689099 1.0 1.0 1.0 277
0.0 0.36649913867539563 0.0 1.0 278
0.0 1.625108156765158 0.0 1.0 279
1.0 1.6232865178115232 1.0 1.0 280
0.0 1.7488902875247145 0.0 1.0 281
0.0 0.12637153794454264 0.0 1.0 282
-0.8743152623621234 1.0 0.0 1.0 283
0.0 1.8759027818875391 0.0 1.0 284
1.0 1.8781671810622156 1.0 1.0 285
1.0 0.12392267327496677 1.0 1.0 286
1.8749039136696655 1.0 1.0 1.0 287
*** t = 98
0.6232016961867229 1.0 0.0 1.0 185
1.0 0.877700115464052 1.0 0.0 204
0.0015445511284040148 1.0015445511284042 0.0 1.0 207
0.494289236798398 1.0 0.0 1.0 208
0.0 1.2525766555912288 0.0 2.0 211
0.8618261719802911 1.0 1.0 1.0 212
0.0 1.6074136413808362 0.0 2.0 219
1.0 0.2274750849744966 1.0 0.0 225
0.5 1.5 0.0 1.0 228
1.0 1.2485966866455502 1.0 2.0 229
1.1216757107704625 1.0 2.0 1.0 234
1.0 1.0 0.0 1.0 235
0.1298323403366738 1.1298323403366735 0.0 1.0 238
1.0 0.030828438596645955 1.0 0.0 240
1.0 1.9743148901905556 1.0 2.0 241
0.25100778176654237 1.2510077817665421 0.0 1.0 243
1.0 1.0 1.0 0.0 244
0.11846486279275792 1.1184648627927576 0.0 1.0 245
-0.6147248559725418 1.0 -1.0 1.0 246
0.5 1.5 0.0 1.0 247
0.0 1.75015348685957 0.0 2.0 248
1.0 1.6105278446640416 1.0 2.0 249
1.0 1.7503905483642352 1.0 2.0 250
1.0 1.6015784951720793 1.0 2.0 251
0.0 0.35721233428487786 0.0 0.0 252
0.0 0.6274094033927635 0.0 0.0 253
0.3699759611025533 1.0 1.0 1.0 254
0.6321363837481415 1.0 0.0 1.0 255
0.0 1.248845582540823 0.0 2.0 256
0.0 0.754124551901638 0.0 0.0 257
1.0 0.7595328863173614 1.0 0.0 258
0.6233452762104866 1.3766547237895137 0.5 1.5 259
-0.2502460910183631 1.0 -1.0 1.0 260
0.0 1.1221076776906174 0.0 2.0 261
1.0 1.2519919926822554 1.0 2.0 262
0.0 1.0 1.0 1.0 263
0.0 0.9977602897859403 0.0 1.0 264
0.0 1.0 0.5 1.5 265
0.0 1.0427484427078966 0.0 1.0 266
1.0 1.0 1.0 0.0 267
1.0 1.0 0.5 1.5 268
1.0 1.0 0.0 1.0 269
0.0 1.1113131448012696 0.0 1.0 270
0.0 0.7659616610388191 0.0 1.0 271
0.0 1.2588716893052192 0.0 1.0 272
1.0 1.2455931430221536 1.0 1.0 273
-0.3668660418785177 1.0 0.0 1.0 274
0.0 1.3708558415891918 0.0 1.0 275
1.0 0.6109161272865583 1.0 1.0 276
1.3684451059611373 1.0 1.0 1.0 277
0.0 0.48866551823386084 0.0 1.0 278
0.0 1.5001442090202106 0.0 1.0 279
1.0 1.497715357082031 1.0 1.0 280
0.0 1.6233354312870718 0.0 1.0 281
0.0 0.2527430758890853 0.0 1.0 282
-0.7486305247242468 1.0 0.0 1.0 283
0.0 1.7518055637750782 0.0 1.0 284
1.0 1.7563343621244312 1.0 1.0 285
1.0 0.24784534654993354 1.0 1.0 286
1.749807827339331 1.0 1.0 1.0 287
0.0 1.8774915217545949 0.0 1.0 288
*** t = 99
0.49760226158229726 1.0 0.0 1.0 185
1.0 0.755400230928104 1.0 0.0 204
0.0 1.0 0.5 1.5 207
0.3678615459979975 1.0 0.0 1.0 208
0.0 1.3788649833868432 0.0 2.0 211
0.9849441965489041 1.0 1.0 1.0 212
0.0 1.7288963696570034 0.0 2.0 219
1.0 0.09872093247024605 1.0 0.0 225
0.37213970117113104 1.3721397011711312 0.0 1.0 228
1.0 1.3728950299683254 1.0 2.0 229
1.243351421540925 1.0 2.0 1.0 234
0.8763802947068997 1.0 0.0 1.0 235
0.006443120448898387 1.006443120448898 0.0 1.0 238
0.12651167264981353 1.1265116726498132 0.0 1.0 243
1.0 0.8726993861478781 1.0 0.0 244
0.0 1.0 1.0 1.0 245
-0.7376698271670501 1.0 -1.0 1.0 246
0.37513530873258305 1.375135308732583 0.0 1.0 247
0.0 1.8751790680028317 0.0 2.0 248
1.0 1.73263341359685 1.0 2.0 249
1.0 1.8754556397582745 1.0 2.0 250
1.0 1.7218941942064951 1.0 2.0 251
0.0 0.22865480114185344 0.0 0.0 252
0.0 0.503212537857018 0.0 0.0 253
0.4933012814700711 1.0 1.0 1.0 254
0.5095151783308554 1.0 0.0 1.0 255
0.0 1.3732683738112343 0.0 2.0 256
0.0 0.6311868278524569 0.0 0.0 257
1.0 0.6392993294760421 1.0 0.0 258
0.5 1.5 1.0 1.0 259
-0.37536913652754467 1.0 -1.0 1.0 260
0.0 1.2442153553812347 0.0 2.0 261
1.0 1.377987989023383 1.0 2.0 262
0.12339020310546672 1.0 1.0 1.0 263
0.0 1.0 -1.0 1.0 264
0.12686458521659755 1.1268645852165975 0.5 1.5 265
0.0 1.0 0.5 1.5 266
1.0 0.8697709113922835 1.0 0.0 267
0.8714248888717252 1.1285751111282747 0.5 1.5 268
0.872275375042679 1.0 0.0 1.0 269
0.0 1.0 1.0 1.0 270
0.0 0.8936219378786223 0.0 1.0 271
0.0 1.1353503041894224 0.0 1.0 272
1.0 1.1198586668591792 1.0 1.0 273
-0.24023925025422121 1.0 0.0 1.0 274
0.0 1.2450270099070302 0.0 1.0 275
1.0 0.73309935274387 1.0 1.0 276
1.2421341271533648 1.0 1.0 1.0 277
0.0 0.610831897792326 0.0 1.0 278
0.0 1.3751802612752633 0.0 1.0 279
1.0 1.3721441963525387 1.0 1.0 280
0.0 1.497780575049429 0.0 1.0 281
0.0 0.37911461383362793 0.0 1.0 282
-0.6229457870863703 1.0 0.0 1.0 283
0.0 1.6277083456626174 0.0 1.0 284
1.0 1.6345015431866468 1.0 1.0 285
1.0 0.3717680198249003 1.0 1.0 286
1.6247117410089964 1.0 1.0 1.0 287
0.0 1.7549830435091898 0.0 1.0 288
0.0 0.12810455473419002 0.0 1.0 289
0.0 1.870239745964846 0.0 1.0 290
1.0 1.8738057503078567 1.0 1.0 291
*** t = 100
0.37200282697787157 1.0 0.0 1.0 185
1.0 0.6331003463921561 1.0 0.0 204
0.124613862217899 1.124613862217899 0.5 1.5 207
0.241433855197597 1.0 0.0 1.0 208
0.0 1.5051533111824575 0.0 2.0 211
1.0 1.0 1.0 2.0 212
0.0 1.8503790979331707 0.0 2.0 219
0.2442794023422621 1.2442794023422623 0.0 1.0 228
1.0 1.4971933732911005 1.0 2.0 229
1.3650271323113874 1.0 2.0 1.0 234
0.7527605894137994 1.0 0.0 1.0 235
0.0 1.0 0.0 0.0 238
0.0020155635330846855 1.0020155635330843 0.0 1.0 243
1.0 0.7453987722957562 1.0 0.0 244
0.1271783790690807 1.0 1.0 1.0 245
-0.8606147983615584 1.0 -1.0 1.0 246
0.2502706174651661 1.250270617465166 0.0 1.0 247
1.0 1.8547389825296583 1.0 2.0 249
1.0 1.842209893240911 1.0 2.0 251
0.0 0.10009726799882901 0.0 0.0 252
0.0 0.37901567232127253 0.0 0.0 253
0.6166266018375889 1.0 1.0 1.0 254
0.3868939729135692 1.0 0.0 1.0 255
0.0 1.4976911650816458 0.0 2.0 256
0.0 0.5082491038032759 0.0 0.0 257
1.0 0.5190657726347228 1.0 0.0 258
0.6255515745965045 1.3744484254034954 1.0 1.0 259
-0.5004921820367262 1.0 -1.0 1.0 260
0.0 1.366323033071852 0.0 2.0 261
1.0 1.5039839853645107 1.0 2.0 262
0.24678040621093345 1.0 1.0 1.0 263
-0.12472003622324251 1.0 -1.0 1.0 264
0.2537291704331951 1.253729170433195 0.5 1.5 265
0.11965644466151294 1.119656444661513 0.5 1.5 266
1.0 0.7395418227845669 1.0 0.0 267
0.7428497777434504 1.2571502222565494 0.5 1.5 268
0.7445507500853581 1.0 0.0 1.0 269
0.12695526502838994 1.0 1.0 1.0 270
0.0 1.0 1.0 1.0 271
0.0 1.0118289190736256 0.0 1.0 272
1.0 1.0 1.0 0.0 273
-0.11361245862992475 1.0 0.0 1.0 274
0.0 1.1191981782248686 0.0 1.0 275
1.0 0.8552825782011816 1.0 1.0 276
1.1158231483455923 1.0 1.0 1.0 277
0.0 0.7329982773507913 0.0 1.0 278
0.0 1.250216313530316 0.0 1.0 279
1.0 1.2465730356230464 1.0 1.0 280
0.0 1.3722257188117863 0.0 1.0 281
0.0 0.5054861517781706 0.0 1.0 282
-0.4972610494484937 1.0 0.0 1.0 283
0.0 1.5036111275501565 0.0 1.0 284
1.0 1.5126687242488623 1.0 1.0 285
1.0 0.4956906930998671 1.0 1.0 286
1.4996156546786619 1.0 1.0 1.0 287
0.0 1.6324745652637846 0.0 1.0 288
0.0 0.25620910946838005 0.0 1.0 289
0.0 1.7404794919296922 0.0 1.0 290
1.0 1.7476115006157134 1.0 1.0 291
-0.8741833217876244 1.0 0.0 1.0 292
0.0 1.882567069513244 0.0 1.0 293
1.0 0.11803028343079486 1.0 1.0 294
1.8736499735382193 1.0 1.0 1.0 295
